列車番号,,9202M,9401M,1450M,672M,672T,634M,634T,520M,760M,760T,2631M,522M,712M,712H,524M,9021M,794M,794M,794T,794T,794T,818M,818H,818H,818H,526M,320M,5102M,1452M,420M,2201M,528M,322M,422M,148M,5004M,5106M,9532M,9433M,9546M,9433M,324M,1403M,530M,207M,152M,5008M,424M,426M,5110M,2635M,1454M,1454M,326M,150M,532M,428M,1520M,2209M,1522M,3520M,5012M,5012M,430M,211M,154M,9035M,5114M,1524M,534M,328M,213M,5016M,1110M,1110H,536M,432M,1415M,156M,1456M,538M,18M,3120M,434M,9580D,217M,22M,3124M,1458M,9521M,436M,219M,1232M,158M,26M,330M,3128M,1460M,438M,540M,1530M,3424M,30M,332M,3132M,3132M,1608M,1608H,9555M,542M,1532M,221M,34M,3136M,3136M,2136M,334M,8074M,8074M,160M,9076M,9576M,9339M,2637M,1602M,1602H,544M,544M,38M,9174M,9188M,9184M,546M,3140M,3140M,440M,223M,42M,2639M,9078M,9178M,8078M,8078M,1462M,44M,2144M,548M,1534M,225M,338M,3148M,3148M,2148M,550M,550M,1536M,162M,46M,9082M,1972M,1972T,552M,229M,3526M,8084M,342M,1538M,519M,5050M,554M,9086M,9086M,9086M,442M,3152M,2082M,2082T,2062M,2062T,444M,164M,344M,346M,1540M,348M,233M,350M,1542M,54M,1464M,352M,3156M,2140M,2140T,556M,3158M,446M,235M,166M,1544M,2244M,2244T,2220M,2220H,354M,558M,237M,1234M,60M,448M,1441M,168M,560M,562M,1546M,356M,1548M,531M,358M,360M,1170M,450M,539M,1550M
列車名_列車名,,特急 犬吠初日の出1号_特急 犬吠初日の出1号,特急 犬吠初日の出1号_特急 犬吠初日の出1号,普通_普通,普通_普通,中央特快_中央特快,普通_普通,快速_快速,普通_普通,普通_普通,中央特快_中央特快,普通 むさしの号_普通 むさしの号,普通_普通,普通_普通,中央特快_中央特快,普通_普通,特急 水戸偕楽園高尾号_特急 水戸偕楽園高尾号,普通_普通,普通_普通,快速_快速,快速_快速,快速_快速,普通_普通,中央特快_中央特快,中央特快_中央特快,中央特快_中央特快,普通_普通,普通_普通,特急 かいじ2号_特急 かいじ2号,普通_普通,普通_普通,快速_快速,普通_普通,普通_普通,普通_普通,普通_普通,特急 あずさ4号_特急 あずさ4号,特急 かいじ6号_特急 かいじ6号,特急 開運成田山初詣八王子号_特急 開運成田山初詣八王子号,特急 開運成田山初詣八王子号_特急 開運成田山初詣八王子号,特急 開運成田山初詣青梅号_特急 開運成田山初詣青梅号,特急 開運成田山初詣青梅号_特急 開運成田山初詣青梅号,普通_普通,普通_普通,普通_普通,普通_普通,普通_普通,特急 あずさ8号_特急 あずさ8号,普通_普通,普通_普通,特急 かいじ10号_特急 かいじ10号,普通 むさしの号_普通 むさしの号,普通_普通,普通_普通,普通_普通,普通_普通,普通_普通,普通_普通,快速_快速,快速 みすず_快速 みすず,普通_普通,普通_普通,特急 あずさ12号_特急 あずさ12号,特急 あずさ12号_特急 あずさ12号,普通_普通,普通_普通,普通_普通,特急 ゆけむり草津・四万_特急 ゆけむり草津・四万,特急 かいじ14号_特急 かいじ14号,普通_普通,普通_普通,普通_普通,普通_普通,特急 あずさ16号_特急 あずさ16号,普通_普通,中央特快_中央特快,普通_普通,普通_普通,普通_普通,普通_普通,普通_普通,普通_普通,特急 あずさ18号_特急 あずさ18号,特急 かいじ20号_特急 かいじ20号,普通_普通,快速 リゾートビュー諏訪湖_快速 リゾートビュー諏訪湖,普通_普通,特急 あずさ22号_特急 あずさ22号,特急 かいじ24号_特急 かいじ24号,普通_普通,特急 ときめき足利イルミ_特急 ときめき足利イルミ,普通_普通,普通_普通,普通_普通,普通_普通,特急 あずさ26号_特急 あずさ26号,普通_普通,特急 かいじ28号_特急 かいじ28号,普通_普通,普通_普通,普通_普通,普通_普通,普通_普通,特急 あずさ30号_特急 あずさ30号,普通_普通,特急 かいじ32号_特急 かいじ32号,特急 かいじ32号_特急 かいじ32号,普通_普通,中央特快_中央特快,特急 開運高尾山初詣群馬号_特急 開運高尾山初詣群馬号,普通_普通,普通_普通,普通_普通,特急 あずさ34号_特急 あずさ34号,特急 かいじ36号_特急 かいじ36号,特急 かいじ36号_特急 かいじ36号,特急 富士回遊36号_特急 富士回遊36号,普通_普通,特急 あずさ74号_特急 あずさ74号,特急 あずさ74号_特急 あずさ74号,普通_普通,特急 あずさ76号_特急 あずさ76号,特急 おうめ９２号（青梅マラソン号）_特急 おうめ９２号（青梅マラソン号）,特急 おうめ９２号（青梅マラソン号）_特急 おうめ９２号（青梅マラソン号）,普通 むさしの号_普通 むさしの号,普通_普通,中央特快_中央特快,普通_普通,普通_普通,特急 あずさ38号_特急 あずさ38号,特急 富士回遊74号_特急 富士回遊74号,特急 富士回遊８８号（富士山マラソン号）_特急 富士回遊８８号（富士山マラソン号）,特急 富士回遊８４号（富士初日の出号）_特急 富士回遊８４号（富士初日の出号）,普通_普通,特急 かいじ40号_特急 かいじ40号,特急 かいじ40号_特急 かいじ40号,普通_普通,普通_普通,特急 あずさ42号_特急 あずさ42号,普通 むさしの号_普通 むさしの号,特急 あずさ78号_特急 あずさ78号,特急 富士回遊78号_特急 富士回遊78号,特急 あずさ78号_特急 あずさ78号,特急 あずさ78号_特急 あずさ78号,普通_普通,特急 あずさ44号_特急 あずさ44号,特急 富士回遊44号_特急 富士回遊44号,普通_普通,普通_普通,普通_普通,普通_普通,特急 かいじ48号_特急 かいじ48号,特急 かいじ48号_特急 かいじ48号,特急 富士回遊48号_特急 富士回遊48号,普通_普通,普通_普通,普通_普通,普通_普通,特急 あずさ46号_特急 あずさ46号,特急 あずさ82号_特急 あずさ82号,普通_普通,快速_快速,普通_普通,普通_普通,快速 みすず_快速 みすず,特急 あずさ84号_特急 あずさ84号,普通_普通,普通_普通,普通_普通,特急 あずさ50号_特急 あずさ50号,普通_普通,特急 あずさ86号_特急 あずさ86号,特急 あずさ86号_特急 あずさ86号,特急 あずさ86号_特急 あずさ86号,普通_普通,特急 かいじ52号_特急 かいじ52号,普通_普通,中央特快_中央特快,普通_普通,快速_快速,普通_普通,普通_普通,普通_普通,普通_普通,普通_普通,普通_普通,普通_普通,普通_普通,普通_普通,特急 あずさ54号_特急 あずさ54号,普通_普通,普通_普通,特急 かいじ56号_特急 かいじ56号,普通_普通,中央特快_中央特快,普通_普通,特急 かいじ58号_特急 かいじ58号,普通_普通,普通_普通,普通_普通,普通_普通,普通_普通,中央特快_中央特快,普通_普通,快速_快速,普通_普通,普通_普通,普通_普通,普通_普通,特急 あずさ60号_特急 あずさ60号,普通_普通,普通_普通,普通_普通,普通_普通,普通_普通,普通_普通,普通_普通,普通_普通,普通_普通,普通_普通,普通_普通,普通_普通,普通_普通,普通_普通,普通_普通
設備,,普通車全車指定席___,普通車全車指定席___,_,_,_,_,_,_,_,_,_,_,_,_,_,グリーン車指定席_普通車全車指定席____,_,_,_,_,_,_,_,_,_,_,_,グリーン車指定席_普通車全車指定席____,_,_,_,_,_,_,_,グリーン車指定席_普通車全車指定席____,グリーン車指定席_普通車全車指定席____,グリーン車指定席_普通車全車指定席____,グリーン車指定席_普通車全車指定席____,グリーン車指定席_普通車全車指定席____,グリーン車指定席_普通車全車指定席____,_,_,_,_,_,グリーン車指定席_普通車全車指定席____,_,_,グリーン車指定席_普通車全車指定席____,_,_,_,_,_,_,_,_,_,_,_,グリーン車指定席_普通車全車指定席____,グリーン車指定席_普通車全車指定席____,_,_,_,普通車全車指定席___,グリーン車指定席_普通車全車指定席____,_,_,_,_,グリーン車指定席_普通車全車指定席____,_,_,_,_,_,_,_,_,グリーン車指定席_普通車全車指定席____,グリーン車指定席_普通車全車指定席____,_,普通車全車指定席___,_,グリーン車指定席_普通車全車指定席____,グリーン車指定席_普通車全車指定席____,_,普通車全車指定席___,_,_,_,_,グリーン車指定席_普通車全車指定席____,_,グリーン車指定席_普通車全車指定席____,_,_,_,_,_,グリーン車指定席_普通車全車指定席____,_,グリーン車指定席_普通車全車指定席____,グリーン車指定席_普通車全車指定席____,_,_,グリーン車指定席_普通車全車指定席____,_,_,_,グリーン車指定席_普通車全車指定席____,グリーン車指定席_普通車全車指定席____,グリーン車指定席_普通車全車指定席____,普通車全車指定席___,_,グリーン車指定席_普通車全車指定席____,グリーン車指定席_普通車全車指定席____,_,グリーン車指定席_普通車全車指定席____,グリーン車指定席_普通車全車指定席____,グリーン車指定席_普通車全車指定席____,_,_,_,_,_,グリーン車指定席_普通車全車指定席____,普通車全車指定席___,普通車全車指定席___,普通車全車指定席___,_,グリーン車指定席_普通車全車指定席____,グリーン車指定席_普通車全車指定席____,_,_,グリーン車指定席_普通車全車指定席____,_,グリーン車指定席_普通車全車指定席____,普通車全車指定席___,グリーン車指定席_普通車全車指定席____,グリーン車指定席_普通車全車指定席____,_,グリーン車指定席_普通車全車指定席____,普通車全車指定席___,_,_,_,_,グリーン車指定席_普通車全車指定席____,グリーン車指定席_普通車全車指定席____,普通車全車指定席___,_,_,_,_,グリーン車指定席_普通車全車指定席____,グリーン車指定席_普通車全車指定席____,_,_,_,_,_,グリーン車指定席_普通車全車指定席____,_,_,_,グリーン車指定席_普通車全車指定席____,_,グリーン車指定席_普通車全車指定席____,グリーン車指定席_普通車全車指定席____,グリーン車指定席_普通車全車指定席____,_,グリーン車指定席_普通車全車指定席____,_,_,_,_,_,_,_,_,_,_,_,_,_,グリーン車指定席_普通車全車指定席____,_,_,グリーン車指定席_普通車全車指定席____,_,_,_,グリーン車指定席_普通車全車指定席____,_,_,_,_,_,_,_,_,_,_,_,_,グリーン車指定席_普通車全車指定席____,_,_,_,_,_,_,_,_,_,_,_,_,_,_,_
運転日,,1月1日運転__◆_1月1日運転_,1月1日運転__◆_1月1日運転_,土休日,土休日,土休日,土休日,土休日,全日,土休日,土休日,土休日,土休日,土休日,土休日,土休日,2月23～25日運転__◆_2月23～25日運転_,土休日,11月23・25・26日はこの時刻に変更__時変_11月23・25・26日はこの時刻に変更_,土休日,11月23・25・26日はこの時刻に変更__時変_11月23・25・26日はこの時刻に変更_,12月2・3・9・10・16・17・23・24・30・31日・1月6～8・13・14・20・21・27・28日・2月3・4・10～12・17・18・23～25日はこの時刻に変更__時変_12月2・3・9・10・16・17・23・24・30・31日・1月6～8・13・14・20・21・27・28日・2月3・4・10～12・17・18・23～25日はこの時刻に変更_,土休日,土休日,11月23・25・26日はこの時刻に変更__時変_11月23・25・26日はこの時刻に変更_,12月2・3・9・10・16・17・23・24・30・31日・1月6～8・13・14・20・21・27・28日・2月3・4・10～12・17・18・23～25日はこの時刻に変更__時変_12月2・3・9・10・16・17・23・24・30・31日・1月6～8・13・14・20・21・27・28日・2月3・4・10～12・17・18・23～25日はこの時刻に変更_,土休日,全日,土休日,土休日,全日,全日,土休日,全日,土休日,全日,土休日,土休日,1月7日運転__◆_1月7日運転_,1月7日運転__◆_1月7日運転_,1月6日運転__◆_1月6日運転_,1月6日運転__◆_1月6日運転_,全日,全日,土休日,全日,全日,土休日,全日,全日,土休日,土休日,土休日,11月23・25・26日はこの時刻に変更__時変_11月23・25・26日はこの時刻に変更_,全日,全日,土休日,全日,全日,全日,全日,全日,土休日,11月23・25・26日はこの時刻に変更__時変_11月23・25・26日はこの時刻に変更_,全日,全日,全日,1月27日運転__◆_1月27日運転_,土休日,全日,土休日,全日,全日,土休日,土休日,土休日,土休日,全日,全日,全日,土休日,全日,土休日,土休日,土休日,12月10日・1月14日・2月18日運転__◆_12月10日・1月14日・2月18日運転_,全日,土休日,土休日,全日,12月16・23日運転__◆_12月16・23日運転_,土休日,全日,全日,全日,土休日,全日,土休日,土休日,全日,土休日,全日,全日,土休日,全日,土休日,勝沼ぶどう郷停車は12月24日までの土曜・休日・1月6日～2月25日の土曜・休日と12月30日～1月2日__臨停_勝沼ぶどう郷停車は12月24日までの土曜・休日・1月6日～2月25日の土曜・休日と12月30日～1月2日_,土休日,土休日,1月6・7日運転__◆_1月6・7日運転_,土休日,全日,全日,土休日,土休日,勝沼ぶどう郷停車は12月24日までの土曜・休日・1月6日～2月25日の土曜・休日と12月30日～1月2日__臨停_勝沼ぶどう郷停車は12月24日までの土曜・休日・1月6日～2月25日の土曜・休日と12月30日～1月2日_,全日,全日,11月26日・12月3・10・17・24日・1月2・3・8・14・21・28日・2月12・18・25日運転__◆_11月26日・12月3・10・17・24日・1月2・3・8・14・21・28日・2月12・18・25日運転_,2月4日運転__◆_2月4日運転_,全日,11月26日・1月2・3・8日・2月12・25日運転__◆_11月26日・1月2・3・8日・2月12・25日運転_,2月18日運転__◆_2月18日運転_,2月18日運転__◆_2月18日運転_,土休日,土休日,土休日,土休日,11月26日・1月2・3・8日・2月12・25日はこの時刻に変更__時変_11月26日・1月2・3・8日・2月12・25日はこの時刻に変更_,土休日,1月2・3日運転__◆_1月2・3日運転_,11月26日運転__◆_11月26日運転_,1月1日運転__◆_1月1日運転_,土休日,土休日,勝沼ぶどう郷停車は11月26日までの土曜・休日__臨停_勝沼ぶどう郷停車は11月26日までの土曜・休日_,全日,全日,土休日,土休日,12月24日までの土曜・休日・1月6日～2月25日の土曜・休日と12月30・31日運転__◆_12月24日までの土曜・休日・1月6日～2月25日の土曜・休日と12月30・31日運転_,12月24日までの土曜・休日・1月6日～2月25日の土曜・休日と12月30・31日運転__◆_12月24日までの土曜・休日・1月6日～2月25日の土曜・休日と12月30・31日運転_,1月2～4日運転__◆_1月2～4日運転_,1月2・3日はこの時刻に変更__時変_1月2・3日はこの時刻に変更_,土休日,土休日,全日,土休日,全日,全日,土休日,土休日,勝沼ぶどう郷停車は11月26日までの土曜・休日__臨停_勝沼ぶどう郷停車は11月26日までの土曜・休日_,全日,土休日,1月2・3日はこの時刻に変更__時変_1月2・3日はこの時刻に変更_,全日,全日,土休日,1月2～4日運転__◆_1月2～4日運転_,土休日,土休日,土休日,全日,全日,11月26日・12月3・10・17・24日・1月2・3・7・8・14・21・28日・2月4・11・12・18・24・25日運転__◆_11月26日・12月3・10・17・24日・1月2・3・7・8・14・21・28日・2月4・11・12・18・24・25日運転_,土休日,全日,全日,土休日,土休日,1月7日運転__◆_1月7日運転_,11月26日・1月2～4日運転__◆_11月26日・1月2～4日運転_,11月26日・1月2・3日はこの時刻に変更__時変_11月26日・1月2・3日はこの時刻に変更_,全日,土休日,土休日,土休日,土休日,土休日,全日,全日,全日,全日,全日,全日,全日,全日,全日,土休日,全日,全日,土休日,土休日,土休日,土休日,土休日,全日,全日,全日,全日,土休日,土休日,土休日,土休日,全日,土休日,全日,全日,土休日,全日,全日,全日,土休日,土休日,全日,全日,全日,全日,全日,全日,全日,全日,全日,全日
記事,,,,,,,,,,,,,,,,,,,,,,,,,,,,,,,,,,,,,,,,,,,,,,,,,,,,,,,,,,,,,,,,,,,,,,,,,,,,,,,,,,,,,,,,,,,,,,,,,,,,,,,,,,,,,,,,,,,,,大月－新宿間は3136M〔かいじ36号〕に併結__★_大月－新宿間は3136M〔かいじ36号〕に併結_,,,,,,,,,,,,,,,,,,,,,,,,,大月－新宿間は9078M〔あずさ78号〕に併結__★_大月－新宿間は9078M〔あずさ78号〕に併結_,,,,,大月－新宿間は44M〔あずさ44号〕に併結__★_大月－新宿間は44M〔あずさ44号〕に併結_,,,,,,,大月－新宿間は3148M〔かいじ48号〕に併結__★_大月－新宿間は3148M〔かいじ48号〕に併結_,,,,,,,,,,,,,,,,,,,,,,,,,,,,,,,,,,,,,,,,,,,,,,,,,,,,,,,,,,,,,,,,,,,,,,,
前の区間,,,,,,,,,,,,,,↑,,,,,,,,,↑,,,,,,,,,↑,,,,,,,,,↑,,,↑,,↑,,,,,,,,,,,,,↑,↑,↑,,,,↑,↑,,,,,,,↑,,,,,,↑,,↑,,,,,,↑,,,,,,↑,,,,,,,,,,,,,,,,,,,,↑,,,,↑,,,,,,↑,,,,,,,,↑,↑,↑,,,,,↑,,,,↑,,,,,↑,,,↑,,,,↑,,,,,↑,,,,,↑,,,,,↑,,,,,,,,,,,,,,,,,,↑,,↑,,,,,,,,,,↑,,,,,,,,,↑,,,,↑,,,,,,,↑,,,,,↑,
始発,,___,___,___,___,___,___,___,___,___,___,___,___,河口湖_0549_河口湖_0549,___,___,___,___,___,___,___,___,河口湖_0615_河口湖_0615,___,___,___,___,___,___,___,___,駒ケ根_0512_駒ケ根_0512,___,___,___,___,___,___,___,___,青梅_0839_青梅_0839,___,___,駒ケ根_0536_駒ケ根_0536,___,飯田_0500_飯田_0500,___,___,___,___,___,___,___,___,___,___,___,___,信濃大町_0604_信濃大町_0604,飯田_0545_飯田_0545,信濃大町_0648_信濃大町_0648,___,___,___,明科_0714_明科_0714,天竜峡_0517_天竜峡_0517,___,___,___,___,___,___,天竜峡_0616_天竜峡_0616,___,___,___,___,___,伊那大島_0741_伊那大島_0741,___,河口湖_1040_河口湖_1040,___,___,___,___,___,伊那松島_1027_伊那松島_1027,___,___,___,___,___,飯田_0943_飯田_0943,___,___,___,___,___,___,___,___,___,___,___,___,___,___,___,___,___,___,___,天竜峡_1055_天竜峡_1055,___,___,___,河口湖_1503_河口湖_1503,___,___,___,___,___,河辺_1631_河辺_1631,___,___,___,___,___,___,___,河口湖_1550_河口湖_1550,河口湖_1550_河口湖_1550,河口湖_1550_河口湖_1550,___,___,___,___,駒ケ根_1350_駒ケ根_1350,___,___,___,河口湖_1625_河口湖_1625,___,___,___,___,河口湖_1651_河口湖_1651,___,___,天竜峡_1233_天竜峡_1233,___,___,___,河口湖_1736_河口湖_1736,___,___,___,___,南小谷_1500_南小谷_1500,___,___,___,___,駒ケ根_1545_駒ケ根_1545,___,___,___,___,豊橋_1042_豊橋_1042,___,___,___,___,___,___,___,___,___,___,___,___,___,___,___,___,___,飯田_1555_飯田_1555,___,信濃大町_1716_信濃大町_1716,___,___,___,___,___,___,___,___,___,天竜峡_1614_天竜峡_1614,___,___,___,___,___,___,___,___,天竜峡_1718_天竜峡_1718,___,___,___,天竜峡_1751_天竜峡_1751,___,___,___,___,___,___,豊橋_1442_豊橋_1442,___,___,___,___,豊橋_1642_豊橋_1642,___
長野_長野,発,,,,,,,,,,,,,・,,,,,,,,,・,,,,,,,,,・,,,,,,,,,・,,,・,,・,,,,,,,,,,,,,・,・,・,0631,,,・,・,,,,,,,・,,,,,,・,,・,,,,,0837,・,,,,,,・,,,,,,,1010,,,,,,,,,,,,,・,,,,・,,,,,,・,,,,,,,,・,・,・,,,,,・,,,,・,,,,,・,,,・,,,,・,,,,,・,,,,,・,,,,,・,,,,,,,,,,,,1606,,,,,,・,,・,,,,,,,,,1713,・,,,,,,,,,・,,,1817,・,,,,1906,,,・,,,,2051,・,2152
松本_松本,発,,,,,,,,,,,,,・,,,,,,,,,・,,,,,,,,,・,,,0547,0552,0630,,,,・,,,・,,・,0653,0710,0617,0640,,,,,,,,0712,0721,・,0749,0755,0810,0810,0735,・,,,,0813,,,・,0910,,,,0843,・,,・,,1010,,0939,1026,・,1110,,,,1040,・,1117,,1210,,,,1141,,1232,1256,1310,,,,,,,,1314,・,1345,,,・,,1407,1407,,1410,・,,,,,,,1450,・,・,・,,,,1417,・,1510,,1513,・,1513,1513,,1550,・,,1516,・,,,,・,,,1555,,1630,1632,,,,・,1635,1700,,1705,・,1720,,1722,1722,1722,1641,,,,,,1723,,,,1741,,・,,1813,1840,,,,,,,,1843,・,,1858,,,,,,,・,1957,2010,1935,・,,,,2034,,2109,・,,,2141,2212,・,2305
南松本_南松本,発,,,,,,,,,,,,,・,,,,,,,,,・,,,,,,,,,・,,,0550,0555,レ,,,,・,,,・,,・,0656,レ,0620,0643,,,,,,,,0716,0725,・,0753,0759,レ,レ,0738,・,,,,0816,,,・,レ,,,,0846,・,,・,,レ,,0943,レ,・,レ,,,,1044,・,1120,,レ,,,,1145,,1236,1259,レ,,,,,,,,1317,・,レ,,,・,,レ,レ,,レ,・,,,,,,,レ,・,・,・,,,,1421,・,レ,,レ,・,レ,レ,,レ,・,,1520,・,,,,・,,,1558,,レ,レ,,,,・,1638,レ,,1709,・,レ,,レ,レ,レ,1644,,,,,,1726,,,,1745,,・,,1817,レ,,,,,,,,1846,・,,1901,,,,,,,・,2000,レ,1939,・,,,,2038,,2112,・,,,2144,2215,・,2309
平田_平田,発,,,,,,,,,,,,,・,,,,,,,,,・,,,,,,,,,・,,,0553,0558,レ,,,,・,,,・,,・,0659,レ,0623,0646,,,,,,,,0719,0728,・,0755,0801,レ,レ,0741,・,,,,0819,,,・,レ,,,,0849,・,,・,,レ,,0945,レ,・,レ,,,,1047,・,1123,,レ,,,,1147,,1238,1302,レ,,,,,,,,1320,・,レ,,,・,,レ,レ,,レ,・,,,,,,,レ,・,・,・,,,,1424,・,レ,,レ,・,レ,レ,,レ,・,,1522,・,,,,・,,,1601,,レ,レ,,,,・,1641,レ,,1711,・,レ,,レ,レ,レ,1647,,,,,,1729,,,,1747,,・,,1820,レ,,,,,,,,1848,・,,1904,,,,,,,・,2003,レ,1942,・,,,,2041,,2115,・,,,2147,2217,・,2313
村井_村井,発,,,,,,,,,,,,,・,,,,,,,,,・,,,,,,,,,・,,,0556,0601,レ,,,,・,,,・,,・,0702,レ,0626,0649,,,,,,,,0722,0731,・,0758,0804,レ,レ,0744,・,,,,0822,,,・,レ,,,,0852,・,,・,,レ,,0948,レ,・,レ,,,,1049,・,1126,,レ,,,,1150,,1241,1304,レ,,,,,,,,1323,・,レ,,,・,,レ,レ,,レ,・,,,,,,,レ,・,・,・,,,,1427,・,レ,,レ,・,レ,レ,,レ,・,,1525,・,,,,・,,,1604,,レ,レ,,,,・,1644,レ,,1714,・,レ,,レ,レ,レ,1650,,,,,,1731,,,,1750,,・,,1822,レ,,,,,,,,1851,・,,1907,,,,,,,・,2006,レ,1945,・,,,,2044,,2118,・,,,2150,2220,・,2316
広丘_広丘,発,,,,,,,,,,,,,・,,,,,,,,,・,,,,,,,,,・,,,0559,0604,レ,,,,・,,,・,,・,0706,レ,0629,0652,,,,,,,,0726,0734,・,0801,0807,レ,レ,0747,・,,,,0825,,,・,レ,,,,0855,・,,・,,レ,,0951,レ,・,レ,,,,1053,・,1130,,レ,,,,1154,,1244,1307,レ,,,,,,,,1326,・,レ,,,・,,レ,レ,,レ,・,,,,,,,レ,・,・,・,,,,1430,・,レ,,レ,・,レ,レ,,レ,・,,1528,・,,,,・,,,1607,,レ,レ,,,,・,1647,レ,,1717,・,レ,,レ,レ,レ,1654,,,,,,1735,,,,1753,,・,,1826,レ,,,,,,,,1854,・,,1910,,,,,,,・,2010,レ,1948,・,,,,2047,,2121,・,,,2153,2223,・,2320
塩尻_塩尻,着,,,,,,,,,,,,,・,,,,,,,,,・,,,,,,,,,・,,,0603,0609,0638,,,,・,,,・,,・,0710,0718,0634,0656,,,,,,,,0730,0739,・,0806,0811,0819,0819,0751,・,,,,0828,,,・,0918,,,,0859,・,,・,,1018,,0956,1038,・,1118,,,,1056,・,1134,,1218,,,,1158,,1248,1311,1318,,,,,,,,1330,・,1354,,,・,,1416,1416,,1421,・,,,,,,,レ,・,・,・,,,,1434,・,1519,,1523,・,1523,1523,,1558,・,,1532,・,,,,・,,,1610,,1638,1642,,,,・,1650,1709,,1721,・,1728,,1732,1732,1732,1657,,,,,,1738,,,,1757,,・,,1829,1848,,,,,,,,1858,・,,1914,,,,,,,・,2015,2018,1953,・,,,,2051,,2125,・,,,2157,2227,・,2325
塩尻_塩尻,発,,,,,,,,,,,,,・,,,,,,,,,・,,,,,,,,,・,,,0604,0610,0638,,,,・,,,・,,・,0718,0718,0643,0700,,,,,,,,0732,0741,・,,0811,0819,0819,0757,・,0820,,,0830,,,・,0918,,,,0900,・,0934,・,,1018,,0958,1039,・,1118,,,,1103,・,,1212,1218,,,,1159,,1249,1312,1319,,,,,,,,1331,・,1356,,,・,,1416,1416,1419,1422,・,,,,,,,レ,・,・,・,,,,1435,・,1520,,1524,・,1524,1524,,1558,・,,1532,・,,,,・,,,1611,1617,1638,1642,,,,・,1651,1710,,1722,・,1729,,1734,1734,1734,1659,,,,,,1739,1742,,,1804,,・,,1830,1849,,,,,,,,1859,・,1901,1920,,,,,,,・,,2018,1957,・,2022,,,2052,,2126,・,,,2158,2228,・,2326
みどり湖_みどり湖,発,,,,,,,,,,,,,・,,,,,,,,,・,,,,,,,,,・,,,0609,||,レ,,,,・,,,・,,・,||,レ,0648,0705,,,,,,,,0736,0745,・,,0815,レ,レ,0801,・,||,,,0834,,,・,レ,,,,0904,・,||,・,,レ,,1002,レ,・,レ,,,,1107,・,,||,レ,,,,1203,,1253,1316,レ,,,,,,,,1335,・,レ,,,・,,レ,レ,||,レ,・,,,,,,,レ,・,・,・,,,,1439,・,レ,,レ,・,レ,レ,,レ,・,,1536,・,,,,・,,,1615,||,レ,レ,,,,・,1656,レ,,1726,・,レ,,レ,レ,レ,1703,,,,,,1743,||,,,1808,,・,,1834,レ,,,,,,,,1903,・,||,1924,,,,,,,・,,レ,2001,・,||,,,2057,,2130,・,,,||,2232,・,2330
小野_小野,発,,,,,,,,,,,,,・,,,,,,,,,・,,,,,,,,,・,,,||,0622,||,,,,・,,,・,,・,0731,||,||,||,,,,,,,,||,||,・,,||,||,||,||,・,0832,,,||,,,・,||,,,,||,・,0947,・,,||,,||,||,・,||,,,,||,・,,1225,||,,,,||,,||,||,||,,,,,,,,||,・,||,,,・,,||,||,1432,||,・,,,,,,,||,・,・,・,,,,||,・,||,,||,・,||,||,,||,・,,||,・,,,,・,,,||,1629,||,||,,,,・,||,||,,||,・,||,,||,||,||,||,,,,,,||,1755,,,||,,・,,||,||,,,,,,,,||,・,1913,||,,,,,,,・,,||,||,・,2034,,,||,,||,・,,,2210,||,・,||
信濃川島_信濃川島,発,,,,,,,,,,,,,・,,,,,,,,,・,,,,,,,,,・,,,||,0627,||,,,,・,,,・,,・,0735,||,||,||,,,,,,,,||,||,・,,||,||,||,||,・,0837,,,||,,,・,||,,,,||,・,0951,・,,||,,||,||,・,||,,,,||,・,,1230,||,,,,||,,||,||,||,,,,,,,,||,・,||,,,・,,||,||,1436,||,・,,,,,,,||,・,・,・,,,,||,・,||,,||,・,||,||,,||,・,,||,・,,,,・,,,||,1634,||,||,,,,・,||,||,,||,・,||,,||,||,||,||,,,,,,||,1759,,,||,,・,,||,||,,,,,,,,||,・,1918,||,,,,,,,・,,||,||,・,2039,,,||,,||,・,,,2214,||,・,||
辰野_辰野,着,,,,,,,,,,,,,・,,,,,,,,,・,,,,,,,,,0600,,,||,0631,||,,,,・,,,0632,,0711,0740,||,||,||,,,,,,,,||,||,0745,,||,||,||,||,0820,0841,,,||,,,0852,||,,,,||,0928,0956,・,,||,,||,||,1042,||,,,,||,1146,,1235,||,,,,||,,||,||,||,,,,,,,,||,1340,||,,,・,,||,||,1441,||,・,,,,,,,||,・,・,・,,,,||,1444,||,,||,・,||,||,,||,・,,||,1540,,,,・,,,||,1639,||,||,,,,1645,||,||,,||,1720,||,,||,||,||,||,,,,,,||,1805,,,||,,1819,,||,||,,,,,,,,||,1908,1922,||,,,,,,,1950,,||,||,2042,2044,,,||,,||,2125,,,2219,||,2236,||
辰野_辰野,発,,,,,,,,,,,,,・,,,,,,,,,・,,,,,,,,,0602,,,||,,||,,,,・,,,0636,,0716,,||,||,||,,,,,,0727,,||,||,0747,,||,||,||,||,0822,,,,||,,,0854,||,,,,||,0930,,・,,||,,||,||,1054,||,,,,||,1148,,,||,,,,||,,||,||,||,,,,,,,,||,1344,||,,,・,,||,||,,||,・,,,,,,,||,・,・,・,,,,||,1447,||,,||,・,||,||,,||,・,,||,1542,,,,・,,,||,,||,||,,,,1648,||,||,,||,1721,||,,||,||,||,||,,,,,,||,,,,||,,1820,,||,||,,,,,,,,||,1911,,||,,,,,,,1951,,||,||,2048,,,,||,,||,2126,,,2220,||,2243,||
川岸_川岸,発,,,,,,,,,,,,,・,,,,,,,,,・,,,,,,,,,0609,,,||,,||,,,,・,,,0644,,0723,,||,||,||,,,,,,0733,,||,||,0754,,||,||,||,||,0829,,,,||,,,0901,||,,,,||,0937,,・,,||,,||,||,1101,||,,,,||,1154,,,||,,,,||,,||,||,||,,,,,,,,||,1350,||,,,・,,||,||,,||,・,,,,,,,||,・,・,・,,,,||,1455,||,,||,・,||,||,,||,・,,||,1551,,,,・,,,||,,||,||,,,,1655,||,||,,||,1728,||,,||,||,||,||,,,,,,||,,,,||,,1827,,||,||,,,,,,,,||,1918,,||,,,,,,,1958,,||,||,2054,,,,||,,||,2133,,,2226,||,2249,||
岡谷_岡谷,着,,,,,,,,,,,,,・,,,,,,,,,・,,,,,,,,,0613,,,0615,,0645,,,,・,,,0650,,0728,,0725,0655,0711,,,,,,0738,,0742,0752,0759,,0822,0826,0826,0807,0833,,,,0840,,,0905,0925,,,,0910,0941,,・,,1025,,1009,1052,1105,1125,,,,1113,1158,,,1226,,,,1209,,1300,1323,1326,,,,,,,,1341,1355,1403,,,・,,1423,1423,,1429,・,,,,,,,レ,・,・,・,,,,1446,1500,1528,,1534,・,1534,1534,,1605,・,,1543,1555,,,,・,,,1621,,1645,1650,,,,1659,1703,1718,,1732,1733,1737,,1741,1741,1741,1709,,,,,,1749,,,,1814,,1831,,1840,1856,,,,,,,,1909,1923,,1930,,,,,,,2002,,2025,2007,2059,,,,2103,,2137,2137,,,2231,2239,2253,2337
岡谷_岡谷,発,,,,,,,,,,,,,・,,,,,,,,,・,,,,,,,,,,,,0616,,0646,,,,・,,,,,0731,,0726,0655,0712,,,,,,,,0743,0754,・,,・,0827,0827,0808,0833,,,,0843,,,・,0926,,,,0911,,,・,,1026,,1010,1053,,1126,,,,1114,1158,,,1226,,,,1210,,1300,・,1327,,,,,,,,1342,,1403,,,・,,1424,1424,,1430,・,,,,,,,レ,・,・,・,,,,1447,,1528,,1538,・,1538,1538,,1606,・,,1543,1556,,,,・,,,1622,,1646,1651,,,,,・,1721,,1733,,1737,,1742,1742,1742,1710,,,,,,1756,,,,1815,,1834,,1841,1856,,,,,,,,1913,,,1932,,,,,,,,,2026,2008,,,,,2105,,2141,,,,,2239,2254,2338
下諏訪_下諏訪,発,,,,,,,,,,,,,・,,,,,,,,,・,,,,,,,,,,,,0621,,0650,,,,・,,,,,0738,,レ,0700,0719,,,,,,,,0747,0758,・,,・,0831,0831,0814,0840,,,,0848,,,・,0930,,,,0917,,,・,,レ,,1017,1100,,レ,,,,1122,1203,,,レ,,,,1222,,1305,・,レ,,,,,,,,1356,,レ,,,・,,1428,1428,,1437,・,,,,,,,レ,・,・,・,,,,1452,,レ,,1542,・,1542,1542,,1610,・,,1548,1600,,,,・,,,1634,,レ,1658,,,,,・,1725,,1737,,1742,,1752,1752,1752,1717,,,,,,1800,,,,1820,,1838,,1848,レ,,,,,,,,1920,,,1937,,,,,,,,,レ,2012,,,,,2111,,2145,,,,,2243,2258,2343
上諏訪_上諏訪,着,,,,,,,,,,,,,・,,,,,,,,,・,,,,,,,,,,,,0626,,0653,,,,・,,,,,0742,,0732,0704,0724,,,,,,,,0752,0804,・,,・,0834,0834,0818,0845,,,,0852,,,・,0933,,,,0921,,,・,,1032,,1021,1106,,1132,,,,1126,1208,,,1233,,,,1227,,1309,・,1333,,,,,,,,1400,,1410,,,・,,1432,1432,,1441,・,,,,,,,1511,・,・,・,,,,1456,,1535,,1546,・,1546,1546,,1613,・,,1553,1605,,,,・,,,1639,,1652,1703,,,,,・,1729,,1742,,1746,,1756,1756,1756,1721,,,,,,1805,,,,1825,,1843,,1853,1903,,,,,,,,1925,,,1942,,,,,,,,,2032,2016,,,,,2115,,2149,,,,,2248,2303,2348
上諏訪_上諏訪,発,,,,,,,,,,,,,・,,,,,,,,,・,,,,,,,,0604,,,,0627,,0654,,,,・,,,,,0743,,0733,0705,0724,,,,,,,,0753,,・,,・,0835,0835,0819,,,,,,,,・,0934,,,,0922,,,・,,1033,,1022,1118,,1133,,,,1127,,,,1233,,,,1227,,1314,・,1334,,,,,,,,1401,,1411,,,・,,1433,1433,,1441,・,,,,,,,1512,・,・,・,,,,1457,,1536,,1547,・,1547,1547,,1614,・,,,1605,,,,・,,,1639,,1653,1703,,,,,・,1730,,,,1746,,1756,1756,1756,1722,,,,,,1807,,,,,,,,1853,1903,,,,,,,,1926,,,1944,,,,,,,,,2033,2017,,,,,2120,,2150,,,,,2249,,
茅野_茅野,発,,,,,,,,,,,,,・,,,,,,,,,・,,,,,,,,0611,,,,0634,,0700,,,,・,,,,,0751,,0739,0715,0731,,,,,,,,0800,,・,,・,0843,0843,0826,,,,,,,,・,0940,,,,0929,,,・,,1039,,1028,1125,,1139,,,,1144,,,,1239,,,,1245,,1320,・,1339,,,,,,,,1408,,1416,,,・,,1440,1440,,1447,・,,,,,,,1518,・,・,・,,,,1503,,1542,,1553,・,1553,1553,,1620,・,,,1612,,,,・,,,1645,,1659,1710,,,,,・,1736,,,,1752,,1802,1802,1802,1728,,,,,,1815,,,,,,,,1859,1909,,,,,,,,1932,,,1950,,,,,,,,,2039,2023,,,,,2127,,2156,,,,,2255,,
青柳_青柳,発,,,,,,,,,,,,,・,,,,,,,,,・,,,,,,,,0617,,,,0640,,レ,,,,・,,,,,＝,,レ,0721,0737,,,,,,,,0806,,・,,・,レ,レ,0833,,,,,,,,・,レ,,,,0935,,,・,,レ,,1035,レ,,レ,,,,1151,,,,レ,,,,1252,,1327,・,レ,,,,,,,,＝,,レ,,,・,,レ,レ,,レ,・,,,,,,,レ,・,・,・,,,,1510,,レ,,レ,・,レ,レ,,レ,・,,,＝,,,,・,,,1652,,レ,レ,,,,,・,レ,,,,レ,,レ,レ,レ,1734,,,,,,1822,,,,,,,,1906,レ,,,,,,,,1938,,,＝,,,,,,,,,レ,2030,,,,,＝,,2203,,,,,2301,,
すずらんの里_すずらんの里,発,,,,,,,,,,,,,・,,,,,,,,,・,,,,,,,,0620,,,,0643,,レ,,,,・,,,,,,,レ,0724,0740,,,,,,,,0809,,・,,・,レ,レ,0836,,,,,,,,・,レ,,,,0938,,,・,,レ,,1038,レ,,レ,,,,1154,,,,レ,,,,1255,,1330,・,レ,,,,,,,,,,レ,,,・,,レ,レ,,レ,・,,,,,,,レ,・,・,・,,,,1512,,レ,,レ,・,レ,レ,,レ,・,,,,,,,・,,,1654,,レ,レ,,,,,・,レ,,,,レ,,レ,レ,レ,1737,,,,,,1825,,,,,,,,1908,レ,,,,,,,,1941,,,,,,,,,,,,レ,2032,,,,,,,2205,,,,,2304,,
富士見_富士見,発,,,,,,,,,,,,,・,,,,,,,,,・,,,,,,,,0624,,,,0647,,0708,,,,・,,,,,,,レ,0731,0752,,,,,,,,0813,,・,,・,0853,0853,0839,,,,,,,,・,0948,,,,0953,,,・,,レ,,1053,1138,,レ,,,,1158,,,,レ,,,,1259,,1334,・,レ,,,,,,,,,,レ,,,・,,1449,1449,,1458,・,,,,,,,レ,・,・,・,,,,1529,,レ,,1604,・,1604,1604,,1630,・,,,,,,,・,,,1658,,レ,1720,,,,,・,1745,,,,1801,,1811,1811,1811,1749,,,,,,1828,,,,,,,,1913,レ,,,,,,,,1945,,,,,,,,,,,,レ,2036,,,,,,,2209,,,,,2308,,
信濃境_信濃境,発,,,,,,,,,,,,,・,,,,,,,,,・,,,,,,,,0628,,,,0652,,レ,,,,・,,,,,,,レ,0736,0757,,,,,,,,0817,,・,,・,レ,レ,0844,,,,,,,,・,レ,,,,0958,,,・,,レ,,1059,＝,,レ,,,,1202,,,,レ,,,,1303,,1338,・,レ,,,,,,,,,,レ,,,・,,レ,レ,,レ,・,,,,,,,レ,・,・,・,,,,1534,,レ,,レ,・,レ,レ,,レ,・,,,,,,,・,,,1703,,レ,レ,,,,,・,レ,,,,レ,,レ,レ,レ,1754,,,,,,1833,,,,,,,,＝,レ,,,,,,,,1949,,,,,,,,,,,,レ,2041,,,,,,,2214,,,,,2312,,
小淵沢_小淵沢,着,,,,,,,,,,,,,・,,,,,,,,,・,,,,,,,,0632,,,,0655,,0714,,,,・,,,,,,,レ,0740,0801,,,,,,,,0821,,・,,・,0900,0900,0848,,,,,,,,・,0954,,,,1001,,,・,,1051,,1103,,,1151,,,,1206,,,,1252,,,,1307,,1343,・,1352,,,,,,,,,,1429,,,・,,1456,1456,,1504,・,,,,,,,レ,・,・,・,,,,1537,,1557,,1611,・,1612,1612,,1636,・,,,,,,,・,,,1707,,1711,1727,,,,,・,1751,,,,1808,,1817,1817,1817,1758,,,,,,1837,,,,,,,,,1922,,,,,,,,1953,,,,,,,,,,,,2051,2044,,,,,,,2218,,,,,2316,,
小淵沢_小淵沢,発,,,,,,,,,,,,,・,,0535,,,,,,,・,,,,0602,,,,0633,,,,0656,,0715,,,,・,,,,0728,,,レ,0742,0801,,,,,,,,0821,,・,,・,0900,0900,0848,,,,,,,,・,0955,,,,1002,,,・,1028,1052,,1104,,,1152,,,,1207,,,,1252,,,,1308,,,・,1353,,,,,,,1407,,,1430,,,・,,1456,1456,,1505,・,,,,,1450,1450,レ,・,・,・,,,,1538,,1558,,1612,・,1613,1613,,1636,・,,,,,,,・,1642,1642,,,1712,1727,,,1723,,・,1751,1738,,,1808,,1817,1817,1817,1758,,,,,,1837,,,,,1858,,,,1922,,,,,,,,1954,,,,,,,,,,,,2052,2045,,,,2126,,,,,2223,,,2316,,
長坂_長坂,発,,,,,,,,,,,,,・,,0543,,,,,,,・,,,,0610,,,,0640,,,,0703,,レ,,,,・,,,,0735,,,レ,0749,0809,,,,,,,,0829,,・,,・,レ,レ,0856,,,,,,,,・,レ,,,,1010,,,・,1035,レ,,1112,,,レ,,,,1214,,,,レ,,,,1315,,,・,レ,,,,,,,1414,,,レ,,,・,,レ,レ,,レ,・,,,,,1457,1457,レ,・,・,・,,,,1545,,レ,,レ,・,レ,レ,,レ,・,,,,,,,・,1650,1650,,,レ,レ,,,1730,,・,レ,1746,,,レ,,レ,レ,レ,1806,,,,,,1845,,,,,1905,,,,レ,,,,,,,,2001,,,,,,,,,,,,レ,2052,,,,2134,,,,,2231,,,2324,,
日野春_日野春,発,,,,,,,,,,,,,・,,0548,,,,,,,・,,,,0615,,,,0646,,,,0709,,レ,,,,・,,,,0741,,,レ,0805,0814,,,,,,,,0834,,・,,・,レ,レ,0912,,,,,,,,・,レ,,,,1015,,,・,1041,レ,,1117,,,レ,,,,1220,,,,レ,,,,1321,,,・,レ,,,,,,,1420,,,レ,,,・,,レ,レ,,レ,・,,,,,1508,11月26日・1月2・3・8日・2月12・25日はこの時刻に変更__1516_11月26日・1月2・3・8日・2月12・25日はこの時刻に変更_,レ,・,・,・,,,,1551,,レ,,レ,・,レ,レ,,レ,・,,,,,,,・,1656,1656,,,レ,レ,,,1736,,・,レ,1751,,,レ,,レ,レ,レ,1821,,,,,,1850,,,,,1911,,,,レ,,,,,,,,2007,,,,,,,,,,,,レ,2106,,,,2139,,,,,2236,,,2329,,
穴山_穴山,発,,,,,,,,,,,,,・,,0553,,,,,,,・,,,,0620,,,,0651,,,,0714,,レ,,,,・,,,,0746,,,レ,0810,0819,,,,,,,,0839,,・,,・,レ,レ,0917,,,,,,,,・,レ,,,,1020,,,・,1045,レ,,1122,,,レ,,,,1224,,,,レ,,,,1326,,,・,レ,,,,,,,1424,,,レ,,,・,,レ,レ,,レ,・,,,,,1513,11月26日・1月2・3・8日・2月12・25日はこの時刻に変更__1522_11月26日・1月2・3・8日・2月12・25日はこの時刻に変更_,レ,・,・,・,,,,1556,,レ,,レ,・,レ,レ,,レ,・,,,,,,,・,1701,1701,,,レ,レ,,,1740,,・,レ,1756,,,レ,,レ,レ,レ,1826,,,,,,1855,,,,,1915,,,,レ,,,,,,,,2011,,,,,,,,,,,,レ,2111,,,,2144,,,,,2241,,,2334,,
新府_新府,発,,,,,,,,,,,,,・,,0557,,,,,,,・,,,,0624,,,,0654,,,,0717,,レ,,,,・,,,,0750,,,レ,0814,0823,,,,,,,,0843,,・,,・,レ,レ,0921,,,,,,,,・,レ,,,,1024,,,・,1049,レ,,1126,,,レ,,,,1228,,,,レ,,,,1329,,,・,レ,,,,,,,1428,,,レ,,,・,,レ,レ,,レ,・,,,,,1517,11月26日・1月2・3・8日・2月12・25日はこの時刻に変更__1525_11月26日・1月2・3・8日・2月12・25日はこの時刻に変更_,レ,・,・,・,,,,1559,,レ,,レ,・,レ,レ,,レ,・,,,,,,,・,1705,1705,,,レ,レ,,,1744,,・,レ,1800,,,レ,,レ,レ,レ,1830,,,,,,1859,,,,,1919,,,,レ,,,,,,,,2015,,,,,,,,,,,,レ,2115,,,,2148,,,,,2245,,,2338,,
韮崎_韮崎,発,,,,,,,,,,,,,・,,0601,,,,,,,・,,,,0628,0643,,,0659,,,,0722,,0731,,,,・,,0743,,0754,,,レ,0818,0827,,,,,0836,,,0847,,・,,・,0917,0917,0925,,,,,,,0947,・,1011,,,,1028,,,・,1053,レ,,1130,,,1208,,,,1232,,,,レ,,,,1334,,,・,レ,,,,,,,1432,,,1446,,,・,,1516,1516,,レ,・,,,,,1521,11月26日・1月2・3・8日・2月12・25日はこの時刻に変更__1530_11月26日・1月2・3・8日・2月12・25日はこの時刻に変更_,レ,・,・,・,,,,1604,,レ,,1628,・,1633,1月2・3日はこの時刻に変更__1635_1月2・3日はこの時刻に変更_,,1653,・,,,,,,,・,1710,1710,,,レ,1747,,,1748,,・,1809,1804,,,1825,,レ,レ,レ,1834,,,,,,1903,,,1911,,1923,,,,1939,,1947,,,,,,2019,,,,,,,,2046,,,,レ,2119,,,,2152,,,,,2249,2308,,2342,,
塩崎_塩崎,発,,,,,,,,,,,,,・,,0605,,,,,,,・,,,,0632,0647,,,0703,,,,0726,,レ,,,,・,,0747,,0758,,,レ,0822,0831,,,,,0840,,,0851,,・,,・,レ,レ,0929,,,,,,,0951,・,レ,,,,1032,,,・,1057,レ,,1134,,,レ,,,,1236,,,,レ,,,,1338,,,・,レ,,,,,,,1437,,,レ,,,・,,レ,レ,,レ,・,,,,,1525,11月26日・1月2・3・8日・2月12・25日はこの時刻に変更__1534_11月26日・1月2・3・8日・2月12・25日はこの時刻に変更_,レ,・,・,・,,,,1608,,レ,,レ,・,レ,1月2・3日はこの時刻に変更__レ_1月2・3日はこの時刻に変更_,,レ,・,,,,,,,・,1714,1714,,,レ,レ,,,1752,,・,レ,1808,,,レ,,レ,レ,レ,1838,,,,,,1907,,,1915,,1927,,,,レ,,1951,,,,,,2023,,,,,,,,2050,,,,レ,2123,,,,2156,,,,,2253,2312,,2346,,
竜王_竜王,発,,,,,,,,,,,,,・,,0609,,,,,,,・,,,,0636,0651,0658,,0707,,,,0730,,レ,0743,,,・,,0751,,0802,,,レ,0827,0835,,,,,0844,,,0855,,・,,・,レ,レ,0933,,,,,,,0955,・,レ,,,,1036,,,・,1102,レ,,1138,,,レ,,,,1241,,,,レ,,,,1342,,,・,レ,,,,,,,1441,,,レ,,,・,,レ,レ,,レ,・,,,,,1529,11月26日・1月2・3・8日・2月12・25日はこの時刻に変更__1538_11月26日・1月2・3・8日・2月12・25日はこの時刻に変更_,レ,・,・,・,,,,1612,,レ,,レ,・,レ,1月2・3日はこの時刻に変更__レ_1月2・3日はこの時刻に変更_,,レ,・,,,,,,,・,1719,1719,,,レ,レ,,,1757,,・,レ,1818,,,レ,,レ,レ,レ,1843,,,,,,1911,,,1920,,1932,,,,レ,,1955,,,,,,2028,,,,,,,,2054,,,,レ,2128,,,,2201,,,,,2257,2316,,2350,,
甲府_甲府,着,,,,,,,,,,,,,・,,0613,,,,,,,・,,,,0640,0657,0702,,0712,,,,0735,,0739,0747,,,・,,0756,,0808,,,0816,0831,0841,,,,,0850,,,0900,,・,,・,0925,0925,0938,,,,,,,1000,・,1019,,,,1041,,,・,1107,1115,,1143,,,1216,,,,1244,,,,1315,,,,1347,,,・,1415,,,,,,,1445,,,1454,,,・,,1525,1525,,1530,・,,,,,1533,11月26日・1月2・3・8日・2月12・25日はこの時刻に変更__1542_11月26日・1月2・3・8日・2月12・25日はこの時刻に変更_,1553,・,・,・,,,,1617,,1629,,1636,・,1643,1月2・3日はこの時刻に変更__1645_1月2・3日はこの時刻に変更_,,1701,・,,,,,,,・,1725,1725,,,1735,1755,,,1802,,・,1817,1824,,,1833,,1842,1842,1842,1849,,,,,,1917,,,1926,,1938,,,,1947,,2000,,,,,,2032,,,,,,,,2059,,,,2115,2133,,,,2206,,,,,2301,2321,,2354,,
甲府_甲府,発,,,,,,,,0529,,,,0552,・,,0617,,,,,,,・,,,,0643,0706,0703,,,,0721,0730,0752,,0740,0749,,,・,,0801,,0820,,,0817,0833,,0846,,,,,,0853,0912,,・,,・,0926,0926,,,,,0943,,0954,,・,1020,,,1029,,,,・,1121,1116,1132,1144,,,1217,1236,,,1245,,,,1316,1323,1332,,,1352,,・,1416,1421,1430,1430,,,,1446,,,1455,1515,1515,・,1506,1526,1526,,1531,・,,,,,1534,11月26日・1月2・3・8日・2月12・25日はこの時刻に変更__1543_11月26日・1月2・3・8日・2月12・25日はこの時刻に変更_,1554,・,・,・,1559,1611,1611,1618,,1631,,1637,・,1644,1月2・3日はこの時刻に変更__1646_1月2・3日はこの時刻に変更_,,1702,・,1653,,,1721,1748,1748,・,1729,1729,,,1736,1756,,,1806,,・,1818,1825,,,1835,1839,1843,1843,1843,1853,1902,,,,,,,1922,,,,,1940,,1948,,,2004,,,2007,2036,2040,,,,,,,,,2105,,,2116,,,,2136,2209,,2233,,,2302,,,,,
酒折_酒折,発,,,,,,,,0532,,,,0556,・,,0620,,,,,,,・,,,,0647,0710,レ,,,,0725,0734,0756,,レ,レ,,,・,,0805,,0824,,,レ,0837,,レ,,,,,,0857,0916,,・,,・,レ,レ,,,,,レ,,0958,,・,レ,,,1033,,,,・,1124,レ,レ,1147,,,レ,レ,,,1249,,,,レ,1326,レ,,,1356,,・,レ,1425,レ,レ,,,,1449,,,レ,レ,レ,・,1509,レ,レ,,レ,・,,,,,1538,11月26日・1月2・3・8日・2月12・25日はこの時刻に変更__1546_11月26日・1月2・3・8日・2月12・25日はこの時刻に変更_,レ,・,・,・,1603,レ,レ,1622,,レ,,レ,・,レ,1月2・3日はこの時刻に変更__レ_1月2・3日はこの時刻に変更_,,レ,・,1657,,,1724,レ,レ,・,1732,1732,,,レ,レ,,,1809,,・,レ,1829,,,レ,1843,レ,レ,レ,1857,レ,,,,,,,1925,,,,,1943,,レ,,,レ,,,2011,レ,2043,,,,,,,,,2108,,,レ,,,,2140,2212,,2236,,,2306,,,,,
石和温泉_石和温泉,発,,,,,,,,0536,,,,0600,・,,0624,,,,,,,・,,,,0650,0714,0709,,,,0728,0737,0800,,レ,0755,,,・,,0809,,0827,,,レ,0840,,0852,,,,,,0900,0920,,・,,・,レ,レ,,,,,0949,,1001,,・,1025,,,1037,,,,・,1128,レ,1137,1151,,,レ,1241,,,1252,,,,レ,1330,1337,,,1400,,・,レ,1428,1435,1435,,,,1453,,,レ,1520,1520,・,1513,レ,レ,,レ,・,,,,,1541,11月26日・1月2・3・8日・2月12・25日はこの時刻に変更__1550_11月26日・1月2・3・8日・2月12・25日はこの時刻に変更_,レ,・,・,・,1606,1617,1617,1626,,レ,,1644,・,1650,1月2・3日はこの時刻に変更__1652_1月2・3日はこの時刻に変更_,,1708,・,1700,,,1728,1753,1753,・,1736,1736,,,レ,レ,,,1813,,・,1824,1832,,,レ,1846,レ,レ,レ,1900,1907,,,,,,,1929,,,,,1947,,レ,,,2009,,,2015,2041,2047,,,,,,,,,2112,,,レ,,,,2143,2216,,2240,,,2309,,,,,
春日居町_春日居町,発,,,,,,,,0539,,,,0603,・,,0627,,,,,,,・,,,,0654,0717,レ,,,,0731,0741,0803,,レ,レ,,,・,,0812,,0830,,,レ,0843,,レ,,,,,,0903,0923,,・,,・,レ,レ,,,,,レ,,1004,,・,レ,,,1040,,,,・,1131,レ,レ,1154,,,レ,レ,,,1256,,,,レ,1333,レ,,,1403,,・,レ,1431,レ,レ,,,,1456,,,レ,レ,レ,・,1516,レ,レ,,レ,・,,,,,1544,11月26日・1月2・3・8日・2月12・25日はこの時刻に変更__1553_11月26日・1月2・3・8日・2月12・25日はこの時刻に変更_,レ,・,・,・,1609,レ,レ,1630,,レ,,レ,・,レ,1月2・3日はこの時刻に変更__レ_1月2・3日はこの時刻に変更_,,レ,・,1703,,,1731,レ,レ,・,1739,1739,,,レ,レ,,,1816,,・,レ,1835,,,レ,1849,レ,レ,レ,1903,レ,,,,,,,1932,,,,,1950,,レ,,,レ,,,2018,レ,2050,,,,,,,,,2115,,,レ,,,,2147,2219,,2243,,,2313,,,,,
山梨市_山梨市,発,,,,,,,,0543,,,,0606,・,,0631,,,,,,,・,,,,0657,0720,0713,,,,0735,0751,0806,,レ,0800,,,・,,0816,,0834,,,レ,0847,,0857,,,,,,0906,0926,,・,,・,レ,レ,,,,,0953,,1008,,・,1030,,,1049,,,,・,1134,レ,1142,1157,,,レ,1246,,,1259,,,,レ,1336,1342,,,1406,,・,レ,1434,1440,1440,,,,1506,,,レ,1525,1525,・,1519,レ,レ,,レ,・,,,,,1547,11月26日・1月2・3・8日・2月12・25日はこの時刻に変更__1556_11月26日・1月2・3・8日・2月12・25日はこの時刻に変更_,レ,・,・,・,1613,1621,1621,1633,,レ,,1649,・,1654,1月2・3日はこの時刻に変更__1656_1月2・3日はこの時刻に変更_,,1712,・,1706,,,1734,1758,1758,・,1748,1748,,,レ,レ,,,1819,,・,1829,1838,,,レ,1853,レ,レ,レ,1907,1912,,,,,,,1935,,,,,1959,,レ,,,2014,,,2021,2046,2053,,,,,,,,,2118,,,レ,,,,2150,2222,,2247,,,2316,,,,,
東山梨_東山梨,発,,,,,,,,0546,,,,0609,・,,0633,,,,,,,・,,,,0700,0723,レ,,,,0737,0755,0809,,レ,レ,,,・,,0819,,0836,,,レ,0849,,レ,,,,,,0909,0929,,・,,・,レ,レ,,,,,レ,,1010,,・,レ,,,1053,,,,・,1137,レ,レ,1200,,,レ,レ,,,1302,,,,レ,1339,レ,,,1409,,・,レ,1437,レ,レ,,,,1510,,,レ,レ,レ,・,1522,レ,レ,,レ,・,,,,,1550,11月26日・1月2・3・8日・2月12・25日はこの時刻に変更__1559_11月26日・1月2・3・8日・2月12・25日はこの時刻に変更_,レ,・,・,・,1615,レ,レ,1636,,レ,,レ,・,レ,1月2・3日はこの時刻に変更__レ_1月2・3日はこの時刻に変更_,,レ,・,1709,,,1737,レ,レ,・,1752,1752,,,レ,レ,,,1822,,・,レ,1841,,,レ,1856,レ,レ,レ,1909,レ,,,,,,,1938,,,,,2002,,レ,,,レ,,,2024,レ,2056,,,,,,,,,2121,,,レ,,,,2153,2225,,2250,,,2319,,,,,
塩山_塩山,発,,,,,,,,0549,,,,0613,・,,0637,,,,,,,・,,,,0704,0727,0718,,,,0741,0758,0813,,レ,0805,,,・,,0823,,0840,,,レ,0854,,0902,,,,,,0913,0943,,・,,・,レ,レ,,,,,0958,,1014,,・,1034,,,1057,,,,・,1149,レ,1146,1204,,,レ,1250,,,1306,,,,レ,1343,1346,,,1413,,・,レ,1441,1444,1444,,,,1514,,,レ,1529,1529,・,1525,レ,レ,,レ,・,,,,,1554,11月26日・1月2・3・8日・2月12・25日はこの時刻に変更__1608_11月26日・1月2・3・8日・2月12・25日はこの時刻に変更_,レ,・,・,・,1619,1626,1626,1640,,レ,,1654,・,1659,1月2・3日はこの時刻に変更__1701_1月2・3日はこの時刻に変更_,,1717,・,1720,,,1741,1802,1802,・,1755,1755,,,レ,レ,,,1826,,・,1833,1845,,,レ,1900,レ,レ,レ,1920,1917,,,,,,,1941,,,,,2006,,レ,,,2019,,,2028,2050,2100,,,,,,,,,2130,,,レ,,,,2157,2228,,2253,,,2322,,,,,
勝沼ぶどう郷_勝沼ぶどう郷,発,,,,,,,,0554,,,,0617,・,,0642,,,,,,,・,,,,0708,＝,レ,,,,0745,＝,0817,,レ,レ,,,・,,＝,,0844,,,レ,＝,,レ,,,,,,0917,0948,,・,,・,レ,レ,,,,,レ,,1018,,・,レ,,,1101,,,,・,1154,レ,レ,1208,,,レ,レ,,,1310,,,,レ,＝,レ,,,1417,,・,レ,＝,レ,勝沼ぶどう郷停車は12月24日までの土曜・休日・1月6日～2月25日の土曜・休日と12月30日～1月2日__1448_勝沼ぶどう郷停車は12月24日までの土曜・休日・1月6日～2月25日の土曜・休日と12月30日～1月2日_,,,,1518,,,レ,レ,勝沼ぶどう郷停車は12月24日までの土曜・休日・1月6日～2月25日の土曜・休日と12月30日～1月2日__1533_勝沼ぶどう郷停車は12月24日までの土曜・休日・1月6日～2月25日の土曜・休日と12月30日～1月2日_,・,＝,レ,レ,,レ,・,,,,,1558,11月26日・1月2・3・8日・2月12・25日はこの時刻に変更__1612_11月26日・1月2・3・8日・2月12・25日はこの時刻に変更_,レ,・,・,・,1623,レ,勝沼ぶどう郷停車は11月26日までの土曜・休日__1630_勝沼ぶどう郷停車は11月26日までの土曜・休日_,＝,,レ,,レ,・,レ,1月2・3日はこの時刻に変更__レ_1月2・3日はこの時刻に変更_,,レ,・,1725,,,＝,レ,勝沼ぶどう郷停車は11月26日までの土曜・休日__1806_勝沼ぶどう郷停車は11月26日までの土曜・休日_,・,1800,1800,,,レ,レ,,,1830,,・,レ,＝,,,レ,1904,レ,レ,レ,1925,レ,,,,,,,＝,,,,,2010,,レ,,,レ,,,2032,レ,2104,,,,,,,,,2135,,,レ,,,,2201,2233,,2258,,,＝,,,,,
甲斐大和_甲斐大和,発,,,,,,,,0600,,,,0623,・,,0647,,,,,,,・,,,,0714,,レ,,,,0800,,0823,,レ,レ,,,・,,,,0850,,,レ,,,レ,,,,,,0923,0954,,・,,・,レ,レ,,,,,レ,,1024,,・,レ,,,1107,,,,・,1200,レ,レ,1214,,,レ,レ,,,1316,,,,レ,,レ,,,1423,,・,レ,,レ,レ,,,,1524,,,レ,レ,レ,・,,レ,レ,,レ,・,,,,,1604,11月26日・1月2・3・8日・2月12・25日はこの時刻に変更__1618_11月26日・1月2・3・8日・2月12・25日はこの時刻に変更_,レ,・,・,・,1642,レ,レ,,,レ,,レ,・,レ,1月2・3日はこの時刻に変更__レ_1月2・3日はこの時刻に変更_,,レ,・,1735,,,,レ,レ,・,1817,1月2・3日はこの時刻に変更__1820_1月2・3日はこの時刻に変更_,,,レ,レ,,,1843,,・,レ,,,,レ,1910,レ,レ,レ,1931,レ,,,,,,,,,,,,2016,,レ,,,レ,,,2038,レ,2110,,,,,,,,,2141,,,レ,,,,2207,2238,,2304,,,,,,,,
笹子_笹子,発,,,,,,,,0605,,,,0628,・,,0653,,,,,,,・,,,,0719,,レ,,,,0805,,0828,,レ,レ,,,・,,,,0855,,,レ,,,レ,,,,,,0928,0959,,・,,・,レ,レ,,,,,レ,,1029,,・,レ,,,1112,,,,・,1205,レ,レ,1219,,,レ,レ,,,1321,,,,レ,,レ,,,1428,,・,レ,,レ,レ,,,,1529,,,レ,レ,レ,・,,レ,レ,,レ,・,,,,,1609,11月26日・1月2・3・8日・2月12・25日はこの時刻に変更__1623_11月26日・1月2・3・8日・2月12・25日はこの時刻に変更_,レ,・,・,・,1647,レ,レ,,,レ,,レ,・,レ,1月2・3日はこの時刻に変更__レ_1月2・3日はこの時刻に変更_,,レ,・,1741,,,,レ,レ,・,1823,1月2・3日はこの時刻に変更__1827_1月2・3日はこの時刻に変更_,,,レ,レ,,,1849,,・,レ,,,,レ,1915,レ,レ,レ,1936,レ,,,,,,,,,,,,2021,,レ,,,レ,,,2043,レ,2115,,,,,,,,,2146,,,レ,,,,2212,2244,,2309,,,,,,,,
初狩_初狩,発,,,,,,,,0611,,,,0635,・,,0659,,,,,,,・,,,,0725,,レ,,,,0812,,0834,,レ,レ,,,・,,,,0902,,,レ,,,レ,,,,,,0934,1006,,・,,・,レ,レ,,,,,レ,,1036,,・,レ,,,1118,,,,・,1211,レ,レ,1225,,,レ,レ,,,1327,,,,レ,,レ,,,1434,,・,レ,,レ,レ,,,,1535,,,レ,レ,レ,・,,レ,レ,,レ,・,,,,,1615,11月26日・1月2・3・8日・2月12・25日はこの時刻に変更__1629_11月26日・1月2・3・8日・2月12・25日はこの時刻に変更_,レ,・,・,・,1654,レ,レ,,,レ,,レ,・,レ,1月2・3日はこの時刻に変更__レ_1月2・3日はこの時刻に変更_,,レ,・,1748,,,,レ,レ,・,1829,1月2・3日はこの時刻に変更__1833_1月2・3日はこの時刻に変更_,,,レ,レ,,,1855,,・,レ,,,,レ,1921,レ,レ,レ,1942,レ,,,,,,,,,,,,2028,,レ,,,レ,,,2050,レ,2121,,,,,,,,,2152,,,レ,,,,2218,2250,,2315,,,,,,,,
大月_大月,着,,,,,,,,0617,,,,0640,・,,0705,,,,,,,・,,,,0732,,0736,,,,0817,,0840,,レ,0824,,,・,,,,0907,,,レ,,,0920,,,,,,0940,1012,,・,,・,レ,レ,,,,,1016,,1041,,・,1052,,,1124,,,,1141,1217,レ,1205,1231,,,レ,1308,,,1333,,,,レ,,1405,,,1440,,・,レ,,1505,1505,,,,1541,,,レ,1554,1554,1548,,1601,1601,,1607,・,,,,,1621,11月26日・1月2・3・8日・2月12・25日はこの時刻に変更__1634_11月26日・1月2・3・8日・2月12・25日はこの時刻に変更_,レ,1648,1648,1648,1700,1646,1646,,,レ,,1720,1710,1720,1月2・3日はこの時刻に変更__1720_1月2・3日はこの時刻に変更_,,1742,1735,1754,,,,1827,1827,1821,1834,1月2・3日はこの時刻に変更__1839_1月2・3日はこの時刻に変更_,,,レ,1834,,,1900,,・,1853,,,,1907,1927,レ,レ,レ,1948,1935,,,,,,,,,,,,2034,,レ,,,2037,,,2055,2108,2127,,,,,,,,,2158,,,レ,,,,2224,2255,,2321,,,,,,,,
大月_大月,発,,,0502,0537,,0600,,0617,0626,,,0641,0654,,0707,,0714,11月23・25・26日はこの時刻に変更__0714_11月23・25・26日はこの時刻に変更_,,,,0723,,,,0741,,0736,0758,,,0818,,0848,,レ,0825,,,・,,,,0908,,,レ,,,0921,,0926,11月23・25・26日はこの時刻に変更__0926_11月23・25・26日はこの時刻に変更_,,,0943,1019,,・,,・,レ,レ,,,,,1016,,1042,,・,1053,1102,,1128,,,,1147,1217,レ,1206,1235,,,レ,1309,1315,,1333,,,,レ,,1406,1415,,1447,,・,レ,,1506,1506,1527,,,1543,,,レ,1557,1557,┘,,1602,1602,,1608,・,,,1612,,1633,11月26日・1月2・3・8日・2月12・25日はこの時刻に変更__1635_11月26日・1月2・3・8日・2月12・25日はこの時刻に変更_,レ,1651,1651,1651,1706,1647,1647,,,レ,,1723,┘,1721,1月2・3日はこの時刻に変更__1721_1月2・3日はこの時刻に変更_,1729,1745,┘,1755,,,,1830,1830,┘,1835,1月2・3日はこの時刻に変更__1839_1月2・3日はこの時刻に変更_,,,レ,1835,1848,,1901,,・,1854,,,,1908,1927,レ,レ,レ,,1936,1944,,1954,,,,,,,,,,,レ,2018,,2038,2050,,2056,2109,,,,,2131,,2147,,,2158,,,レ,,,,2224,2256,,,,,,,,,,
猿橋_猿橋,発,,,0505,0541,,0603,,0620,0630,,,0644,0657,,0710,,0718,11月23・25・26日はこの時刻に変更__0718_11月23・25・26日はこの時刻に変更_,,,,0726,,,,0745,,レ,0802,,,0821,,0851,,レ,レ,,,・,,,,0911,,,レ,,,レ,,0929,11月23・25・26日はこの時刻に変更__0929_11月23・25・26日はこの時刻に変更_,,,0946,1023,,・,,・,レ,レ,,,,,レ,,1045,,・,レ,1105,,1131,,,,1151,1220,レ,レ,1238,,,レ,レ,1318,,1337,,,,レ,,レ,1419,,1451,,・,レ,,レ,レ,1531,,,1546,,,レ,レ,レ,,,レ,レ,,レ,・,,,1616,,1636,11月26日・1月2・3・8日・2月12・25日はこの時刻に変更__1638_11月26日・1月2・3・8日・2月12・25日はこの時刻に変更_,レ,レ,レ,レ,1709,レ,レ,,,レ,,レ,,レ,1月2・3日はこの時刻に変更__レ_1月2・3日はこの時刻に変更_,1733,レ,,1758,,,,レ,レ,,1838,1月2・3日はこの時刻に変更__1842_1月2・3日はこの時刻に変更_,,,レ,レ,1851,,1904,,・,レ,,,,レ,1930,レ,レ,レ,,レ,1948,,1958,,,,,,,,,,,レ,2022,,レ,2054,,2059,レ,,,,,2135,,2152,,,2201,,,レ,,,,2228,2259,,,,,,,,,,
鳥沢_鳥沢,発,,,0509,0545,,0607,,0624,0633,,,0648,0701,,0714,,0722,11月23・25・26日はこの時刻に変更__0722_11月23・25・26日はこの時刻に変更_,,,,0730,,,,0748,,レ,0805,,,0825,,0855,,レ,レ,,,・,,,,0915,,,レ,,,レ,,0933,11月23・25・26日はこの時刻に変更__0933_11月23・25・26日はこの時刻に変更_,,,0950,1027,,・,,・,レ,レ,,,,,レ,,1049,,・,レ,1109,,1135,,,,1154,1224,レ,レ,1242,,,レ,レ,1322,,1340,,,,レ,,レ,1422,,1455,,・,レ,,レ,レ,1534,,,1550,,,レ,レ,レ,,,レ,レ,,レ,・,,,1619,,1640,11月26日・1月2・3・8日・2月12・25日はこの時刻に変更__1641_11月26日・1月2・3・8日・2月12・25日はこの時刻に変更_,レ,レ,レ,レ,1713,レ,レ,,,レ,,レ,,レ,1月2・3日はこの時刻に変更__レ_1月2・3日はこの時刻に変更_,1736,レ,,1802,,,,レ,レ,,1842,1月2・3日はこの時刻に変更__1846_1月2・3日はこの時刻に変更_,,,レ,レ,1855,,1908,,・,レ,,,,レ,1934,レ,レ,レ,,レ,1951,,2001,,,,,,,,,,,レ,2025,,レ,2058,,2103,レ,,,,,2139,,2155,,,2205,,,レ,,,,2231,2303,,,,,,,,,,
梁川_梁川,発,,,0512,0548,,0610,,0628,0637,,,0651,0704,,0717,,0726,11月23・25・26日はこの時刻に変更__0726_11月23・25・26日はこの時刻に変更_,,,,0733,,,,0752,,レ,0809,,,0828,,0858,,レ,レ,,,・,,,,0918,,,レ,,,レ,,0937,11月23・25・26日はこの時刻に変更__0937_11月23・25・26日はこの時刻に変更_,,,0954,1030,,・,,・,レ,レ,,,,,レ,,1052,,・,レ,1112,,1138,,,,1158,1228,レ,レ,1245,,,レ,レ,1325,,1344,,,,レ,,レ,1426,,1459,,・,レ,,レ,レ,1538,,,1553,,,レ,レ,レ,,,レ,レ,,レ,・,,,1623,,1643,11月26日・1月2・3・8日・2月12・25日はこの時刻に変更__1644_11月26日・1月2・3・8日・2月12・25日はこの時刻に変更_,レ,レ,レ,レ,1717,レ,レ,,,レ,,レ,,レ,1月2・3日はこの時刻に変更__レ_1月2・3日はこの時刻に変更_,1740,レ,,1805,,,,レ,レ,,1845,1月2・3日はこの時刻に変更__1849_1月2・3日はこの時刻に変更_,,,レ,レ,1858,,1911,,・,レ,,,,レ,1938,レ,レ,レ,,レ,1955,,2005,,,,,,,,,,,レ,2029,,レ,2101,,2106,レ,,,,,2142,,2159,,,2209,,,レ,,,,2235,2306,,,,,,,,,,
四方津_四方津,発,,,0517,0552,,0614,,0632,0641,,,0655,0708,,0721,,0730,11月23・25・26日はこの時刻に変更__0730_11月23・25・26日はこの時刻に変更_,,,,0737,,,,0756,,レ,0818,,,0838,,0902,,レ,レ,,,・,,,,0922,,,レ,,,レ,,0941,11月23・25・26日はこの時刻に変更__0941_11月23・25・26日はこの時刻に変更_,,,1004,1034,,・,,・,レ,レ,,,,,レ,,1105,,・,レ,1122,,1142,,,,1202,1232,レ,レ,1255,,,レ,レ,1329,,1354,,,,レ,,レ,1430,,1503,,・,レ,,レ,レ,1542,,,1557,,,レ,レ,レ,,,レ,レ,,レ,・,,,1635,,1647,11月26日・1月2・3・8日・2月12・25日はこの時刻に変更__1648_11月26日・1月2・3・8日・2月12・25日はこの時刻に変更_,レ,レ,レ,レ,1721,レ,レ,,,レ,,レ,,レ,1月2・3日はこの時刻に変更__レ_1月2・3日はこの時刻に変更_,1744,レ,,1815,,,,レ,レ,,1849,1月2・3日はこの時刻に変更__1853_1月2・3日はこの時刻に変更_,,,レ,レ,1908,,1923,,・,レ,,,,レ,1947,レ,レ,レ,,レ,1959,,2009,,,,,,,,,,,レ,2033,,レ,2105,,2110,レ,,,,,2146,,2203,,,2213,,,レ,,,,2239,2311,,,,,,,,,,
上野原_上野原,発,,,0521,0556,,0619,,0636,0645,,,0700,0713,,0726,,0735,11月23・25・26日はこの時刻に変更__0735_11月23・25・26日はこの時刻に変更_,,,,0741,,,,0800,,レ,0823,,,0842,,0907,,レ,レ,,,・,,,,0926,,,レ,,,レ,,0945,11月23・25・26日はこの時刻に変更__0945_11月23・25・26日はこの時刻に変更_,,,1009,1038,,・,,・,レ,レ,,,,,レ,,1109,,・,レ,1127,,1146,,,,1206,1236,レ,レ,1300,,,レ,レ,1334,,1359,,,,レ,,レ,1434,,1507,,・,レ,,レ,レ,1546,,,1601,,,レ,レ,レ,,,レ,レ,,レ,・,,,1640,,1652,11月26日・1月2・3・8日・2月12・25日はこの時刻に変更__1652_11月26日・1月2・3・8日・2月12・25日はこの時刻に変更_,レ,レ,レ,レ,1725,レ,レ,,,レ,,レ,,レ,1月2・3日はこの時刻に変更__レ_1月2・3日はこの時刻に変更_,1748,レ,,1821,,,,レ,レ,,1854,1月2・3日はこの時刻に変更__1857_1月2・3日はこの時刻に変更_,,,レ,レ,1912,,1927,,・,レ,,,,レ,1952,レ,レ,レ,,レ,2004,,2013,,,,,,,,,,,レ,2037,,レ,2109,,2114,レ,,,,,2150,,2207,,,2217,,,レ,,,,2243,2315,,,,,,,,,,
藤野_藤野,発,,,0525,0601,,0623,,0640,0649,,,0704,0717,,0730,,0740,11月23・25・26日はこの時刻に変更__0740_11月23・25・26日はこの時刻に変更_,,,,0746,,,,0804,,レ,0827,,,0846,,0911,,レ,レ,,,・,,,,0931,,,レ,,,レ,,0949,11月23・25・26日はこの時刻に変更__0949_11月23・25・26日はこの時刻に変更_,,,1013,1043,,・,,・,レ,レ,,,,,レ,,1113,,・,レ,1131,,1151,,,,1210,1240,レ,レ,1304,,,レ,レ,1338,,1403,,,,レ,,レ,1438,,1511,,・,レ,,レ,レ,1550,,,1606,,,レ,レ,レ,,,レ,レ,,レ,・,,,1644,,1656,1656,レ,レ,レ,レ,1729,レ,レ,,,レ,,レ,,レ,1月2・3日はこの時刻に変更__レ_1月2・3日はこの時刻に変更_,1752,レ,,1826,,,,レ,レ,,1858,1月2・3日はこの時刻に変更__1901_1月2・3日はこの時刻に変更_,,,レ,レ,1916,,1931,,・,レ,,,,レ,1956,レ,レ,レ,,レ,2008,,2017,,,,,,,,,,,レ,2041,,レ,2114,,2119,レ,,,,,2155,,2212,,,2221,,,レ,,,,2248,2319,,,,,,,,,,
相模湖_相模湖,発,,,0529,0604,┐,0627,┐,0644,0653,┐,,0708,0721,┐,0734,,0744,11月23・25・26日はこの時刻に変更__0744_11月23・25・26日はこの時刻に変更_,┐,┐,┐,0756,┐,┐,┐,0808,,レ,0831,,,0850,,0915,,レ,レ,,,・,,,,0940,,,レ,,,レ,,0953,11月23・25・26日はこの時刻に変更__0953_11月23・25・26日はこの時刻に変更_,,,1017,1046,,・,,・,レ,レ,,,,,レ,,1117,,・,レ,1135,┐,1154,,,,1214,1244,レ,レ,1308,,,レ,レ,1342,,1407,,,,レ,,レ,1442,,1515,,・,レ,,レ,レ,1554,┐,,1622,,,レ,レ,レ,,,レ,レ,,レ,・,,,1648,┐,1704,1704,レ,レ,レ,レ,1733,レ,レ,,,レ,,レ,,レ,1月2・3日はこの時刻に変更__レ_1月2・3日はこの時刻に変更_,1803,レ,,1831,,,,レ,レ,,1902,1月2・3日はこの時刻に変更__1904_1月2・3日はこの時刻に変更_,,,レ,レ,1920,┐,1935,,・,レ,,,,レ,2000,レ,レ,レ,,レ,2012,┐,2021,┐,,,,,,,,,,レ,2045,,レ,2117,┐,2128,レ,,,,,2203,┐,2216,┐,,2225,,,レ,,,,2251,2323,,,,,,,,,,
高尾_高尾,発,0130,,0538,0613,0614,0636,0636,0653,0702,0703,,0716,0730,0731,0744,0745,0754,0754,0756,11月23・25・26日はこの時刻に変更__0756_11月23・25・26日はこの時刻に変更_,12月2・3・9・10・16・17・23・24・30・31日・1月6～8・13・14・20・21・27・28日・2月3・4・10～12・17・18・23～25日はこの時刻に変更__0756_12月2・3・9・10・16・17・23・24・30・31日・1月6～8・13・14・20・21・27・28日・2月3・4・10～12・17・18・23～25日はこの時刻に変更_,0805,0806,11月23・25・26日はこの時刻に変更__0806_11月23・25・26日はこの時刻に変更_,12月2・3・9・10・16・17・23・24・30・31日・1月6～8・13・14・20・21・27・28日・2月3・4・10～12・17・18・23～25日はこの時刻に変更__0806_12月2・3・9・10・16・17・23・24・30・31日・1月6～8・13・14・20・21・27・28日・2月3・4・10～12・17・18・23～25日はこの時刻に変更_,0817,,レ,0840,,,0859,,0924,,レ,レ,0852,,・,,,,0950,,,レ,,,レ,,1002,1002,,,1026,1056,,・,,・,レ,レ,,,,,レ,,1126,,・,レ,1144,1144,1203,,,,1223,1253,レ,レ,1317,,,レ,レ,1351,,1416,,,,レ,,レ,1451,,1525,,・,レ,,レ,レ,1603,1604,1623,1632,,,レ,レ,レ,,,レ,レ,,レ,・,,,1656,1657,1714,1714,レ,レ,レ,レ,1742,レ,レ,,,レ,,レ,,レ,1月2・3日はこの時刻に変更__レ_1月2・3日はこの時刻に変更_,1812,レ,,1841,,,,レ,レ,,1910,1910,,,レ,レ,1929,1933,1944,,・,レ,,,,レ,2008,レ,レ,レ,,レ,2021,2022,2030,2032,,,,,,,,,,レ,2054,,レ,2127,2133,2137,レ,,,,,2213,2214,2225,2228,,2234,,,レ,,,,2300,2332,,,,,,,,,,
西八王子_西八王子,発,レ,,＝,＝,0618,＝,0639,＝,＝,0706,,＝,＝,0735,＝,レ,＝,＝,0800,11月23・25・26日はこの時刻に変更__0800_11月23・25・26日はこの時刻に変更_,12月2・3・9・10・16・17・23・24・30・31日・1月6～8・13・14・20・21・27・28日・2月3・4・10～12・17・18・23～25日はこの時刻に変更__0800_12月2・3・9・10・16・17・23・24・30・31日・1月6～8・13・14・20・21・27・28日・2月3・4・10～12・17・18・23～25日はこの時刻に変更_,＝,0809,11月23・25・26日はこの時刻に変更__0809_11月23・25・26日はこの時刻に変更_,12月2・3・9・10・16・17・23・24・30・31日・1月6～8・13・14・20・21・27・28日・2月3・4・10～12・17・18・23～25日はこの時刻に変更__0809_12月2・3・9・10・16・17・23・24・30・31日・1月6～8・13・14・20・21・27・28日・2月3・4・10～12・17・18・23～25日はこの時刻に変更_,0821,,レ,＝,,,＝,,＝,,レ,レ,レ,,・,,,,＝,,,レ,,,レ,,＝,＝,,,＝,＝,,・,,・,レ,レ,,,,,レ,,＝,,・,レ,＝,1148,＝,,,,＝,＝,レ,レ,＝,,,レ,レ,＝,,＝,,,,レ,,レ,＝,,＝,,・,レ,,レ,レ,＝,1607,レ,＝,,,レ,レ,レ,,,レ,レ,,レ,・,,,＝,1701,＝,＝,レ,レ,レ,レ,＝,レ,レ,,,レ,,レ,,レ,1月2・3日はこの時刻に変更__レ_1月2・3日はこの時刻に変更_,＝,レ,,1845,,,,レ,レ,,＝,＝,,,レ,レ,＝,1937,＝,,・,レ,,,,レ,＝,レ,レ,レ,,レ,＝,2025,＝,2035,,,,,,,,,,レ,＝,,レ,＝,2136,＝,レ,,,,,＝,2217,＝,2232,,＝,,,レ,,,,＝,＝,,,,,,,,,,
八王子_八王子,発,0136,,,,0621,,0642,,,0710,0721,,,0738,,0751,,,0803,11月23・25・26日はこの時刻に変更__0803_11月23・25・26日はこの時刻に変更_,12月2・3・9・10・16・17・23・24・30・31日・1月6～8・13・14・20・21・27・28日・2月3・4・10～12・17・18・23～25日はこの時刻に変更__0803_12月2・3・9・10・16・17・23・24・30・31日・1月6～8・13・14・20・21・27・28日・2月3・4・10～12・17・18・23～25日はこの時刻に変更_,,0813,11月23・25・26日はこの時刻に変更__0814_11月23・25・26日はこの時刻に変更_,12月2・3・9・10・16・17・23・24・30・31日・1月6～8・13・14・20・21・27・28日・2月3・4・10～12・17・18・23～25日はこの時刻に変更__0814_12月2・3・9・10・16・17・23・24・30・31日・1月6～8・13・14・20・21・27・28日・2月3・4・10～12・17・18・23～25日はこの時刻に変更_,0824,,0807,,,,,,,,0835,0856,0858,,・,,,,,,,0912,,,0948,0950,,,,,,,,・,,・,1020,11月23・25・26日はこの時刻に変更__1020_11月23・25・26日はこの時刻に変更_,,,,1041,1045,,,,・,1120,,1152,,,,,,,1211,1234,,,,1311,1336,,1403,,,,,1410,,1433,,,,,・,1513,,1533,1533,,1610,レ,,,,1549,1624,1624,,,1631,1631,,1646,・,,1656,,1704,,,1651,1725,1725,1725,,1717,1717,,,1733,1747,1753,,1752,1月2・3日はこの時刻に変更__1753_1月2・3日はこの時刻に変更_,,1812,,1848,,,,1858,1858,,,,,,1831,1906,,1940,,,・,1925,,,,1936,,1944,1942,11月26日・1月2・3日はこの時刻に変更__1944_11月26日・1月2・3日はこの時刻に変更_,,2003,,2028,,2038,,,,,,,,,,2042,,,2106,,2139,,2136,,,,,,2220,,2235,,,,,2213,,,,,,,,,,,,,,,
豊田_豊田,発,レ,,,,0625,,0647,,,0715,0726,,,0743,,レ,,,0808,11月23・25・26日はこの時刻に変更__0808_11月23・25・26日はこの時刻に変更_,12月2・3・9・10・16・17・23・24・30・31日・1月6～8・13・14・20・21・27・28日・2月3・4・10～12・17・18・23～25日はこの時刻に変更__0808_12月2・3・9・10・16・17・23・24・30・31日・1月6～8・13・14・20・21・27・28日・2月3・4・10～12・17・18・23～25日はこの時刻に変更_,,0818,11月23・25・26日はこの時刻に変更__0818_11月23・25・26日はこの時刻に変更_,12月2・3・9・10・16・17・23・24・30・31日・1月6～8・13・14・20・21・27・28日・2月3・4・10～12・17・18・23～25日はこの時刻に変更__0818_12月2・3・9・10・16・17・23・24・30・31日・1月6～8・13・14・20・21・27・28日・2月3・4・10～12・17・18・23～25日はこの時刻に変更_,0829,,レ,,,,,,,,レ,レ,レ,,・,,,,,,,レ,,,レ,0955,,,,,,,,・,,・,レ,11月23・25・26日はこの時刻に変更__レ_11月23・25・26日はこの時刻に変更_,,,,レ,レ,,,,・,レ,,1157,,,,,,,レ,レ,,,,レ,レ,,レ,,,,,レ,,レ,,,,,・,レ,,レ,レ,,1615,レ,,,,レ,レ,レ,,,レ,レ,,レ,・,,1701,,1709,,,レ,レ,レ,レ,,レ,レ,,,レ,1752,レ,,レ,1月2・3日はこの時刻に変更__レ_1月2・3日はこの時刻に変更_,,レ,,1853,,,,レ,レ,,,,,,レ,レ,,1944,,,・,レ,,,,レ,,レ,レ,11月26日・1月2・3日はこの時刻に変更__レ_11月26日・1月2・3日はこの時刻に変更_,,レ,,2033,,2043,,,,,,,,,,レ,,,レ,,2144,,レ,,,,,,2224,,2239,,,,,レ,,,,,,,,,,,,,,,
日野_日野,発,レ,,,,0628,,0650,,,0718,0729,,,0745,,レ,,,0810,11月23・25・26日はこの時刻に変更__0810_11月23・25・26日はこの時刻に変更_,12月2・3・9・10・16・17・23・24・30・31日・1月6～8・13・14・20・21・27・28日・2月3・4・10～12・17・18・23～25日はこの時刻に変更__0810_12月2・3・9・10・16・17・23・24・30・31日・1月6～8・13・14・20・21・27・28日・2月3・4・10～12・17・18・23～25日はこの時刻に変更_,,0820,11月23・25・26日はこの時刻に変更__0821_11月23・25・26日はこの時刻に変更_,12月2・3・9・10・16・17・23・24・30・31日・1月6～8・13・14・20・21・27・28日・2月3・4・10～12・17・18・23～25日はこの時刻に変更__0821_12月2・3・9・10・16・17・23・24・30・31日・1月6～8・13・14・20・21・27・28日・2月3・4・10～12・17・18・23～25日はこの時刻に変更_,0832,,レ,,,,,,,,レ,レ,レ,,・,,,,,,,レ,,,レ,0958,,,,,,,,・,,・,レ,11月23・25・26日はこの時刻に変更__レ_11月23・25・26日はこの時刻に変更_,,,,レ,レ,,,,・,レ,,1159,,,,,,,レ,レ,,,,レ,レ,,レ,,,,,レ,,レ,,,,,・,レ,,レ,レ,,1618,レ,,,,レ,レ,レ,,,レ,レ,,レ,・,,1704,,1711,,,レ,レ,レ,レ,,レ,レ,,,レ,1755,レ,,レ,1月2・3日はこの時刻に変更__レ_1月2・3日はこの時刻に変更_,,レ,,1856,,,,レ,レ,,,,,,レ,レ,,1947,,,・,レ,,,,レ,,レ,レ,11月26日・1月2・3日はこの時刻に変更__レ_11月26日・1月2・3日はこの時刻に変更_,,レ,,2036,,2046,,,,,,,,,,レ,,,レ,,2146,,レ,,,,,,2227,,2242,,,,,レ,,,,,,,,,,,,,,,
立川_立川,発,0145,,,,0632,,0653,,,0722,0733,,,0749,,0802,,,0819,11月23・25・26日はこの時刻に変更__0819_11月23・25・26日はこの時刻に変更_,12月2・3・9・10・16・17・23・24・30・31日・1月6～8・13・14・20・21・27・28日・2月3・4・10～12・17・18・23～25日はこの時刻に変更__0819_12月2・3・9・10・16・17・23・24・30・31日・1月6～8・13・14・20・21・27・28日・2月3・4・10～12・17・18・23～25日はこの時刻に変更_,,0824,11月23・25・26日はこの時刻に変更__0825_11月23・25・26日はこの時刻に変更_,12月2・3・9・10・16・17・23・24・30・31日・1月6～8・13・14・20・21・27・28日・2月3・4・10～12・17・18・23～25日はこの時刻に変更__0825_12月2・3・9・10・16・17・23・24・30・31日・1月6～8・13・14・20・21・27・28日・2月3・4・10～12・17・18・23～25日はこの時刻に変更_,0835,,0817,,,,,,,,0845,0904,0911,,0912,,,,,,,0922,,,0956,1004,,,,,,,,・,,・,1029,11月23・25・26日はこの時刻に変更__1029_11月23・25・26日はこの時刻に変更_,,,,1053,1055,,,,・,1129,,1203,,,,,,,1219,1243,,,,1319,1344,,1413,,,,,1419,,1442,,,,,・,1521,,1542,1542,,1622,レ,,,,1558,1633,1633,,,1640,1640,,1655,1655,,1708,,1717,,,1659,1734,1734,1734,,1726,1726,,,1741,1759,1802,,1802,1月2・3日はこの時刻に変更__1802_1月2・3日はこの時刻に変更_,,1820,,1859,,,,1906,1906,,,,,,1840,1916,,1951,,,・,1934,,,,1945,,1954,1951,11月26日・1月2・3日はこの時刻に変更__1954_11月26日・1月2・3日はこの時刻に変更_,,2013,,2040,,2054,,,,,,,,,,2052,,,2114,,2150,,2144,,,,,,2231,,2246,,,,,2222,,,,,,,,,,,,,,,
三鷹_三鷹,発,レ,,,,0644,,0715,,,0734,・,,,0802,,・,,,0845,11月23・25・26日はこの時刻に変更__0846_11月23・25・26日はこの時刻に変更_,12月2・3・9・10・16・17・23・24・30・31日・1月6～8・13・14・20・21・27・28日・2月3・4・10～12・17・18・23～25日はこの時刻に変更__0846_12月2・3・9・10・16・17・23・24・30・31日・1月6～8・13・14・20・21・27・28日・2月3・4・10～12・17・18・23～25日はこの時刻に変更_,,0837,11月23・25・26日はこの時刻に変更__0838_11月23・25・26日はこの時刻に変更_,12月2・3・9・10・16・17・23・24・30・31日・1月6～8・13・14・20・21・27・28日・2月3・4・10～12・17・18・23～25日はこの時刻に変更__0838_12月2・3・9・10・16・17・23・24・30・31日・1月6～8・13・14・20・21・27・28日・2月3・4・10～12・17・18・23～25日はこの時刻に変更_,＝,,レ,,,,,,,,レ,レ,レ,,レ,,,,,,,レ,,,レ,・,,,,,,,,・,,・,レ,11月23・25・26日はこの時刻に変更__レ_11月23・25・26日はこの時刻に変更_,,,,・,レ,,,,・,レ,,1215,,,,,,,レ,レ,,,,レ,レ,,・,,,,,レ,,レ,,,,,・,レ,,レ,レ,,1635,・,,,,レ,レ,レ,,,レ,レ,,レ,レ,,・,,1730,,,レ,レ,レ,レ,,レ,レ,,,レ,・,レ,,レ,1月2・3日はこの時刻に変更__レ_1月2・3日はこの時刻に変更_,,レ,,＝,,,,レ,レ,,,,,,レ,レ,,2009,,,・,レ,,,,レ,,レ,レ,レ,,レ,,2053,,2113,,,,,,,,,,レ,,,レ,,2203,,レ,,,,,,2244,,2304,,,,,レ,,,,,,,,,,,,,,,
新宿_新宿,着,0209,┐,,,0658,,0731,,,0748,・,,,0816,,・,,,0901,11月23・25・26日はこの時刻に変更__0902_11月23・25・26日はこの時刻に変更_,12月2・3・9・10・16・17・23・24・30・31日・1月6～8・13・14・20・21・27・28日・2月3・4・10～12・17・18・23～25日はこの時刻に変更__0902_12月2・3・9・10・16・17・23・24・30・31日・1月6～8・13・14・20・21・27・28日・2月3・4・10～12・17・18・23～25日はこの時刻に変更_,,0850,11月23・25・26日はこの時刻に変更__0851_11月23・25・26日はこの時刻に変更_,12月2・3・9・10・16・17・23・24・30・31日・1月6～8・13・14・20・21・27・28日・2月3・4・10～12・17・18・23～25日はこの時刻に変更__0851_12月2・3・9・10・16・17・23・24・30・31日・1月6～8・13・14・20・21・27・28日・2月3・4・10～12・17・18・23～25日はこの時刻に変更_,,,0843,,,,,,,,0911,0929,レ,┐,レ,┐,,,,,,0946,,,1021,・,,,,,,,,・,,・,1053,11月23・25・26日はこの時刻に変更__1055_11月23・25・26日はこの時刻に変更_,,,,・,1117,,,,・,1153,,1227,,,,,,,1242,1306,,,,1341,1405,,・,,,,,1442,,1505,,,,,・,1543,,1605,1605,,1648,・,,,,1628,1658,1658,,,1708,1708,,1723,1725,┐,・,,1743,,,1725,1758,1758,1758,,1752,1752,,,1807,・,1827,,1828,1月2・3日はこの時刻に変更__1827_1月2・3日はこの時刻に変更_,,1845,,,,,,1928,1928,,,,,,1906,1942,,2025,,,・,1957,,,,2008,,2020,2020,2020,,2039,,2107,,2128,,,,,,,,,,2117,,,2142,,2217,,2207,,,,,,2257,,2319,,,,,2245,,,,,,,,,,,,,,,
新宿番線_新宿番線,,,(9),,,(8),,(8),,,(8),・,,,(8),,・,,,(8),11月23・25・26日はこの時刻に変更__(8)_11月23・25・26日はこの時刻に変更_,12月2・3・9・10・16・17・23・24・30・31日・1月6～8・13・14・20・21・27・28日・2月3・4・10～12・17・18・23～25日はこの時刻に変更__(8)_12月2・3・9・10・16・17・23・24・30・31日・1月6～8・13・14・20・21・27・28日・2月3・4・10～12・17・18・23～25日はこの時刻に変更_,,(8),11月23・25・26日はこの時刻に変更__(8)_11月23・25・26日はこの時刻に変更_,12月2・3・9・10・16・17・23・24・30・31日・1月6～8・13・14・20・21・27・28日・2月3・4・10～12・17・18・23～25日はこの時刻に変更__(8)_12月2・3・9・10・16・17・23・24・30・31日・1月6～8・13・14・20・21・27・28日・2月3・4・10～12・17・18・23～25日はこの時刻に変更_,,,(7),,,,,,,,(7),(7),,↓,,↓,,,,,,(7),,,(7),・,,,,,,,,・,,・,(7),11月23・25・26日はこの時刻に変更__(7)_11月23・25・26日はこの時刻に変更_,,,,・,(7),,,,・,(7),,(7),,,,,,,(9),(10),,,,(9),(10),,・,,,,,(9),,(9),,,,,・,(10),,(7),(7),,(8),・,,,,(9),(9),(9),,,(10),(10),,(11),,(7),・,,(8),,,(9),(11),(11),(11),,(10),(10),,,(9),・,(11),,(11),1月2・3日はこの時刻に変更__(11)_1月2・3日はこの時刻に変更_,,(9),,,,,,(7),(7),,,,,,(10),(11),,(8),,,・,(9),,,,(7),,(9),(9),(9),,(10),,(8),,(8),,,,,,,,,,(9),,,(10),,(8),,(7),,,,,,(8),,(8),,,,,(7),,,,,,,,,,,,,,,
東京_東京,着,,||,,,0712,,0745,,,0802,・,,,0832,,・,,,0915,11月23・25・26日はこの時刻に変更__0916_11月23・25・26日はこの時刻に変更_,12月2・3・9・10・16・17・23・24・30・31日・1月6～8・13・14・20・21・27・28日・2月3・4・10～12・17・18・23～25日はこの時刻に変更__0916_12月2・3・9・10・16・17・23・24・30・31日・1月6～8・13・14・20・21・27・28日・2月3・4・10～12・17・18・23～25日はこの時刻に変更_,,0904,11月23・25・26日はこの時刻に変更__0905_11月23・25・26日はこの時刻に変更_,12月2・3・9・10・16・17・23・24・30・31日・1月6～8・13・14・20・21・27・28日・2月3・4・10～12・17・18・23～25日はこの時刻に変更__0905_12月2・3・9・10・16・17・23・24・30・31日・1月6～8・13・14・20・21・27・28日・2月3・4・10～12・17・18・23～25日はこの時刻に変更_,,,0858,,,,,,,,0926,0942,,||,,||,,,,,,1001,,,1036,・,,,,,,,,・,,・,1107,11月23・25・26日はこの時刻に変更__1108_11月23・25・26日はこの時刻に変更_,,,,・,1132,,,,・,1208,,1242,,,,,,,,,,,,,,,・,,,,,,,,,,,,・,,,,,,1702,・,,,,,,,,,,,,,,||,・,,1758,,,,,,,,,,,,,・,,,,,,,,,,,,,,,,,,,,,,2040,,,・,,,,,||,,,,,,,,2121,,2143,,,,,,,,,,,,,,,2231,,,,,,,,2311,,2334,,,,,,,,,,,,,,,,,,,,
秋葉原_秋葉原,着,,0222,,,,,,,,,・,,,,,・,,,,,,,,,,,,,,,,,,,,,,,レ,,レ,,,,,,,,,,・,,,,,,,,・,,・,,,,,,・,,,,,・,,,,,,,,,,,,,,,,,,・,,,,,,,,,,,,・,,,,,,,・,,,,,,,,,,,,,,レ,・,,,,,,,,,,,,,,,・,,,,,,,,,,,,,,,,,,,,,,,,,・,,,,,レ,,,,,,,,,,,,,,,,,,,,,,,,,,,,,,,,,,,,,,,,,,,,,,,,,,,,,,,
錦糸町_錦糸町,着,,0228,,,,,,,,,・,,,,,・,,,,,,,,,,,,,,,,,,,,,,,レ,,レ,,,,,,,,,,・,,,,,,,,・,,・,,,,,,・,,,,,・,,,,,,,,,,,,,,,,,,・,,,,,,,,,,,,・,,,,,,,・,,,,,,,,,,,,,,1742,・,,,,,,,,,,,,,,,・,,,,,,,,,,,,,,,,,,,,,,,,,・,,,,,2026,,,,,,,,,,,,,,,,,,,,,,,,,,,,,,,,,,,,,,,,,,,,,,,,,,,,,,,
船橋_船橋,着,,0240,,,,,,,,,・,,,,,・,,,,,,,,,,,,,,,,,,,,,,,レ,,レ,,,,,,,,,,・,,,,,,,,・,,・,,,,,,・,,,,,・,,,,,,,,,,,,,,,,,,・,,,,,,,,,,,,・,,,,,,,・,,,,,,,,,,,,,,1755,・,,,,,,,,,,,,,,,・,,,,,,,,,,,,,,,,,,,,,,,,,・,,,,,2038,,,,,,,,,,,,,,,,,,,,,,,,,,,,,,,,,,,,,,,,,,,,,,,,,,,,,,,
津田沼_津田沼,着,,レ,,,,,,,,,・,,,,,・,,,,,,,,,,,,,,,,,,,,,,,レ,,レ,,,,,,,,,,・,,,,,,,,・,,・,,,,,,・,,,,,・,,,,,,,,,,,,,,,,,,・,,,,,,,,,,,,・,,,,,,,・,,,,,,,,,,,,,,レ,・,,,,,,,,,,,,,,,・,,,,,,,,,,,,,,,,,,,,,,,,,・,,,,,レ,,,,,,,,,,,,,,,,,,,,,,,,,,,,,,,,,,,,,,,,,,,,,,,,,,,,,,,
千葉_千葉,着,,0251,,,,,,,,,・,,,,,・,,,,,,,,,,,,,,,,,,,,,,,レ,,レ,,,,,,,,,,・,,,,,,,,・,,・,,,,,,・,,,,,・,,,,,,,,,,,,,,,,,,・,,,,,,,,,,,,・,,,,,,,・,,,,,,,,,,,,,,1809,・,,,,,,,,,,,,,,,・,,,,,,,,,,,,,,,,,,,,,,,,,・,,,,,2051,,,,,,,,,,,,,,,,,,,,,,,,,,,,,,,,,,,,,,,,,,,,,,,,,,,,,,,
終着,,___,銚子_0418_銚子_0418,___,___,___,___,___,___,___,___,大宮_0812_大宮_0812,___,___,___,___,勝田_1016_勝田_1016,___,___,___,___,___,___,___,___,___,___,___,___,___,___,___,___,___,___,___,___,___,___,成田_1043_成田_1043,___,成田_1043_成田_1043,___,___,___,___,___,___,___,___,___,大宮_1040_大宮_1040,___,___,___,___,___,___,___,長野_0958_長野_0958,___,飯田_1114_飯田_1114,___,___,___,___,___,長野原草津口_1343_長野原草津口_1343,___,___,___,___,松本_0950_松本_0950,___,___,___,___,___,___,___,___,___,___,___,___,___,___,___,___,___,足利_1634_足利_1634,___,___,___,___,___,___,___,___,___,___,___,飯田_1549_飯田_1549,___,___,___,___,___,___,高崎_1836_高崎_1836,___,___,___,___,___,___,___,___,___,___,___,___,___,___,大宮_1745_大宮_1745,___,___,___,___,___,___,___,___,___,___,___,___,___,___,大宮_1836_大宮_1836,___,___,___,___,___,___,___,___,___,___,___,___,___,___,___,___,___,___,___,___,___,___,___,___,飯田_1934_飯田_1934,___,___,___,___,___,___,___,___,___,___,___,___,___,___,___,___,___,___,___,___,___,___,___,___,___,___,___,___,___,___,___,___,___,___,___,___,___,___,___,___,___,___,___,___,___,___,___,___,___,___,___,___,___,___,___,___,___,___,___,___
次の区間,,,↓,,,,,,,,,↓,,,,,↓,,,,,,,,,,,,,,,,,,,,,,,↓,,↓,,,,,,,,,,↓,,,,,,,,↓,,↓,,,,,,↓,,,,,↓,,,,,,,,,,,,,,,,,,↓,,,,,,,,,,,,↓,,,,,,,↓,,,,,,,,,,,,,,,↓,,,,,,,,,,,,,,,↓,,,,,,,,,,,,,,,,,,,,,,,,,↓,,,,,,,,,,,,,,,,,,,,,,,,,,,,,,,,,,,,,,,,,,,,,,,,,,,,,,,,,,,,
