列車番号,,1120M,722M,2322M,52M,1124M,326M,520M,2054M,1128M,330M,728M,522M,1132M,56M,334M,1136M,338M,734M,524M,660M,2M,1140M,2342M,1144M,526M,58M,1146M,736M,528M,662M,4M,1148M,3150M,1152M,740M,530M,60M,1154M,358M,532M,664M,3156M,1160M,534M,536M,222M,666M,6M,538M,62M,1162M,744M,622M,540M,226M,542M,8M,1164M,1166M,624M,668M,64M,626M,544M,228M,10M,1168M,1170M,1172M,628M,66M,1174M,546M,230M,630M,670M,12M,1176M,1178M,632M,232M,68M,548M,634M,672M,234M,14M,1180M,1182M,1184M,636M,70M,550M,638M,552M,236M,674M,16M,1186M,1188M,9042M,1190M,640M,640M,72M,554M,642M,756M,756M,556M,238M,18M,1192M,2394M,9044M,1196M,74M,398M,398M,1220M,558M,422M,676M,560M,240M,20M,1224M,562M,76M,426M,1228M,762M,430M,430M,430M,678M,242M,22M,9096M,9096M,1232M,564M,78M,434M,1236M,2438M,1240M,680M,244M,24M,2768M,80M,1242M,566M,644M,682M,246M,26M,2444M,1246M,772M,82M,448M,568M,684M,248M,250M,1250M,776M,1252M,28M,570M,84M,454M,778M,686M,252M,254M,30M,2456M,458M,86M,460M,688M,782M,572M,256M,258M,462M,690M,260M,574M,262M,646M,264M,692M,266M,268M,270M,272M,274M
列車名_列車名,,普通_普通,普通_普通,普通_普通,特急 ときわ52号_特急 ときわ52号,普通_普通,普通_普通,普通_普通,特急 ときわ54号_特急 ときわ54号,普通_普通,普通_普通,普通_普通,普通_普通,普通_普通,特急 ときわ56号_特急 ときわ56号,普通_普通,普通_普通,普通_普通,普通_普通,普通_普通,普通_普通,特急 ひたち2号_特急 ひたち2号,普通_普通,普通_普通,普通_普通,普通_普通,特急 ときわ58号_特急 ときわ58号,普通_普通,普通_普通,普通_普通,普通_普通,特急 ひたち4号_特急 ひたち4号,普通_普通,特別快速_特別快速,普通_普通,普通_普通,普通_普通,特急 ときわ60号_特急 ときわ60号,普通_普通,普通_普通,普通_普通,普通_普通,特別快速_特別快速,普通_普通,普通_普通,普通_普通,普通_普通,普通_普通,特急 ひたち6号_特急 ひたち6号,普通_普通,特急 ときわ62号_特急 ときわ62号,普通_普通,普通_普通,普通_普通,普通_普通,普通_普通,普通_普通,特急 ひたち8号_特急 ひたち8号,普通_普通,普通_普通,普通_普通,普通_普通,特急 ときわ64号_特急 ときわ64号,普通_普通,普通_普通,普通_普通,特急 ひたち10号_特急 ひたち10号,普通_普通,普通_普通,普通_普通,普通_普通,特急 ときわ66号_特急 ときわ66号,普通_普通,普通_普通,普通_普通,普通_普通,普通_普通,特急 ひたち12号_特急 ひたち12号,普通_普通,普通_普通,普通_普通,普通_普通,特急 ときわ68号_特急 ときわ68号,普通_普通,普通_普通,普通_普通,普通_普通,特急 ひたち14号_特急 ひたち14号,普通_普通,普通_普通,普通_普通,普通_普通,特急 ときわ70号_特急 ときわ70号,普通_普通,普通_普通,普通_普通,普通_普通,普通_普通,特急 ひたち16号_特急 ひたち16号,普通_普通,普通_普通,特急 ときわ42号_特急 ときわ42号,普通_普通,普通_普通,普通_普通,特急 ときわ72号_特急 ときわ72号,普通_普通,普通_普通,普通_普通,普通_普通,普通_普通,普通_普通,特急 ひたち18号_特急 ひたち18号,普通_普通,普通_普通,特急 ときわ44号_特急 ときわ44号,普通_普通,特急 ときわ74号_特急 ときわ74号,普通_普通,普通_普通,普通_普通,普通_普通,普通_普通,普通_普通,普通_普通,普通_普通,特急 ひたち20号_特急 ひたち20号,普通_普通,普通_普通,特急 ときわ76号_特急 ときわ76号,普通_普通,普通_普通,普通_普通,普通_普通,普通_普通,普通_普通,普通_普通,普通_普通,特急 ひたち22号_特急 ひたち22号,特急 ときわ96号_特急 ときわ96号,特急 ときわ96号_特急 ときわ96号,普通_普通,普通_普通,特急 ときわ78号_特急 ときわ78号,普通_普通,普通_普通,普通_普通,普通_普通,普通_普通,普通_普通,特急 ひたち24号_特急 ひたち24号,普通_普通,特急 ときわ80号_特急 ときわ80号,普通_普通,普通_普通,普通_普通,普通_普通,普通_普通,特急 ひたち26号_特急 ひたち26号,普通_普通,普通_普通,普通_普通,特急 ときわ82号_特急 ときわ82号,普通_普通,普通_普通,普通_普通,普通_普通,普通_普通,普通_普通,普通_普通,普通_普通,特急 ひたち28号_特急 ひたち28号,普通_普通,特急 ときわ84号_特急 ときわ84号,普通_普通,普通_普通,普通_普通,普通_普通,普通_普通,特急 ひたち30号_特急 ひたち30号,普通_普通,普通_普通,特急 ときわ86号_特急 ときわ86号,普通_普通,普通_普通,普通_普通,普通_普通,普通_普通,普通_普通,普通_普通,普通_普通,普通_普通,普通_普通,普通_普通,普通_普通,普通_普通,普通_普通,普通_普通,普通_普通,普通_普通,普通_普通,普通_普通
設備,,グリーン車自由席___,_,グリーン車自由席___,グリーン車指定席_普通車全車指定席____,グリーン車自由席___,グリーン車自由席___,_,グリーン車指定席_普通車全車指定席____,グリーン車自由席___,グリーン車自由席___,_,_,グリーン車自由席___,グリーン車指定席_普通車全車指定席____,グリーン車自由席___,グリーン車自由席___,グリーン車自由席___,_,_,_,グリーン車指定席_普通車全車指定席____,グリーン車自由席___,グリーン車自由席___,グリーン車自由席___,_,グリーン車指定席_普通車全車指定席____,グリーン車自由席___,_,_,_,グリーン車指定席_普通車全車指定席____,グリーン車自由席___,グリーン車自由席___,グリーン車自由席___,_,_,グリーン車指定席_普通車全車指定席____,グリーン車自由席___,グリーン車自由席___,_,_,グリーン車自由席___,グリーン車自由席___,_,_,_,_,グリーン車指定席_普通車全車指定席____,グリーン車自由席___,グリーン車指定席_普通車全車指定席____,グリーン車自由席___,_,_,_,_,_,グリーン車指定席_普通車全車指定席____,グリーン車自由席___,グリーン車自由席___,_,_,グリーン車指定席_普通車全車指定席____,_,_,_,グリーン車指定席_普通車全車指定席____,グリーン車自由席___,グリーン車自由席___,グリーン車自由席___,_,グリーン車指定席_普通車全車指定席____,グリーン車自由席___,_,_,_,_,グリーン車指定席_普通車全車指定席____,グリーン車自由席___,グリーン車自由席___,_,_,グリーン車指定席_普通車全車指定席____,_,_,_,_,グリーン車指定席_普通車全車指定席____,グリーン車自由席___,グリーン車自由席___,グリーン車自由席___,_,グリーン車指定席_普通車全車指定席____,_,_,_,_,_,グリーン車指定席_普通車全車指定席____,グリーン車自由席___,グリーン車自由席___,グリーン車指定席_普通車全車指定席____,グリーン車自由席___,_,_,グリーン車指定席_普通車全車指定席____,_,_,_,_,_,_,グリーン車指定席_普通車全車指定席____,グリーン車自由席___,グリーン車自由席___,グリーン車指定席_普通車全車指定席____,グリーン車自由席___,グリーン車指定席_普通車全車指定席____,グリーン車自由席___,グリーン車自由席___,グリーン車自由席___,_,グリーン車自由席___,_,_,_,グリーン車指定席_普通車全車指定席____,グリーン車自由席___,_,グリーン車指定席_普通車全車指定席____,グリーン車自由席___,グリーン車自由席___,_,グリーン車自由席___,グリーン車自由席___,グリーン車自由席___,_,_,グリーン車指定席_普通車全車指定席____,グリーン車指定席_普通車全車指定席____,グリーン車指定席_普通車全車指定席____,グリーン車自由席___,_,グリーン車指定席_普通車全車指定席____,グリーン車自由席___,グリーン車自由席___,グリーン車自由席___,グリーン車自由席___,_,_,グリーン車指定席_普通車全車指定席____,_,グリーン車指定席_普通車全車指定席____,グリーン車自由席___,_,_,_,_,グリーン車指定席_普通車全車指定席____,グリーン車自由席___,グリーン車自由席___,_,グリーン車指定席_普通車全車指定席____,グリーン車自由席___,_,_,_,_,グリーン車自由席___,_,グリーン車自由席___,グリーン車指定席_普通車全車指定席____,_,グリーン車指定席_普通車全車指定席____,グリーン車自由席___,_,_,_,_,グリーン車指定席_普通車全車指定席____,グリーン車自由席___,グリーン車自由席___,グリーン車指定席_普通車全車指定席____,グリーン車自由席___,_,_,_,_,_,グリーン車自由席___,_,_,_,_,_,_,_,_,_,_,_,_
運転日,,全日,全日,全日,全日,平日,平日,全日,平日,平日,平日,全日,全日,平日,平日,平日,平日,平日,全日,全日,全日,平日,平日,平日,平日,全日,平日,平日,全日,全日,全日,平日,平日,平日,平日,全日,全日,平日,平日,全日,全日,全日,全日,平日,全日,全日,全日,全日,全日,全日,全日,全日,全日,全日,全日,全日,全日,全日,全日,平日,全日,全日,全日,全日,全日,全日,全日,全日,全日,全日,全日,全日,全日,全日,全日,全日,全日,全日,全日,全日,全日,全日,全日,全日,全日,全日,全日,全日,全日,全日,全日,全日,全日,全日,全日,全日,全日,全日,全日,全日,平日,1月4日運転__◆_1月4日運転_,全日,全日,1月4日はこの時刻に変更__時変_1月4日はこの時刻に変更_,全日,全日,全日,全日,1月2～4日はこの時刻に変更__時変_1月2～4日はこの時刻に変更_,全日,全日,全日,平日,全日,1月2～4日運転__◆_1月2～4日運転_,全日,全日,全日,1月2～4日はこの時刻に変更__時変_1月2～4日はこの時刻に変更_,平日,全日,全日,全日,全日,全日,全日,平日,全日,全日,平日,平日,全日,全日,11月22日はこの時刻に変更__時変_11月22日はこの時刻に変更_,12月1・8・15・22日・1月12・19・26日・2月2・9・16・22日はこの時刻に変更__時変_12月1・8・15・22日・1月12・19・26日・2月2・9・16・22日はこの時刻に変更_,全日,全日,全日,11月22日・12月1・8・15・22日・1月12・19・26日・2月2・9・16・22日運転__◆_11月22日・12月1・8・15・22日・1月12・19・26日・2月2・9・16・22日運転_,12月1・8・15・22日・1月12・19・26日・2月2・9・16・22日はこの時刻に変更__時変_12月1・8・15・22日・1月12・19・26日・2月2・9・16・22日はこの時刻に変更_,平日,全日,平日,全日,全日,全日,平日,全日,全日,全日,全日,平日,平日,全日,全日,全日,全日,全日,全日,全日,全日,全日,全日,全日,全日,全日,全日,全日,全日,全日,全日,全日,全日,全日,全日,全日,全日,全日,全日,全日,全日,全日,全日,全日,全日,全日,全日,全日,全日,全日,全日,全日,全日,全日,全日,全日,全日,全日,全日,全日,全日
仙台番線_仙台番線,,,,,,,,,,,,,,,,,,,,,,,,,,,,,,,,,,,,,,,,,,,,,,,(6),,,,,,,,,(6),,,,,,,,,,(6),,,,,,,,,(6),,,,,,,(6),,,,,(6),(6),,,,,,,,,(6),,,,,,,,,,,,,,,(6),,,,,,,,,,,,,,(6),,,,,,,,,,,,(6),,,,,,,,,,,,(6),,,,,,,,(6),(6),,,,,,,,(4),(6),,,,,,,,,,(5),(5),(6),,,,,,,,(6),(6),,,(6),,(6),,(6),,(5),(6),(6),(6),(6)
仙台_仙台,発,,,,,,,,,,,,,,,,,,,,,,,,,,,,,,,,,,,,,,,,,,,,,,0530,,,,,,,,,0631,,,,,,,,,,0718,,,,,,,,,0812,,,,,,,0850,,,,,0934,1014,,,,,,,,,1036,,,,,,,,,,,,,,,1140,,,,,,,,,,,,,,1240,,,,,,,,,,,,1340,,,,,,,,,,,,1440,,,,,,,,1534,1606,,,,,,,,1616,1635,,,,,,,,,,1708,1730,1802,,,,,,,,1811,1840,,,1910,,1940,,2010,,2040,2110,2140,2240,2332
長町_長町,発,,,,,,,,,,,,,,,,,,,,,,,,,,,,,,,,,,,,,,,,,,,,,,0535,,,,,,,,,0636,,,,,,,,,,0723,,,,,,,,,0817,,,,,,,0855,,,,,0939,レ,,,,,,,,,1041,,,,,,,,,,,,,,,1145,,,,,,,,,,,,,,1245,,,,,,,,,,,,1345,,,,,,,,,,,,1445,,,,,,,,1539,レ,,,,,,,,1621,1640,,,,,,,,,,1712,1735,レ,,,,,,,,1816,1845,,,1915,,1945,,2015,,2045,2115,2145,2245,2337
太子堂_太子堂,発,,,,,,,,,,,,,,,,,,,,,,,,,,,,,,,,,,,,,,,,,,,,,,0537,,,,,,,,,0638,,,,,,,,,,0725,,,,,,,,,0819,,,,,,,0857,,,,,0941,レ,,,,,,,,,1043,,,,,,,,,,,,,,,1147,,,,,,,,,,,,,,1247,,,,,,,,,,,,1347,,,,,,,,,,,,1447,,,,,,,,1541,レ,,,,,,,,1623,1642,,,,,,,,,,1714,1737,レ,,,,,,,,1818,1847,,,1917,,1947,,2017,,2047,2117,2147,2247,2339
南仙台_南仙台,発,,,,,,,,,,,,,,,,,,,,,,,,,,,,,,,,,,,,,,,,,,,,,,0540,,,,,,,,,0641,,,,,,,,,,0728,,,,,,,,,0822,,,,,,,0900,,,,,0944,レ,,,,,,,,,1046,,,,,,,,,,,,,,,1150,,,,,,,,,,,,,,1250,,,,,,,,,,,,1350,,,,,,,,,,,,1450,,,,,,,,1544,レ,,,,,,,,1626,1645,,,,,,,,,,1717,1740,レ,,,,,,,,1821,1850,,,1920,,1950,,2020,,2050,2120,2150,2250,2342
名取_名取,発,,,,,,,,,,,,,,,,,,,,,,,,,,,,,,,,,,,,,,,,,,,,,,0543,,,,,,,,,0644,,,,,,,,,,0732,,,,,,,,,0826,,,,,,,0904,,,,,0947,レ,,,,,,,,,1049,,,,,,,,,,,,,,,1154,,,,,,,,,,,,,,1254,,,,,,,,,,,,1354,,,,,,,,,,,,1454,,,,,,,,1547,レ,,,,,,,,1630,1649,,,,,,,,,,1721,1744,レ,,,,,,,,1825,1854,,,1923,,1954,,2024,,2054,2124,2154,2254,2345
館腰_館腰,発,,,,,,,,,,,,,,,,,,,,,,,,,,,,,,,,,,,,,,,,,,,,,,0546,,,,,,,,,0648,,,,,,,,,,0735,,,,,,,,,0829,,,,,,,0907,,,,,0951,レ,,,,,,,,,1053,,,,,,,,,,,,,,,1157,,,,,,,,,,,,,,1257,,,,,,,,,,,,1357,,,,,,,,,,,,1457,,,,,,,,1551,レ,,,,,,,,1633,1652,,,,,,,,,,1724,1747,レ,,,,,,,,1828,1857,,,1926,,1957,,2027,,2057,2127,2157,2257,2348
岩沼_岩沼,着,,,,,,,,,,,,,,,,,,,,,,,,,,,,,,,,,,,,,,,,,,,,,,0550,,,,,,,,,0652,,,,,,,,,,0739,,,,,,,,,0834,,,,,,,0911,,,,,0955,レ,,,,,,,,,1057,,,,,,,,,,,,,,,1201,,,,,,,,,,,,,,1302,,,,,,,,,,,,1402,,,,,,,,,,,,1502,,,,,,,,1554,レ,,,,,,,,1637,1656,,,,,,,,,,1729,1751,1818,,,,,,,,1833,1901,,,1930,,2002,,2032,,2102,2132,2202,2302,2352
岩沼_岩沼,発,,,,,,,,,,,,,,,,,,,,,,,,,,,,,,,,,,,,,,,,,,,,,,0551,,,,,,,,,0652,,,,,,,,,,0740,,,,,,,,,0835,,,,,,,0912,,,,,0955,レ,,,,,,,,,1059,,,,,,,,,,,,,,,1202,,,,,,,,,,,,,,1303,,,,,,,,,,,,1402,,,,,,,,,,,,1504,,,,,,,,1555,レ,,,,,,,,1637,1657,,,,,,,,,,1730,1752,1819,,,,,,,,1837,1902,,,1931,,2009,,2037,,2107,2132,2204,2305,2353
逢隈_逢隈,発,,,,,,,,,,,,,,,,,,,,,,,,,,,,,,,,,,,,,,,,,,,,,,0556,,,,,,,,,0657,,,,,,,,,,0745,,,,,,,,,0840,,,,,,,0917,,,,,1000,レ,,,,,,,,,1104,,,,,,,,,,,,,,,1211,,,,,,,,,,,,,,1308,,,,,,,,,,,,1407,,,,,,,,,,,,1509,,,,,,,,1600,レ,,,,,,,,1642,1705,,,,,,,,,,1735,1757,レ,,,,,,,,1842,1907,,,1936,,2014,,2042,,2112,2139,2209,2310,2358
亘理_亘理,発,,,,,,,,,,,,,,,,,,,,,,,,,,,,,,,,,,,,,,,,,,,,,,0559,,,,,,,,,0701,,,,,,,,,,0749,,,,,,,,,0843,,,,,,,0920,,,,,1004,レ,,,,,,,,,1107,,,,,,,,,,,,,,,1214,,,,,,,,,,,,,,1312,,,,,,,,,,,,1411,,,,,,,,,,,,1513,,,,,,,,1604,レ,,,,,,,,1646,1708,,,,,,,,,,1739,1801,1827,,,,,,,,1846,1911,,,1939,,2018,,2046,,2116,2143,2213,2314,0001
浜吉田_浜吉田,発,,,,,,,,,,,,,,,,,,,,,,,,,,,,,,,,,,,,,,,,,,,,,,0604,,,,,,,,,0706,,,,,,,,,,0756,,,,,,,,,0848,,,,,,,0925,,,,,1008,レ,,,,,,,,,1112,,,,,,,,,,,,,,,1219,,,,,,,,,,,,,,1317,,,,,,,,,,,,1416,,,,,,,,,,,,1518,,,,,,,,1608,レ,,,,,,,,1657,1713,,,,,,,,,,1744,1806,レ,,,,,,,,1851,1916,,,1944,,2022,,2052,,2121,2149,2218,2319,0006
山下_山下,発,,,,,,,,,,,,,,,,,,,,,,,,,,,,,,,,,,,,,,,,,,,,,,0608,,,,,,,,,0710,,,,,,,,,,0800,,,,,,,,,0853,,,,,,,0932,,,,,1012,レ,,,,,,,,,1116,,,,,,,,,,,,,,,1223,,,,,,,,,,,,,,1321,,,,,,,,,,,,1420,,,,,,,,,,,,1522,,,,,,,,1612,レ,,,,,,,,1702,1724,,,,,,,,,,1751,1813,レ,,,,,,,,1901,1923,,,1954,,2027,,2056,,2126,2154,2226,2323,0010
坂元_坂元,発,,,,,,,,,,,,,,,,,,,,,,,,,,,,,,,,,,,,,,,,,,,,,,0613,,,,,,,,,0715,,,,,,,,,,0805,,,,,,,,,0857,,,,,,,0937,,,,,1017,レ,,,,,,,,,1120,,,,,,,,,,,,,,,1228,,,,,,,,,,,,,,1326,,,,,,,,,,,,1425,,,,,,,,,,,,1527,,,,,,,,1617,レ,,,,,,,,1706,1728,,,,,,,,,,1756,1817,レ,,,,,,,,1906,1928,,,1959,,2031,,2101,,2132,2159,2231,2327,＝
新地_新地,発,,,,,,,,,,,,,,,,,,,,,,,,,,,,,,,,,,,,,,,,,,,,,,0619,,,,,,,,,0721,,,,,,,,,,0810,,,,,,,,,0902,,,,,,,0943,,,,,1023,レ,,,,,,,,,1127,,,,,,,,,,,,,,,1234,,,,,,,,,,,,,,1332,,,,,,,,,,,,1432,,,,,,,,,,,,1535,,,,,,,,1623,レ,,,,,,,,1712,1734,,,,,,,,,,1802,1822,レ,,,,,,,,1912,1933,,,2008,,2038,,2107,,2137,2204,2237,2332,
駒ケ嶺_駒ケ嶺,発,,,,,,,,,,,,,,,,,,,,,,,,,,,,,,,,,,,,,,,,,,,,,,0624,,,,,,,,,0727,,,,,,,,,,0814,,,,,,,,,0907,,,,,,,0948,,,,,1028,レ,,,,,,,,,1131,,,,,,,,,,,,,,,1239,,,,,,,,,,,,,,1337,,,,,,,,,,,,1437,,,,,,,,,,,,1540,,,,,,,,1628,レ,,,,,,,,1717,＝,,,,,,,,,,1807,1827,レ,,,,,,,,1917,1944,,,2013,,2043,,2111,,2142,2209,＝,2337,
相馬_相馬,発,,,,,,,,,,,,,,,,,,,,,,,,,,,,,,,,,,,,,,,,,,,,,,0629,,,,,,,,,0731,,,,,,,,,,0821,,,,,,,,,0911,,,,,,,0953,,,,,1032,1052,,,,,,,,,1136,,,,,,,,,,,,,,,1243,,,,,,,,,,,,,,1341,,,,,,,,,,,,1441,,,,,,,,,,,,1544,,,,,,,,1636,1652,,,,,,,,1721,,,,,,,,,,,1811,1834,1850,,,,,,,,1921,1948,,,2017,,2047,,2115,,2147,2214,,2341,
日立木_日立木,発,,,,,,,,,,,,,,,,,,,,,,,,,,,,,,,,,,,,,,,,,,,,,,0637,,,,,,,,,0737,,,,,,,,,,0826,,,,,,,,,0917,,,,,,,1003,,,,,1037,レ,,,,,,,,,1144,,,,,,,,,,,,,,,1248,,,,,,,,,,,,,,1347,,,,,,,,,,,,1447,,,,,,,,,,,,1549,,,,,,,,1641,レ,,,,,,,,1727,,,,,,,,,,,1816,1840,レ,,,,,,,,1935,1953,,,2023,,2058,,2121,,2156,2219,,2346,
鹿島_鹿島,発,,,,,,,,,,,,,,,,,,,,,,,,,,,,,,,,,,,,,,,,,,,,,,0643,,,,,,,,,0742,,,,,,,,,,0832,,,,,,,,,0923,,,,,,,1009,,,,,1043,レ,,,,,,,,,1150,,,,,,,,,,,,,,,1254,,,,,,,,,,,,,,1352,,,,,,,,,,,,1453,,,,,,,,,,,,1602,,,,,,,,1648,レ,,,,,,,,1736,,,,,,,,,,,1823,1846,レ,,,,,,,,1941,1959,,,2029,,2104,,2126,,2202,2225,,2352,
原ノ町_原ノ町,着,,,,,,,,,,,,,,,,,,,,,,,,,,,,,,,,,,,,,,,,,,,,,,0650,,,,,,,,,0749,,,,,,,,,,0839,,,,,,,,,0930,,,,,,,1015,,,,,1050,1107,,,,,,,,,1156,,,,,,,,,,,,,,,1300,,,,,,,,,,,,,,1359,,,,,,,,,,,,1459,,,,,,,,,,,,1608,,,,,,,,1654,1708,,,,,,,,1743,,,,,,,,,,,1829,1852,1905,,,,,,,,1948,2006,,,2035,,2111,,2133,,2209,2232,,2358,
原ノ町_原ノ町,発,,,,,,,,,,,,,,,,,,,,,,,,,,,,,,0533,,,,,,,,,,,0610,,,,,,0653,,,,,,,,,,,,,,0752,,,,,,,,,,,,,,,0915,,,,,,,,,,,1108,,,,,,,,,,1159,,,,,,,,,,,,,,,,,,,,,,,,,,,,,,,,,,,,,,,1408,,,,,,,,,,,,,,,,,,,,1627,,1709,,,,,,,1729,,,,,,,,,,,,,,1906,,,,,1837,,,,,,2022,,,,,,,,,,,
磐城太田_磐城太田,発,,,,,,,,,,,,,,,,,,,,,,,,,,,,,,0538,,,,,,,,,,,0615,,,,,,0657,,,,,,,,,,,,,,0756,,,,,,,,,,,,,,,0920,,,,,,,,,,,レ,,,,,,,,,,1204,,,,,,,,,,,,,,,,,,,,,,,,,,,,,,,,,,,,,,,1413,,,,,,,,,,,,,,,,,,,,1633,,レ,,,,,,,1734,,,,,,,,,,,,,,レ,,,,,1842,,,,,,2027,,,,,,,,,,,
小高_小高,発,,,,,,,,,,,,,,,,,,,,,,,,,,,,,,0543,,,,,,,,,,,0620,,,,,,0702,,,,,,,,,,,,,,0801,,,,,,,,,,,,,,,0925,,,,,,,,,,,レ,,,,,,,,,,1209,,,,,,,,,,,,,,,,,,,,,,,,,,,,,,,,,,,,,,,1418,,,,,,,,,,,,,,,,,,,,1638,,レ,,,,,,,1739,,,,,,,,,,,,,,レ,,,,,1847,,,,,,2032,,,,,,,,,,,
桃内_桃内,発,,,,,,,,,,,,,,,,,,,,,,,,,,,,,,0547,,,,,,,,,,,0627,,,,,,0706,,,,,,,,,,,,,,0805,,,,,,,,,,,,,,,0929,,,,,,,,,,,レ,,,,,,,,,,1213,,,,,,,,,,,,,,,,,,,,,,,,,,,,,,,,,,,,,,,1422,,,,,,,,,,,,,,,,,,,,1642,,レ,,,,,,,1743,,,,,,,,,,,,,,レ,,,,,1855,,,,,,2036,,,,,,,,,,,
浪江_浪江,発,,,,,,,,,,,,,,,,,,,,,,,,,,,,,,0552,,,,,,,,,,,0631,,,,,,0711,,,,,,,,,,,,,,0810,,,,,,,,,,,,,,,0933,,,,,,,,,,,1125,,,,,,,,,,1218,,,,,,,,,,,,,,,,,,,,,,,,,,,,,,,,,,,,,,,1427,,,,,,,,,,,,,,,,,,,,1646,,1725,,,,,,,1754,,,,,,,,,,,,,,1924,,,,,1908,,,,,,2041,,,,,,,,,,,
双葉_双葉,発,,,,,,,,,,,,,,,,,,,,,,,,,,,,,,0556,,,,,,,,,,,0636,,,,,,0716,,,,,,,,,,,,,,0815,,,,,,,,,,,,,,,0938,,,,,,,,,,,1130,,,,,,,,,,1222,,,,,,,,,,,,,,,,,,,,,,,,,,,,,,,,,,,,,,,1431,,,,,,,,,,,,,,,,,,,,1651,,1729,,,,,,,1758,,,,,,,,,,,,,,1928,,,,,1913,,,,,,2045,,,,,,,,,,,
大野_大野,発,,,,,,,,,,,,,,,,,,,,,,,,,,,,,,0601,,,,,,,,,,,0641,,,,,,0721,,,,,,,,,,,,,,0820,,,,,,,,,,,,,,,0943,,,,,,,,,,,1136,,,,,,,,,,1227,,,,,,,,,,,,,,,,,,,,,,,,,,,,,,,,,,,,,,,1437,,,,,,,,,,,,,,,,,,,,1656,,1734,,,,,,,1803,,,,,,,,,,,,,,1933,,,,,1918,,,,,,2050,,,,,,,,,,,
夜ノ森_夜ノ森,発,,,,,,,,,,,,,,,,,,,,,,,,,,,,,,0607,,,,,,,,,,,0646,,,,,,0726,,,,,,,,,,,,,,0825,,,,,,,,,,,,,,,0948,,,,,,,,,,,レ,,,,,,,,,,1232,,,,,,,,,,,,,,,,,,,,,,,,,,,,,,,,,,,,,,,1442,,,,,,,,,,,,,,,,,,,,1701,,レ,,,,,,,1808,,,,,,,,,,,,,,レ,,,,,1923,,,,,,2055,,,,,,,,,,,
富岡_富岡,発,,,,,,,,,,,,,,,,,,,,,,,,,,,,,,0612,,,,,,,,,,,0651,,,,,,0730,,,,,,,,,,,,,,0830,,,,,,,,,,,,,,,0953,,,,,,,,,,,1144,,,,,,,,,,1237,,,,,,,,,,,,,,,,,,,,,,,,,,,,,,,,,,,,,,,1447,,,,,,,,,,,,,,,,,,,,1706,,1743,,,,,,,1813,,,,,,,,,,,,,,1942,,,,,1933,,,,,,2100,,,,,,,,,,,
竜田_竜田,発,,,,,,,,,,,,,,,,,,,,,,,,,,,,,,0619,,,,,,,,,,,0658,,,,,,0737,,,,,,,,,,,,,,0837,,,,,,,,,,,,,,,0959,,,,,,,,,,,レ,,,,,,,,,,1243,,,,,,,,,,,,,,,,,,,,,,,,,,,,,,,,,,,,,,,1454,,,,,,,,,,,,,,,,,,,,1712,,レ,,,,,,,1823,,,,,,,,,,,,,,レ,,,,,1940,,,,,,2107,,,,,,,,,,,
木戸_木戸,発,,,,,,,,,,,,,,,,,,,,,,,,,,,,,,0622,,,,,,,,,,,0701,,,,,,0741,,,,,,,,,,,,,,0840,,,,,,,,,,,,,,,1003,,,,,,,,,,,レ,,,,,,,,,,1247,,,,,,,,,,,,,,,,,,,,,,,,,,,,,,,,,,,,,,,1458,,,,,,,,,,,,,,,,,,,,1716,,レ,,,,,,,1827,,,,,,,,,,,,,,レ,,,,,1944,,,,,,2112,,,,,,,,,,,
Ｊヴィレッジ_Ｊヴィレッジ,発,,,,,,,,,,,,,,,,,,,,,,,,,,,,,,0625,,,,,,,,,,,0704,,,,,,0744,,,,,,,,,,,,,,0843,,,,,,,,,,,,,,,1006,,,,,,,,,,,レ,,,,,,,,,,1250,,,,,,,,,,,,,,,,,,,,,,,,,,,,,,,,,,,,,,,1501,,,,,,,,,,,,,,,,,,,,1719,,レ,,,,,,,1830,,,,,,,,,,,,,,レ,,,,,1946,,,,,,2114,,,,,,,,,,,
広野_広野,発,,,,,,,,,,,,,,,,,,,,0519,,,,,,,,,,0632,,,,,,,,,,,0708,,,,,,0747,,,,,,,,,,,,,,0847,,,,,,,,,,,,,,,1010,,,,,,,,,1121,,1158,,,,,,,,,,1254,,,,,,,,,,,,,,,,,,,,,,,,,,1420,,,,,,,,,,,,,1505,,,,,,,,,,,,1626,,,,,,,,1723,,1757,,,,,,,1835,,,,,,,,,,,1914,,,1956,,,,,2000,,,,,,2118,,,,,,,,,,,
末続_末続,発,,,,,,,,,,,,,,,,,,,,0525,,,,,,,,,,0637,,,,,,,,,,,0713,,,,,,0752,,,,,,,,,,,,,,0852,,,,,,,,,,,,,,,1015,,,,,,,,,1127,,レ,,,,,,,,,,1259,,,,,,,,,,,,,,,,,,,,,,,,,,1425,,,,,,,,,,,,,1510,,,,,,,,,,,,1631,,,,,,,,1727,,レ,,,,,,,1840,,,,,,,,,,,1920,,,レ,,,,,2006,,,,,,2123,,,,,,,,,,,
久ノ浜_久ノ浜,発,,,,,,,,,,,,,,,,,,,,0528,,,,,,,,,,0641,,,,,,,,,,,0716,,,,,,0756,,,,,,,,,,,,,,0855,,,,,,,,,,,,,,,1019,,,,,,,,,1131,,レ,,,,,,,,,,1302,,,,,,,,,,,,,,,,,,,,,,,,,,1429,,,,,,,,,,,,,1514,,,,,,,,,,,,1635,,,,,,,,1731,,レ,,,,,,,1844,,,,,,,,,,,1924,,,レ,,,,,2009,,,,,,2127,,,,,,2200,,,,,
四ツ倉_四ツ倉,発,,,,,,,,,,,,,,,,,,,,0533,,,,,,,,,,0646,,,,,,,,,,,0721,,,,,,0801,,,,,,,,,,,,,,0900,,,,,,,,,,,,,,,1024,,,,,,,,,1136,,レ,,,,,,,,,,1307,,,,,,,,,,,,,,,,,,,,,,,,,,1434,,,,,,,,,,,,,1519,,,,,,,,,,,,1640,,,,,,,,1736,,レ,,,,,,,1849,,,,,,,,,,,1929,,,レ,,,,,2014,,,,,,2133,,,,,,2205,,,,,
草野_草野,発,,,,,,,,,,,,,,,,,,,,0537,,,,,,,,,0625,0650,,,,,,,,,,,0726,,,,,,0806,,,,,,,,,,,,,,0904,,,,,,,,,,,,,,,1029,,,,,,,,,1140,,レ,,,,,,,,,,1311,,,,,,,,,,,,,,,,,,,,,,,,,,1438,,,,,,,,,,,,,1523,,,,,,,,,,,,1644,,,,,,,,1740,,レ,,,,,,,1853,,,,,,,,,,,1933,,,レ,,,,,2019,,,,,,2137,,,,,,2209,,,,,
いわき_いわき,着,,,,,,,,,,,,,,,,,,,,0543,,,,,,,,,0631,0655,,,,,,,,,,,0732,,,,,,0812,,,,,,,,,,,,,,0909,,,,,,,,,,,,,,,1034,,,,,,,,,1145,,1216,,,,,,,,,,1316,,,,,,,,,,,,,,,,,,,,,,,,,,1444,,,,,,,,,,,,,1529,,,,,,,,,,,,1650,,,,,,,,1745,,1815,,,,,,,1858,,,,,,,,,,,1938,,,2014,,,,,2024,,,,,,2143,,,,,,2215,,,,,
いわき_いわき,発,,,,,,,,,,,,,,,,,,,0537,,0553,,,,0602,,,,0633,,0703,,,,,0711,,,,,,,,0745,0755,,,0818,,,,,,0842,,,0920,,,,0912,,,0942,,1017,,,,,,,,,,1045,1120,,,,,,,,1149,,1218,,,,,,,,1248,,,1323,,,,,,,,,,,,1348,,1418,,,,,,,,,,,,,,1518,,1507,,,,,,,,1546,,1618,,,,1608,,,,,,1654,,1721,,,,,1735,1755,,1817,,,,,,1838,,,,,,,1918,1908,,,,1952,,,2016,,,,,,,2050,,,,,,2200,,,,,,,,,
内郷_内郷,発,,,,,,,,,,,,,,,,,,,0542,,レ,,,,0607,,,,0637,,レ,,,,,0716,,,,,,,,0750,0800,,,レ,,,,,,0847,,,レ,,,,0917,,,0947,,レ,,,,,,,,,,1050,レ,,,,,,,,1154,,レ,,,,,,,,1253,,,レ,,,,,,,,,,,,1353,,レ,,,,,,,,,,,,,,レ,,1512,,,,,,,,1550,,レ,,,,1613,,,,,,1659,,レ,,,,,1740,1800,,レ,,,,,,1843,,,,,,,レ,1912,,,,1956,,,レ,,,,,,,2055,,,,,,2204,,,,,,,,,
湯本_湯本,発,,,,,,,,,,,,,,,,,,,0545,,0559,,,,0610,,,,0641,,0709,,,,,0720,,,,,,,,0754,0804,,,0824,,,,,,0850,,,0926,,,,0929,,,0951,,1023,,,,,,,,,,1054,1126,,,,,,,,1157,,1224,,,,,,,,1257,,,1329,,,,,,,,,,,,1357,,1424,,,,,,,,,,,,,,1524,,1515,,,,,,,,1554,,1624,,,,1616,,,,,,1703,,1727,,,,,1744,1804,,1823,,,,,,1847,,,,,,,1924,1916,,,,2000,,,2022,,,,,,,2058,,,,,,2208,,,,,,,,,
泉_泉,発,,,,,,,,,,,,,,,,,,,0551,,0604,,,,0616,,,,0647,,0714,,,,,0725,,,,,,,,0759,0809,,,0829,,,,,,0856,,,0931,,,,0935,,,0956,,1028,,,,,,,,,,1100,1131,,,,,,,,1203,,1229,,,,,,,,1302,,,1334,,,,,,,,,,,,1402,,1429,,,,,,,,,,,,,,1529,,1521,,,,,,,,1600,,1629,,,,1622,,,,,,1708,,1732,,,,,1749,1809,,1828,,,,,,1852,,,,,,,1929,1921,,,,2005,,,2027,,,,,,,2104,,,,,,2213,,,,,,,,,
植田_植田,発,,,,,,,,,,,,,,,,,,,0557,,レ,,,,0622,,,,0653,,レ,,,,,0732,,,,,,,,0805,0816,,,レ,,,,,,0902,,,レ,,,,0941,,,1003,,レ,,,,,,,,,,1107,レ,,,,,,,,1209,,レ,,,,,,,,1309,,,レ,,,,,,,,,,,,1409,,レ,,,,,,,,,,,,,,レ,,1527,,,,,,,,1606,,レ,,,,1628,,,,,,1715,,レ,,,,,1756,1816,,レ,,,,,,1858,,,,,,,レ,1928,,,,2012,,,レ,,,,,,,2110,,,,,,2220,,,,,,,,,
勿来_勿来,発,,,,,,,,,,,,,,,,,,,0601,,0613,,,,0626,,,,0658,,レ,,,,,0736,,,,,,,,0810,0821,,,0837,,,,,,0906,,,レ,,,,0946,,,1007,,1037,,,,,,,,,,1111,レ,,,,,,,,1213,,1238,,,,,,,,1313,,,レ,,,,,,,,,,,,1413,,1437,,,,,,,,,,,,,,レ,,1532,,,,,,,,1610,,1637,,,,1632,,,,,,1719,,レ,,,,,1801,1820,,1837,,,,,,1903,,,,,,,レ,1932,,,,2016,,,2035,,,,,,,2114,,,,,,2224,,,,,,,,,
大津港_大津港,発,,,,,,,,,,,,,,,,,,,0606,,レ,,,,0631,,,,0703,,レ,,,,,0741,,,,,,,,0814,0825,,,レ,,,,,,0911,,,レ,,,,0950,,,1012,,レ,,,,,,,,,,1116,レ,,,,,,,,1218,,レ,,,,,,,,1318,,,レ,,,,,,,,,,,,1418,,レ,,,,,,,,,,,,,,レ,,1542,,,,,,,,1615,,レ,,,,1643,,,,,,1724,,レ,,,,,1805,1825,,レ,,,,,,1907,,,,,,,レ,1942,,,,2020,,,レ,,,,,,,2118,,,,,,2228,,,,,,,,,
磯原_磯原,発,,,,,,,,,,,,,,,,,,,0611,,0621,,,,0636,,,,0709,,0729,,,,,0747,,,,,,,,0820,0832,,,レ,,,,,,0916,,,0946,,,,0956,,,1018,,レ,,,,,,,,,,1122,1146,,,,,,,,1224,,レ,,,,,,,,1324,,,1349,,,,,,,,,,,,1424,,レ,,,,,,,,,,,,,,1544,,1548,,,,,,,,1621,,レ,,,,1649,,,,,,1730,,1747,,,,,1811,1831,,レ,,,,,,1913,,,,,,,1944,1949,,,,2026,,,レ,,,,,,,2124,,,,,,2234,,,,,,,,,
南中郷_南中郷,発,,,,,,,,,,,,,,,,,,,0616,,レ,,,,0641,,,,0713,,レ,,,,,0751,,,,,,,,0824,0836,,,レ,,,,,,0921,,,レ,,,,1000,,,1023,,レ,,,,,,,,,,1127,レ,,,,,,,,1228,,レ,,,,,,,,1328,,,レ,,,,,,,,,,,,1428,,レ,,,,,,,,,,,,,,レ,,1552,,,,,,,,1625,,レ,,,,1653,,,,,,1734,,レ,,,,,1815,1836,,レ,,,,,,1917,,,,,,,レ,1953,,,,2030,,,レ,,,,,,,2128,,,,,,2238,,,,,,,,,
高萩_高萩,発,,,,,,,0452,,,,,0522,,0549,,,,,0620,,0627,,,0603,0645,0656,,,0718,,レ,0706,,,,0756,0810,,0742,0817,,,,0828,0841,,,0850,0902,,,,,0925,,0943,レ,,,,1004,1016,,1027,,1051,,,,,,,1104,,,1131,レ,,,,,,1204,,1232,,1251,,,,,,1304,,1332,,,レ,,,,,,,,1404,,,,1432,,1450,,,,,,,,,1504,,,1532,,レ,,1557,,,,,,,,1629,,1650,,,,1658,,,,,,1739,,レ,1720,,,1805,1820,1840,,1850,,,,,,1922,,,,,,,レ,1957,,,,2035,,,2049,,,,,,,2133,,,,,,2243,,,,,,,,,
十王_十王,発,,,,,,,0457,,,,,0527,,レ,,,,,0625,,レ,,,0608,0651,レ,,,0723,,レ,0711,,,,0801,レ,,0748,0823,,,,0834,0846,,,レ,0907,,,,,0930,,0948,レ,,,,1010,レ,,1033,,レ,,,,,,,1110,,,1137,レ,,,,,,1210,,1238,,レ,,,,,,1310,,1338,,,レ,,,,,,,,1410,,,,1438,,レ,,,,,,,,,1510,,,1538,,レ,,1602,,,,,,,,1634,,レ,,,,1703,,,,,,1744,,レ,1726,,,1810,1825,1846,,レ,,,,,,1927,,,,,,,レ,2002,,,,2040,,,レ,,,,,,,2138,,,,,,2248,,,,,,,,,
小木津_小木津,発,,,,,,,0501,,,,,0531,,レ,,,,,0629,,レ,,,0613,0655,レ,,,0728,,レ,0715,,,,0806,レ,,0752,0827,,,,0838,0851,,,レ,0912,,,,,0934,,0953,レ,,,,1014,レ,,1037,,レ,,,,,,,1114,,,1142,レ,,,,,,1214,,1242,,レ,,,,,,1314,,1342,,,レ,,,,,,,,1414,,,,1442,,レ,,,,,,,,,1514,,,1542,,レ,,1606,,,,,,,,1639,,レ,,,,1707,,,,,,1749,,レ,1730,,,1815,1830,1850,,レ,,,,,,1931,,,,,,,レ,2007,,,,2044,,,レ,,,,,,,2142,,,,,,2252,,,,,,,,,
日立_日立,着,,,,,,,0505,,,,,0535,,0559,,,,,0634,,0638,,,0618,0700,0706,,,0733,,0744,0719,,,,0810,0821,,0757,0831,,,,0843,0855,,,0901,0916,,,,,0939,,0957,1001,,,,1018,1026,,1042,,1102,,,,,,,1118,,,1146,1202,,,,,,1218,,1246,,1301,,,,,,1318,,1346,,,1404,,,,,,,,1418,,,,1446,,1501,,,,,,,,,1518,,,1546,,1601,,1610,,,,,,,,1643,,1701,,,,1711,,,,,,1753,,1803,1734,,,1819,1834,1855,,1900,,,,,,1935,,,,,,,1959,2011,,,,2048,,,2059,,,,,,,2146,,,,,,2256,,,,,,,,,
日立_日立,発,,,,,,,0506,,,,,0536,,0559,,,,,0634,,0638,,,0618,0700,0707,,,0734,,0745,0720,,,,0811,0821,,0757,0832,,,,0843,0856,,,0901,0916,,,,,0939,,0957,1002,,,,1019,1027,,1042,,1102,,,,,,,1119,,,1147,1202,,,,,,1219,,1247,,1302,,,,,,1319,,1347,,,1405,,,,,,,,1419,,,,1447,,1502,,,,,,,,,1519,,,1547,,1602,,1611,,,,,,,,1644,,1702,1705,1705,,1712,,,,,,1754,,1803,1735,,,1819,1835,1855,,1900,,,,,,1936,,,,,,,2000,2012,,,,2049,,,2100,,,,,,,2147,,,,,,2257,,,,,,,,,
常陸多賀_常陸多賀,発,,,,,,,0510,,,,,0540,,0604,,,,,0645,,0642,,,0623,0714,0711,,,0739,,0749,0724,,,,0816,0826,,0802,0836,,,,0848,0909,,,0906,0921,,,,,0944,,1010,1006,,,,1023,1031,,1047,,1107,,,,,,,1123,,,1151,1207,,,,,,1223,,1251,,1306,,,,,,1323,,1351,,,レ,,,,,,,,1423,,,,1451,,1506,,,,,,,,,1523,,,1551,,1606,,1615,,,,,,,,1649,,1706,1709,1709,,1716,,,,,,1758,,レ,1740,,,1824,1840,1907,,1905,,,,,,1940,,,,,,,2004,2016,,,,2053,,,2104,,,,,,,2151,,,,,,2301,,,,,,,,,
大甕_大甕,発,,,,,,,0515,,,,,0545,,0608,,,,,0650,,レ,,,0628,0718,0715,,,0743,,0753,0729,,,,0820,0831,,0807,0841,,,,0852,0915,,,0910,0925,,,,,0948,,1015,1010,,,,1028,1035,,1052,,レ,,,,,,,1128,,,1156,レ,,,,,,1228,,1256,,1310,,,,,,1328,,1356,,,レ,,,,,,,,1428,,,,1456,,1510,,,,,,,,,1528,,,1556,,1610,,1620,,,,,,,,1653,,1710,1713,1713,,1721,,,,,,1803,,レ,1744,,,1828,1844,1912,,1909,,,,,,1945,,,,,,,2008,2021,,,,2058,,,2108,,,,,,,2156,,,,,,2306,,,,,,,,,
東海_東海,発,,,,,,,0521,,,,,0551,,0613,,,,,0656,,レ,,,0634,0724,0720,,,0749,,レ,0734,,,,0826,レ,,0813,0847,,,,0859,0922,,,レ,0931,,,,,0954,,1021,レ,,,,1034,1040,,1058,,レ,,,,,,,1134,,,1202,レ,,,,,,1234,,1302,,レ,,,,,,1334,,1402,,,レ,,,,,,,,1434,,,,1502,,レ,,,,,,,,,1534,,,1602,,レ,,1626,,,,,,,,1659,,レ,1719,1719,,1727,,,,,,1815,,レ,1750,,,1834,1851,1919,,1914,,,,,,1951,,,,,,,2014,2027,,,,2104,,,2114,,,,,,,2202,,,,,,2312,,,,,,,,,
佐和_佐和,発,,,,,,,0525,,,,,0555,,レ,,,,,0700,,レ,,,0639,0729,レ,,,0754,,レ,0738,,,,0831,レ,,0818,0851,,,,0903,0927,,,レ,0935,,,,,0958,,1026,レ,,,,1038,レ,,1103,,レ,,,,,,,1138,,,1206,レ,,,,,,1238,,1306,,レ,,,,,,1338,,1406,,,レ,,,,,,,,1438,,,,1506,,レ,,,,,,,,,1538,,,1606,,レ,,1630,,,,,,,,1703,,レ,レ,レ,,1731,,,,,,1820,,レ,1755,,,1838,1855,1923,,レ,,,,,,1955,,,,,,,レ,2031,,,,2108,,,レ,,,,,,,2206,,,,,,2316,,,,,,,,,
勝田_勝田,着,,,,,,,0528,,,,,0559,,0619,,,,,0704,,0655,,,0643,0733,0726,,,0758,,0803,0742,,,,0835,0840,,0822,0854,,,,0907,0931,,,0920,0939,,,,,1002,,1030,1020,,,,1042,1046,,1107,,1120,,,,,,,1143,,,1210,1220,,,,,,1243,,1310,,1320,,,,,,1343,,1410,,,1420,,,,,,,,1443,,,,1510,,1520,,,,,,,,,1543,,,1610,,1620,,1633,,,,,,,,1707,,1720,1724,1724,,1734,,,,,,1824,,1820,1759,,,1843,1900,1927,,1920,,,,,,1959,,,,,,,2020,2034,,,,2112,,,2120,,,,,,,2210,,,,,,2320,,,,,,,,,
勝田_勝田,発,0427,0452,,,0510,0520,0529,0550,,,0537,0600,,0620,0545,,,,0705,,0656,0627,,0644,0734,0727,0714,0720,0759,,0804,0743,,,,0836,0841,,0823,0855,,,,0908,0933,,,0921,0941,0947,0914,,0958,1003,,1032,1021,,,1026,1043,1047,1057,1108,,1121,,,,1125,1147,,1149,,,1211,1221,,,1225,,1247,1249,,1311,,1321,,,,1325,1347,1349,,1411,,,1421,,,1427,,1425,1月4日はこの時刻に変更__1432_1月4日はこの時刻に変更_,1447,1449,,1502,1502,1511,,1521,,,1527,,1547,1524,1524,,1550,,,1611,,1621,,1634,1647,,,1642,1658,1658,1658,1713,,1721,1725,1725,,1735,1747,,1752,,1808,1825,,1821,1800,1847,,1853,1901,1928,,1921,,,1915,1947,1933,2000,,,,,,2008,2021,2035,2047,,,2113,,,2121,,2102,2147,2140,,2203,2212,,,2232,,,2321,,2326,,,,,,,
水戸_水戸,着,0432,0457,,,0515,0526,0535,0555,,,0543,0606,,0625,0552,,,,0711,,0701,0634,,0650,0740,0732,0720,0726,0805,,0809,0747,,,,0842,0847,,0830,0901,,,,0914,0941,,,0926,0948,0952,0920,,1006,1010,,1039,1026,,,1032,1049,1052,1103,1115,,1126,,,,1132,1152,,1156,,,1217,1226,,,1232,,1252,1256,,1317,,1326,,,,1332,1352,1356,,1417,,,1426,,,1432,,1432,1月4日はこの時刻に変更__1438_1月4日はこの時刻に変更_,1452,1456,,1508,1508,1517,,1526,,,1533,,1552,1530,1530,,1557,,,1617,,1626,,1641,1652,,,1648,1705,1705,1705,1721,,1726,1730,1730,,1742,1752,,1758,,1814,1832,,1826,1806,1852,,1901,1907,1935,,1926,,,1922,1952,1939,2006,,,,,,2014,2026,2041,2052,,,2119,,,2126,,2108,2152,2146,,2210,2218,,,2238,,,2328,,2332,,,,,,,
水戸_水戸,発,0433,0458,,,0516,0538,,0556,,0549,0559,,,0626,0610,,0629,0653,,,0702,0641,,0705,,0733,0721,0735,,,0810,0749,,0813,0839,,0848,,0835,,,,0908,,,,,0927,,0953,0933,1002,1007,,,,1027,,,1037,,1053,1105,,,1127,,,,1137,1153,,,,1204,,1227,,,1237,,1253,,1304,,,1327,,,,1337,1353,,1404,,,,1427,,,1436,,1437,1月4日はこの時刻に変更__1439_1月4日はこの時刻に変更_,1453,,1500,1513,1513,,,1527,,,1534,,1553,1531,1531,,,1606,,,,1627,,,1653,1631,,1701,1706,1706,1706,,,1727,1731,1731,,,1753,1734,1800,,1815,,,1827,1830,1853,1838,,1911,,,1927,,,1930,1953,1940,,,,,,2011,2016,2027,,2053,2100,2110,,,,2127,,2130,2153,2156,,2230,,,,2240,,,,,2335,,,,,,,
偕楽園_偕楽園,発,レ,レ,,,レ,レ,,レ,,レ,レ,,,レ,レ,,レ,レ,,,レ,レ,,レ,,レ,レ,レ,,,レ,レ,,レ,レ,,レ,,レ,,,,レ,,,,,レ,,レ,レ,レ,レ,,,,レ,,,レ,,レ,レ,,,レ,,,,レ,レ,,,,レ,,レ,,,レ,,レ,,レ,,,レ,,,,レ,レ,,レ,,,,レ,,,レ,,レ,1月4日はこの時刻に変更__レ_1月4日はこの時刻に変更_,レ,,レ,レ,レ,,,レ,,,レ,,レ,レ,レ,,,レ,,,,レ,,,レ,レ,,レ,レ,レ,レ,,,レ,レ,レ,,,レ,レ,レ,,レ,,,レ,レ,レ,レ,,レ,,,レ,,,レ,レ,レ,,,,,,レ,レ,レ,,レ,レ,レ,,,,レ,,レ,レ,レ,,レ,,,,レ,,,,,レ,,,,,,,
赤塚_赤塚,発,0439,0504,,,0522,0544,,0601,,0555,0605,,,0631,0615,,0635,0700,,,レ,0647,,0710,,0738,0727,0742,,,レ,0755,,0819,0845,,レ,,0840,,,,0914,,,,,レ,,レ,0939,1009,1014,,,,レ,,,1043,,レ,1111,,,レ,,,,1143,レ,,,,1210,,レ,,,1243,,レ,,1310,,,レ,,,,1343,レ,,1410,,,,レ,,,レ,,1443,1月4日はこの時刻に変更__1445_1月4日はこの時刻に変更_,レ,,1506,1519,1519,,,レ,,,レ,,レ,1537,1月2～4日はこの時刻に変更__1541_1月2～4日はこの時刻に変更_,,,1611,,,,レ,,,レ,1637,,1707,1712,1712,1712,,,レ,レ,レ,,,レ,1740,1806,,1821,,,レ,1836,レ,1844,,1916,,,レ,,,1937,レ,1946,,,,,,2017,2022,レ,,レ,2106,2116,,,,レ,,2136,レ,2201,,2236,,,,2245,,,,,2341,,,,,,,
内原_内原,発,0443,0509,,,0527,0549,,レ,,0600,0610,,,レ,0620,,0639,0704,,,レ,0652,,0715,,レ,0732,0747,,,レ,0800,,0824,0850,,レ,,0845,,,,0918,,,,,レ,,レ,0944,1014,1019,,,,レ,,,1048,,レ,1115,,,レ,,,,1148,レ,,,,1215,,レ,,,1248,,レ,,1315,,,レ,,,,1348,レ,,1415,,,,レ,,,レ,,1448,1月4日はこの時刻に変更__1449_1月4日はこの時刻に変更_,レ,,1511,1525,1525,,,レ,,,レ,,レ,1541,1月2～4日はこの時刻に変更__1546_1月2～4日はこの時刻に変更_,,,1616,,,,レ,,,レ,1641,,1712,1717,1717,1717,,,レ,レ,レ,,,レ,1745,1811,,1826,,,レ,1842,レ,1848,,1921,,,レ,,,1943,レ,1950,,,,,,2022,2026,レ,,レ,2111,2121,,,,レ,,2140,レ,2206,,2242,,,,2250,,,,,2345,,,,,,,
友部_友部,着,0447,0514,,,0531,0553,,0609,,0604,0615,,,0638,0624,,0643,0709,,,レ,0657,,0719,,0745,0737,0752,,,レ,0803,,0828,0855,,0858,,0849,,,,0922,,,,,レ,,1003,0948,1019,1023,,,,レ,,,1053,,1103,1120,,,レ,,,,1153,1203,,,,1220,,レ,,,1253,,1303,,1320,,,レ,,,,1353,1403,,1420,,,,レ,,,1446,,1452,1月4日はこの時刻に変更__1453_1月4日はこの時刻に変更_,1503,,1516,1530,1530,,,レ,,,1545,,1603,1545,1月2～4日はこの時刻に変更__1549_1月2～4日はこの時刻に変更_,,,1619,,,,レ,,,1703,1645,,1717,1721,1721,1721,,,レ,1741,1741,,,1803,1749,1814,,1830,,,レ,1847,1903,1852,,1925,,,レ,,,1948,2003,1954,,,,,,2027,2030,レ,,2103,2114,2126,,,,レ,,2144,2203,2209,,2247,,,,2254,,,,,2349,,,,,,,
友部_友部,発,0448,0514,,,0531,0553,,0610,,0604,0622,,,0638,0624,,0644,0713,,,レ,0657,,0720,,0745,0737,0753,,,レ,0804,,0828,0901,,0859,,0849,,,,0923,,,,,レ,,1003,0948,1021,1024,,,,レ,,,1053,,1103,1121,,,レ,,,,1153,1204,,,,1221,,レ,,,1253,,1304,,1321,,,レ,,,,1353,1404,,1421,,,,レ,,,1446,,1452,1月4日はこの時刻に変更__1453_1月4日はこの時刻に変更_,1504,,1516,1549,1月2～4日はこの時刻に変更__1552_1月2～4日はこの時刻に変更_,,,レ,,,1545,,1603,1546,1月2～4日はこの時刻に変更__1550_1月2～4日はこの時刻に変更_,,,1620,,,,レ,,,1703,1646,,1718,1722,1722,1722,,,レ,1742,1742,,,1803,1749,1815,,1830,,,レ,1858,1903,1852,,1926,,,レ,,,1949,2003,1955,,,,,,2042,2030,レ,,2103,2115,2140,,,,レ,,2144,2203,2210,,2248,,,,2254,,,,,2349,,,,,,,
岩間_岩間,発,0453,・,,,0537,0558,,レ,,0610,・,,,レ,0629,,0649,・,,,レ,0703,,0725,,レ,0743,・,,,レ,0809,,0834,・,,レ,,0855,,,,0928,,,,,レ,,レ,0953,・,1029,,,,レ,,,1059,,レ,1128,,,レ,,,,1159,レ,,,,1228,,レ,,,1259,,レ,,1328,,,レ,,,,1359,レ,,1427,,,,レ,,,レ,,1458,1月4日はこの時刻に変更__1459_1月4日はこの時刻に変更_,レ,,1522,・,・,,,レ,,,レ,,レ,1551,1月2～4日はこの時刻に変更__1555_1月2～4日はこの時刻に変更_,,,1625,,,,レ,,,レ,1651,,・,1727,1727,1727,,,レ,レ,レ,,,レ,1755,1820,,1836,,,レ,・,レ,1858,,1931,,,レ,,,・,レ,2000,,,,,,・,2036,レ,,レ,2120,・,,,,レ,,2150,レ,2215,,・,,,,2259,,,,,2355,,,,,,,
羽鳥_羽鳥,発,0457,・,,,0541,0603,,レ,,0619,・,,,レ,0634,,0653,・,,,レ,0707,,0729,,レ,0747,・,,,レ,0813,,0838,・,,レ,,0900,,,,0932,,,,,レ,,レ,0958,・,1034,,,,レ,,,1104,,レ,1134,,,レ,,,,1204,レ,,,,1234,,レ,,,1304,,レ,,1333,,,レ,,,,1404,レ,,1432,,,,レ,,,レ,,1502,1月4日はこの時刻に変更__1503_1月4日はこの時刻に変更_,レ,,1526,・,・,,,レ,,,レ,,レ,1555,1月2～4日はこの時刻に変更__1559_1月2～4日はこの時刻に変更_,,,1629,,,,レ,,,レ,1656,,・,1731,1731,1731,,,レ,レ,レ,,,レ,1759,1824,,1845,,,レ,・,レ,1902,,1936,,,レ,,,・,レ,2004,,,,,,・,2046,レ,,レ,2124,・,,,,レ,,2154,レ,2219,,・,,,,2304,,,,,2359,,,,,,,
石岡_石岡,発,0502,・,,,0546,0608,,0621,,0624,・,,,0649,0639,,0658,・,,,レ,0712,,0734,,0756,0759,・,,,レ,0818,,0843,・,,0910,,0912,,,,0937,,,,,レ,,1015,1003,・,1048,,,,レ,,,1117,,1115,1150,,,レ,,,,1217,1215,,,,1249,,レ,,,1317,,1315,,1338,,,レ,,,,1417,1415,,1437,,,,レ,,,1457,,1508,1508,1515,,1531,・,・,,,レ,,,1556,,1615,1601,1月2～4日はこの時刻に変更__1604_1月2～4日はこの時刻に変更_,,,1634,,,,レ,,,1715,1701,,・,1736,1736,1736,,,レ,1753,1753,,,1814,1804,1829,,1851,,,レ,・,1914,1907,,1948,,,レ,,,・,2014,2016,,,,,,・,2052,レ,,2114,2129,・,,,,レ,,2159,2214,2224,,・,,,,2309,,,,,0004,,,,,,,
高浜_高浜,発,0506,・,,,0550,0611,,レ,,0628,・,,,レ,0642,,0702,・,,,レ,0716,,0738,,レ,0803,・,,,レ,0822,,0847,・,,レ,,0916,,,,0941,,,,,レ,,レ,1007,・,1052,,,,レ,,,1122,,レ,1155,,,レ,,,,1222,レ,,,,1254,,レ,,,1322,,レ,,1343,,,レ,,,,1422,レ,,1442,,,,レ,,,レ,,1512,1512,レ,,1535,・,・,,,レ,,,レ,,レ,1605,1月2～4日はこの時刻に変更__1608_1月2～4日はこの時刻に変更_,,,1638,,,,レ,,,レ,1705,,・,1740,1740,1740,,,レ,レ,レ,,,レ,1808,1833,,1855,,,レ,・,レ,1911,,1953,,,レ,,,・,レ,2021,,,,,,・,2056,レ,,レ,2133,・,,,,レ,,2203,レ,2228,,・,,,,2312,,,,,0008,,,,,,,
神立_神立,発,0511,・,,,0555,0617,,レ,,0633,・,,,レ,0648,,0707,・,,,レ,0722,,0744,,レ,0808,・,,,レ,0827,,0852,・,,レ,,0921,,,,0953,,,,,レ,,レ,1013,・,1058,,,,レ,,,1127,,レ,1201,,,レ,,,,1227,レ,,,,1300,,レ,,,1327,,レ,,1402,,,レ,,,,1427,レ,,1454,,,,レ,,,レ,,1517,1517,レ,,1541,・,・,,,レ,,,レ,,レ,1611,1月2～4日はこの時刻に変更__1613_1月2～4日はこの時刻に変更_,,,1643,,,,レ,,,レ,1711,,・,1746,1746,1746,,,レ,レ,レ,,,レ,1814,1838,,1900,,,レ,・,レ,1916,,1958,,,レ,,,・,レ,2026,,,,,,・,2102,レ,,レ,2138,・,,,,レ,,2208,レ,2233,,・,,,,2318,,,,,0013,,,,,,,
土浦_土浦,着,0516,・,,,0601,0622,,0631,,0639,・,,,0659,0653,,0713,・,,,0731,0728,,0750,,0805,0813,・,,,0838,0833,,0858,・,,0919,,0928,,,,0958,,,,,レ,,1024,1019,・,1105,,,,レ,,,1132,,1124,1207,,,レ,,,,1232,1225,,,,1306,,レ,,,1332,,1325,,1409,,,レ,,,,1432,1425,,1500,,,,レ,,,1507,,1523,1523,1525,,1547,・,・,,,レ,,,1606,,1624,1617,1月2～4日はこの時刻に変更__1619_1月2～4日はこの時刻に変更_,,,1649,,,,レ,,,1724,1717,,・,1751,1751,1751,,,レ,1802,1802,,,1824,1820,1843,,1906,,,レ,・,1924,1921,,2004,,,レ,,,・,2024,2031,,,,,,・,2109,レ,,2124,2143,・,,,,2155,,2213,2224,2238,,・,,,,2323,,,,,0020,,,,,,,
土浦_土浦,発,0522,・,0547,0605,0613,0628,,0631,0636,0645,・,,0655,0659,0707,0717,0725,・,,,0732,0737,0747,0757,,0806,0819,・,,,0839,0842,0900,0909,・,,0920,0930,0944,,,1000,1013,,,,,レ,,1025,1028,・,,,,,レ,1050,1113,,,1125,,,,レ,1135,1157,1212,,1226,1235,,,,,レ,1257,1312,,,1326,,,,,レ,1335,1357,1412,,1426,,,,,,レ,1435,1457,1507,1510,,,1526,,,・,・,,,レ,1532,1550,1607,1610,1625,1628,1628,1641,,1700,,,,レ,1713,,1725,1728,1745,・,1802,11月22日はこの時刻に変更__1805_11月22日はこの時刻に変更_,12月1・8・15・22日・1月12・19・26日・2月2・9・16・22日はこの時刻に変更__1806_12月1・8・15・22日・1月12・19・26日・2月2・9・16・22日はこの時刻に変更_,,,レ,1802,12月1・8・15・22日・1月12・19・26日・2月2・9・16・22日はこの時刻に変更__1803_12月1・8・15・22日・1月12・19・26日・2月2・9・16・22日はこの時刻に変更_,1815,,1824,1832,1849,1900,1912,,,レ,・,1924,1930,,,,,レ,1947,2012,・,2024,2037,,,,,2058,・,2117,レ,,2124,2145,・,,,,2156,2204,2216,2224,2239,,・,,,,2325,,,,,,,,,,,,
荒川沖_荒川沖,発,0528,・,0553,0610,0619,0633,,0636,0643,0651,・,,0700,レ,0713,0723,0730,・,,,レ,0742,0752,0803,,レ,0825,・,,,レ,0848,0905,0914,・,,レ,0936,0950,,,1006,1018,,,,,レ,,レ,1034,・,,,,,レ,1055,1118,,,レ,,,,レ,1140,1202,1218,,レ,1240,,,,,レ,1302,1318,,,レ,,,,,レ,1340,1402,1418,,レ,,,,,,レ,1440,1502,レ,1515,,,レ,,,・,・,,,レ,1538,1555,レ,1615,レ,1634,1634,1647,,1706,,,,レ,1718,,レ,1733,1750,・,1807,11月22日はこの時刻に変更__1811_11月22日はこの時刻に変更_,12月1・8・15・22日・1月12・19・26日・2月2・9・16・22日はこの時刻に変更__1812_12月1・8・15・22日・1月12・19・26日・2月2・9・16・22日はこの時刻に変更_,,,レ,レ,レ,1821,,レ,1838,1855,1906,1917,,,レ,・,レ,1936,,,,,レ,1953,2018,・,レ,2042,,,,,2103,・,2122,レ,,レ,2150,・,,,,レ,2209,2221,レ,2244,,・,,,,2330,,,,,,,,,,,,
ひたち野うしく_ひたち野うしく,発,0531,・,0556,0613,0622,0636,,0639,0646,0654,・,,0708,レ,0717,0727,0733,・,,,レ,0745,0756,0806,,レ,0828,・,,,レ,0851,0908,0917,・,,レ,0939,0953,,,1009,1022,,,,,レ,,レ,1038,・,,,,,レ,1102,1121,,,レ,,,,レ,1143,1205,1221,,レ,1243,,,,,レ,1305,1321,,,レ,,,,,レ,1343,1405,1421,,レ,,,,,,レ,1443,1505,レ,1518,,,レ,,,・,・,,,レ,1541,1603,レ,1618,レ,1637,1637,1650,,1710,,,,レ,1721,,レ,1736,1753,・,1810,11月22日はこの時刻に変更__1814_11月22日はこの時刻に変更_,12月1・8・15・22日・1月12・19・26日・2月2・9・16・22日はこの時刻に変更__1815_12月1・8・15・22日・1月12・19・26日・2月2・9・16・22日はこの時刻に変更_,,,レ,レ,レ,1824,,レ,1842,1901,1909,1921,,,レ,・,レ,1940,,,,,レ,2001,2021,・,レ,2045,,,,,2106,・,2132,レ,,レ,2154,・,,,,レ,2212,2224,レ,2247,,・,,,,2333,,,,,,,,,,,,
牛久_牛久,発,0535,・,0559,0616,0627,0640,,0643,0651,0658,・,,0713,0708,0722,0731,0737,・,,,レ,0750,0800,0810,,0815,0832,・,,,レ,0854,0912,0921,・,,レ,0943,0957,,,1012,1026,,,,,レ,,レ,1042,・,,,,,レ,1107,1125,,,レ,,,,レ,1147,1209,1225,,レ,1247,,,,,レ,1309,1325,,,レ,,,,,レ,1347,1409,1425,,レ,,,,,,レ,1447,1509,レ,1522,,,レ,,,・,・,,,レ,1545,1608,レ,1622,レ,1641,1641,1654,,1714,,,,レ,1725,,レ,1740,1757,・,1814,11月22日はこの時刻に変更__1818_11月22日はこの時刻に変更_,12月1・8・15・22日・1月12・19・26日・2月2・9・16・22日はこの時刻に変更__1818_12月1・8・15・22日・1月12・19・26日・2月2・9・16・22日はこの時刻に変更_,,,レ,レ,レ,1828,,レ,1847,1905,1912,1925,,,レ,・,レ,1944,,,,,レ,2005,2024,・,レ,2049,,,,,2110,・,2136,レ,,レ,2158,・,,,,レ,2216,2228,レ,2251,,・,,,,2338,,,,,,,,,,,,
龍ケ崎市_龍ケ崎市,発,0539,・,0603,0621,0632,0644,,0648,0656,0703,・,,0718,0712,0728,0736,0747,・,,,レ,0754,0805,0822,,0820,0837,・,,,レ,0858,0916,0925,・,,レ,0947,1007,,,1016,1030,,,,,レ,,レ,1046,・,,,,,レ,1111,1129,,,レ,,,,レ,1151,1213,1230,,レ,1251,,,,,レ,1313,1330,,,レ,,,,,レ,1351,1413,1430,,レ,,,,,,レ,1451,1513,レ,1526,,,レ,,,・,・,,,レ,1549,1613,レ,1626,レ,1645,1645,1659,,1718,,,,レ,1729,,レ,1744,1808,・,1818,11月22日はこの時刻に変更__1822_11月22日はこの時刻に変更_,12月1・8・15・22日・1月12・19・26日・2月2・9・16・22日はこの時刻に変更__1822_12月1・8・15・22日・1月12・19・26日・2月2・9・16・22日はこの時刻に変更_,,,レ,レ,レ,1836,,レ,1852,1909,1916,1929,,,レ,・,レ,1949,,,,,レ,2009,2028,・,レ,2053,,,,,2115,・,2140,レ,,レ,2208,・,,,,レ,2221,2236,レ,2255,,・,,,,2342,,,,,,,,,,,,
藤代_藤代,発,0541,・,0606,レ,0635,0647,,レ,0659,0706,・,,0721,レ,0732,0740,0750,・,,,レ,0757,0807,0825,,レ,0841,・,,,レ,0901,0919,0928,・,,レ,0950,1010,,,1019,1032,,,,,レ,,レ,1049,・,,,,,レ,1115,1132,,,レ,,,,レ,1154,1216,1233,,レ,1254,,,,,レ,1316,1333,,,レ,,,,,レ,1354,1416,1433,,レ,,,,,,レ,1454,1516,レ,1529,,,レ,,,・,・,,,レ,1552,1616,レ,1629,レ,1648,1648,1702,,1721,,,,レ,1732,,レ,1747,1812,・,1821,11月22日はこの時刻に変更__1825_11月22日はこの時刻に変更_,12月1・8・15・22日・1月12・19・26日・2月2・9・16・22日はこの時刻に変更__1825_12月1・8・15・22日・1月12・19・26日・2月2・9・16・22日はこの時刻に変更_,,,レ,レ,レ,1839,,レ,1856,1912,1919,1932,,,レ,・,レ,1952,,,,,レ,2012,2031,・,レ,2056,,,,,2118,・,2143,レ,,レ,2211,・,,,,レ,2225,2239,レ,2258,,・,,,,2345,,,,,,,,,,,,
取手_取手,発,0547,・,0611,レ,0641,0652,,レ,0705,0711,・,,0727,レ,0738,0745,0755,・,,,レ,0803,0812,0830,,レ,0847,・,,,レ,0907,0924,0933,・,,レ,0955,1015,,,1024,1042,,,,,レ,,レ,1055,・,,,,,レ,1121,1142,,,レ,,,,レ,1159,1221,1242,,レ,1259,,,,,レ,1321,1342,,,レ,,,,,レ,1359,1421,1442,,レ,,,,,,レ,1459,1521,レ,1534,,,レ,,,・,・,,,レ,1557,1622,レ,1634,レ,1653,1653,1712,,1726,,,,レ,1742,,レ,1752,1818,・,1827,11月22日はこの時刻に変更__1830_11月22日はこの時刻に変更_,12月1・8・15・22日・1月12・19・26日・2月2・9・16・22日はこの時刻に変更__1830_12月1・8・15・22日・1月12・19・26日・2月2・9・16・22日はこの時刻に変更_,,,レ,レ,レ,1845,,レ,1902,1917,1924,1940,,,レ,・,レ,1958,,,,,レ,2017,2040,・,レ,2101,,,,,2123,・,2149,レ,,レ,2217,・,,,,レ,2230,2244,レ,2303,,・,,,,2350,,,,,,,,,,,,
天王台_天王台,発,0550,・,0615,レ,0645,0656,,レ,0709,0715,・,,0731,レ,0742,0749,0759,・,,,レ,0807,0817,0834,,レ,0851,・,,,レ,0910,レ,0936,・,,レ,0959,1019,,,レ,1046,,,,,レ,,レ,1100,・,,,,,レ,1124,1146,,,レ,,,,レ,1202,1224,1246,,レ,1302,,,,,レ,1324,1346,,,レ,,,,,レ,1402,1424,1446,,レ,,,,,,レ,1502,1524,レ,1537,,,レ,,,・,・,,,レ,1600,1627,レ,1637,レ,1657,1657,1716,,1730,,,,レ,1746,,レ,1755,1822,・,1830,11月22日はこの時刻に変更__1833_11月22日はこの時刻に変更_,12月1・8・15・22日・1月12・19・26日・2月2・9・16・22日はこの時刻に変更__1834_12月1・8・15・22日・1月12・19・26日・2月2・9・16・22日はこの時刻に変更_,,,レ,レ,レ,1849,,レ,1906,1920,1928,1945,,,レ,・,レ,2001,,,,,レ,2021,2044,・,レ,2104,,,,,2126,・,2152,レ,,レ,2221,・,,,,レ,2233,2248,レ,2306,,・,,,,2354,,,,,,,,,,,,
我孫子_我孫子,着,0553,・,0618,レ,0648,0659,,レ,0712,0718,・,,0734,レ,0745,0752,0802,・,,,レ,0810,0821,0838,,レ,0854,・,,,レ,0913,レ,0940,・,,レ,1002,1022,,,レ,1048,,,,,レ,,レ,1103,・,,,,,レ,1127,1148,,,レ,,,,レ,1205,1227,1249,,レ,1305,,,,,レ,1327,1349,,,レ,,,,,レ,1405,1427,1449,,レ,,,,,,レ,1505,1527,レ,1541,,,レ,,,・,・,,,レ,1603,1630,レ,1641,レ,1700,1700,1718,,1733,,,,レ,1749,,レ,1758,1825,・,1834,11月22日はこの時刻に変更__1836_11月22日はこの時刻に変更_,12月1・8・15・22日・1月12・19・26日・2月2・9・16・22日はこの時刻に変更__1836_12月1・8・15・22日・1月12・19・26日・2月2・9・16・22日はこの時刻に変更_,,,レ,レ,レ,1852,,レ,1908,1923,1931,1947,,,レ,・,レ,2004,,,,,レ,2024,2047,・,レ,2107,,,,,2130,・,2155,レ,,レ,2223,・,,,,レ,2236,2251,レ,2309,,・,,,,2357,,,,,,,,,,,,
我孫子_我孫子,発,0553,・,0618,レ,0648,0659,,レ,0713,0718,・,,0735,レ,0746,0752,0802,・,,,レ,0810,0822,0838,,レ,0855,・,,,レ,0914,レ,0946,・,,レ,1003,1023,,,レ,1049,,,,,レ,,レ,1104,・,,,,,レ,1127,1149,,,レ,,,,レ,1205,1227,1249,,レ,1305,,,,,レ,1327,1349,,,レ,,,,,レ,1405,1427,1449,,レ,,,,,,レ,1505,1527,レ,1547,,,レ,,,・,・,,,レ,1604,1631,レ,1646,レ,1701,1701,1719,,1734,,,,レ,1750,,レ,1758,1826,・,1835,11月22日はこの時刻に変更__1836_11月22日はこの時刻に変更_,12月1・8・15・22日・1月12・19・26日・2月2・9・16・22日はこの時刻に変更__1837_12月1・8・15・22日・1月12・19・26日・2月2・9・16・22日はこの時刻に変更_,,,レ,レ,レ,1853,,レ,1909,1924,1932,1948,,,レ,・,レ,2005,,,,,レ,2024,2047,・,レ,2107,,,,,2131,・,2156,レ,,レ,2224,・,,,,レ,2237,2251,レ,2309,,・,,,,,,,,,,,,,,,,
柏_柏,発,0557,・,0623,0637,0654,0704,,0707,0718,0723,・,,0741,0730,0750,0757,0807,・,,,レ,0815,0828,0843,,0834,0900,・,,,レ,0919,0932,0951,・,,0945,1009,1028,,,1032,1053,,,,,レ,,1047,1109,・,,,,,レ,1132,1153,,,1147,,,,レ,1210,1232,1253,,1248,1310,,,,,レ,1332,1353,,,1348,,,,,レ,1410,1432,1453,,1448,,,,,,レ,1510,1532,1531,1552,,,1547,,,・,・,,,レ,1609,1636,1632,1651,1646,1706,1706,1724,,1739,,,,レ,1755,,1746,1803,1830,・,1840,11月22日はこの時刻に変更__1840_11月22日はこの時刻に変更_,12月1・8・15・22日・1月12・19・26日・2月2・9・16・22日はこの時刻に変更__1841_12月1・8・15・22日・1月12・19・26日・2月2・9・16・22日はこの時刻に変更_,,,レ,1827,1827,1857,,1846,1913,1929,1936,1952,,,レ,・,1946,2009,,,,,レ,2030,2054,・,2046,2111,,,,,2137,・,2200,レ,,2146,2228,・,,,,レ,2242,2256,2246,2314,,・,,,,,,,,,,,,,,,,
松戸_松戸,発,0606,・,0633,レ,0703,0713,,レ,0728,0732,・,,0751,レ,0759,0807,0817,・,,,レ,0824,0836,0852,,レ,0909,・,,,レ,0927,0940,1000,・,,レ,1018,1036,,,1040,1102,,,,,レ,,レ,1118,・,,,,,レ,1140,1201,,,レ,,,,レ,1218,1240,1302,,レ,1318,,,,,レ,1340,1402,,,レ,,,,,レ,1418,1440,1502,,レ,,,,,,レ,1518,1540,レ,1602,,,レ,,,・,・,,,レ,1618,1644,レ,1659,レ,1715,1715,1734,,1748,,,,レ,1805,,レ,1811,1839,・,1848,11月22日はこの時刻に変更__1849_11月22日はこの時刻に変更_,12月1・8・15・22日・1月12・19・26日・2月2・9・16・22日はこの時刻に変更__1849_12月1・8・15・22日・1月12・19・26日・2月2・9・16・22日はこの時刻に変更_,,,レ,レ,レ,1907,,レ,1925,1937,1944,2000,,,レ,・,レ,2017,,,,,レ,2040,2104,・,レ,2123,,,,,2145,・,2209,レ,,レ,2236,・,,,,レ,2255,2304,レ,2322,,・,,,,,,,,,,,,,,,,
北千住_北千住,発,0615,・,0642,レ,0712,0722,,レ,0737,0741,・,,0801,レ,0809,0816,0826,・,,,レ,0833,0845,0901,,レ,0917,・,,,レ,0936,0948,1010,・,,レ,1030,1050,,,1049,1110,,,,,レ,,レ,1129,・,,,,,レ,1148,1209,,,レ,,,,レ,1229,1248,1310,,レ,1329,,,,,レ,1348,1410,,,レ,,,,,レ,1429,1448,1510,,レ,,,,,,レ,1529,1549,レ,1611,,,レ,,,・,・,,,レ,1630,1653,レ,1708,レ,1723,1723,1743,,1800,,,,レ,1814,,レ,1819,1847,・,1900,1900,12月1・8・15・22日・1月12・19・26日・2月2・9・16・22日はこの時刻に変更__1901_12月1・8・15・22日・1月12・19・26日・2月2・9・16・22日はこの時刻に変更_,,,レ,レ,レ,1916,,レ,1934,1946,1952,2009,,,レ,・,レ,2029,,,,,レ,2048,2113,・,レ,2132,,,,,2159,・,2218,レ,,レ,2244,・,,,,レ,2305,2312,レ,2331,,・,,,,,,,,,,,,,,,,
南千住_南千住,発,0618,・,0645,レ,0714,0725,,レ,0740,0744,・,,0804,レ,0812,0819,0829,・,,,レ,0836,0848,0904,,レ,0919,・,,,レ,0939,レ,1013,・,,レ,1033,1053,,,レ,1113,,,,,レ,,レ,1132,・,,,,,レ,1151,1212,,,レ,,,,レ,1232,1251,1312,,レ,1332,,,,,レ,1351,1412,,,レ,,,,,レ,1432,1451,1512,,レ,,,,,,レ,1532,1551,レ,1613,,,レ,,,・,・,,,レ,1632,1655,レ,1710,レ,1726,1726,1746,,1803,,,,レ,1817,,レ,1822,1849,・,1903,1903,12月1・8・15・22日・1月12・19・26日・2月2・9・16・22日はこの時刻に変更__1903_12月1・8・15・22日・1月12・19・26日・2月2・9・16・22日はこの時刻に変更_,,,レ,レ,レ,1918,,レ,1936,1948,1955,2012,,,レ,・,レ,2032,,,,,レ,2051,2115,・,レ,2135,,,,,2202,・,2221,レ,,レ,2247,・,,,,レ,2307,2315,レ,2333,,・,,,,,,,,,,,,,,,,
三河島_三河島,発,0621,・,0648,レ,0717,0728,,レ,0743,0747,・,,0807,レ,0815,0822,0832,・,,,レ,0839,0851,0907,,レ,0922,・,,,レ,0942,レ,1016,・,,レ,1036,1056,,,レ,1116,,,,,レ,,レ,1135,・,,,,,レ,1154,1215,,,レ,,,,レ,1235,1254,1315,,レ,1335,,,,,レ,1354,1415,,,レ,,,,,レ,1435,1454,1515,,レ,,,,,,レ,1535,1554,レ,1616,,,レ,,,・,・,,,レ,1635,1658,レ,1713,レ,1729,1729,1749,,1806,,,,レ,1820,,レ,1825,1852,・,1906,1906,12月1・8・15・22日・1月12・19・26日・2月2・9・16・22日はこの時刻に変更__1906_12月1・8・15・22日・1月12・19・26日・2月2・9・16・22日はこの時刻に変更_,,,レ,レ,レ,1922,,レ,1940,1952,1958,2015,,,レ,・,レ,2036,,,,,レ,2054,2119,・,レ,2138,,,,,2205,・,2224,レ,,レ,2250,・,,,,レ,2310,2318,レ,2336,,・,,,,,,,,,,,,,,,,
日暮里_日暮里,着,0623,・,0649,0701,0719,0730,,0733,0745,0749,・,,0809,レ,0817,0824,0834,・,,,レ,0841,0852,0908,,レ,0924,・,,,レ,0944,0954,1018,・,,レ,1038,1058,,,1054,1118,,,,,レ,,レ,1137,・,,,,,レ,1156,1217,,,レ,,,,レ,1237,1255,1317,,レ,1337,,,,,レ,1355,1417,,,レ,,,,,レ,1437,1455,1517,,レ,,,,,,レ,1537,1556,レ,1618,,,レ,,,・,・,,,レ,1637,1700,レ,1715,レ,1731,1731,1751,,1807,,,,レ,1822,,レ,1826,1854,・,1908,1908,12月1・8・15・22日・1月12・19・26日・2月2・9・16・22日はこの時刻に変更__1908_12月1・8・15・22日・1月12・19・26日・2月2・9・16・22日はこの時刻に変更_,,,レ,レ,レ,1924,,レ,1942,1954,2000,2016,,,レ,・,レ,2038,,,,,レ,2056,2121,・,レ,2140,,,,,2207,・,2226,レ,,レ,2252,・,,,,レ,2312,2320,レ,2338,,・,,,,,,,,,,,,,,,,
上野_上野,着,0627,・,0653,0706,0723,0734,,0738,0750,0753,・,,0813,0801,0821,0829,0838,・,,,0834,0845,0856,0912,,0904,0928,・,,,0932,0949,0957,1023,・,,1006,1042,1102,,,1058,1121,,,,,1035,,1106,1141,・,,,,,1135,1200,1221,,,1206,,,,1235,1241,1300,1321,,1307,1341,,,,,1335,1400,1421,,,1407,,,,,1435,1441,1500,1521,,1507,,,,,,1535,1541,1600,1551,1623,,,1607,,,・,・,,,1635,1642,1704,1658,1719,1707,1734,1734,1756,,1811,,,,1737,1827,,1806,1830,1858,・,1911,1911,12月1・8・15・22日・1月12・19・26日・2月2・9・16・22日はこの時刻に変更__1912_12月1・8・15・22日・1月12・19・26日・2月2・9・16・22日はこの時刻に変更_,,,1837,1847,1847,1928,,1906,1946,1958,2003,2020,,,1936,・,2008,2043,,,,,2036,2059,2125,・,2107,2143,,,,,2211,・,2230,2137,,2206,2256,・,,,,2237,2316,2324,2307,2342,,・,,,,,,,,,,,,,,,,
上野番線_上野番線,,(8),・,(10),(9),(8),(10),,(17),(9),(12),・,,(9),(9),(10),(9),(10),・,,,(9),(9),(10),(9),,(9),(9),・,,,(9),(9),(9),(9),・,,(9),(9),(16),,,(9),(9),,,,,(9),,(9),(9),・,,,,,(9),(9),(9),,,(9),,,,(9),(9),(9),(9),,(9),(9),,,,,(9),(9),(9),,,(9),,,,,(9),(9),(9),(9),,(9),,,,,,(9),(9),(9),(17),(9),,,(9),,,・,・,,,(9),(9),(16),(17),(9),(9),(10),(10),(9),,(10),,,,(9),(9),,(9),(10),(9),・,(10),(10),12月1・8・15・22日・1月12・19・26日・2月2・9・16・22日はこの時刻に変更__(10)_12月1・8・15・22日・1月12・19・26日・2月2・9・16・22日はこの時刻に変更_,,,(9),(17),(17),(9),,(9),(10),(9),(10),(9),,,(9),・,(9),(8),,,,,(9),(10),(9),・,(9),(10),,,,,(9),・,(9),(9),,(9),(17),・,,,,(9),(10),(9),(9),(9),,・,,,,,,,,,,,,,,,,
上野_上野,発,0629,・,,0707,0724,,,,0751,,・,,0814,0803,,0832,,・,,,0836,0846,,0915,,0906,0929,・,,,0933,0951,0959,1024,・,,1008,1044,,,,1059,1124,,,,,1037,,1108,1144,・,,,,,1137,1202,1224,,,1208,,,,1237,1244,1303,1324,,1309,1344,,,,,1337,1403,1424,,,1409,,,,,1437,1444,1503,1524,,1509,,,,,,1537,1544,1603,,1624,,,1609,,,・,・,,,1637,1645,,,1720,1708,,,1759,,,,,,1738,1829,,1808,,1859,・,,,,,,1839,,,1929,,1907,,1959,,2021,,,1938,・,2010,2044,,,,,2037,,2129,・,2109,,,,,,2212,・,2231,2139,,2208,,・,,,,2239,,,2308,,,・,,,,,,,,,,,,,,,,
東京_東京,着,0634,・,,0712,0730,,,,0756,,・,,0820,0809,,0837,,・,,,0841,0851,,0920,,0911,0934,・,,,0939,0956,1004,1030,・,,1013,1050,,,,1104,1130,,,,,1042,,1113,1149,・,,,,,1142,1207,1230,,,1213,,,,1242,1249,1308,1329,,1314,1349,,,,,1342,1408,1429,,,1414,,,,,1442,1449,1508,1529,,1514,,,,,,1542,1549,1608,,1629,,,1614,,,・,・,,,1642,1650,,,1725,1713,,,1804,,,,,,1743,1834,,1813,,1904,・,,,,,,1843,,,1934,,1912,,2004,,2026,,,1943,・,2015,2049,,,,,2043,,2134,・,2114,,,,,,2217,・,2236,2144,,2212,,・,,,,2244,,,2313,,,・,,,,,,,,,,,,,,,,
新橋_新橋,着,0638,・,,レ,0733,,,,0800,,・,,0825,レ,,0841,,・,,,レ,0855,,0924,,レ,0938,・,,,レ,0959,1009,1035,・,,レ,1053,,,,1107,1135,,,,,レ,,レ,1153,・,,,,,レ,1211,1235,,,レ,,,,レ,1252,1312,1334,,レ,1353,,,,,レ,1412,1432,,,レ,,,,,レ,1453,1512,1532,,レ,,,,,,レ,1553,1612,,1633,,,レ,,,・,・,,,レ,1653,,,1729,レ,,,1808,,,,,,レ,1838,,レ,,1908,・,,,,,,レ,,,1938,,レ,,2008,,2030,,,レ,・,レ,2053,,,,,レ,,2138,・,レ,,,,,,2220,・,2239,レ,,レ,,・,,,,レ,,,レ,,,・,,,,,,,,,,,,,,,,
品川_品川,着,0643,・,,0721,0740,,,,0806,,・,,0831,0819,,0848,,・,,,0850,0901,,0931,,0921,0944,・,,,0948,1005,1015,1041,・,,1023,1059,,,,1113,1141,,,,,1051,,1122,1159,・,,,,,1151,1218,1240,,,1222,,,,1251,1258,1318,1340,,1322,1359,,,,,1351,1418,1438,,,1422,,,,,1451,1459,1518,1538,,1523,,,,,,1551,1559,1617,,1638,,,1623,,,・,・,,,1650,1659,,,1735,1722,,,1814,,,,,,1752,1844,,1823,,1914,・,,,,,,1852,,,1944,,1921,,2014,,2035,,,1953,・,2023,2058,,,,,2053,,2144,・,2123,,,,,,2225,・,2245,2154,,2222,,・,,,,2252,,,2323,,,・,,,,,,,,,,,,,,,,
品川番線_品川番線,,(10),・,,(9),(10),,,,(9),,・,,(11),(9),,(10),,・,,,(9),(10),,(11),,(9),(10),・,,,(9),(11),(10),(10),・,,(9),(10),,,,(11),(11),,,,,(9),,(9),(10),・,,,,,(9),(11),(10),,,(9),,,,(9),(10),(11),(10),,(9),(10),,,,,(9),(11),(10),,,(9),,,,,(9),(10),(11),(10),,(9),,,,,,(9),(10),(11),,(10),,,(9),,,・,・,,,(9),(10),,,(10),(9),,,(10),,,,,,(9),(10),,(9),,(10),・,,,,,,(9),,,(10),,(9),,(10),,(10),,,(9),・,(9),(10),,,,,(9),,(11),・,(9),,,,,,(11),・,(10),(9),,(9),,・,,,,(9),,,(10),,,・,,,,,,,,,,,,,,,,
終着,,___,小山_0616_小山_0616,___,___,___,___,___,___,___,___,小山_0726_小山_0726,___,___,___,___,___,___,小山_0822_小山_0822,___,___,___,___,___,___,___,___,___,小山_0907_小山_0907,___,___,___,___,___,___,小山_1002_小山_1002,___,___,___,___,___,___,___,___,___,___,___,___,___,___,___,___,小山_1124_小山_1124,___,___,___,___,___,___,___,___,___,___,___,___,___,___,___,___,___,___,___,___,___,___,___,___,___,___,___,___,___,___,___,___,___,___,___,___,___,___,___,___,___,___,___,___,___,___,___,___,___,___,___,___,___,___,___,小山_1700_小山_1700,小山_1700_小山_1700,___,___,___,___,___,___,___,___,___,___,___,___,___,___,___,___,___,___,___,___,___,___,小山_1823_小山_1823,___,___,___,___,___,___,___,___,___,___,___,___,___,___,___,___,___,___,小山_2007_小山_2007,___,___,___,___,___,___,___,___,___,小山_2056_小山_2056,___,___,___,___,___,___,___,小山_2147_小山_2147,___,___,___,___,___,小山_2243_小山_2243,___,___,___,___,___,___,___,___,___,下館_2328_下館_2328,___,___,___,___,___,___,___,___,___,___,___,___,___,___,___,___
次の区間,,,↓,,,,,,,,,↓,,,,,,,↓,,,,,,,,,,↓,,,,,,,↓,,,,,,,,,,,,,,,,,↓,,,,,,,,,,,,,,,,,,,,,,,,,,,,,,,,,,,,,,,,,,,,,,,,,,,,,,,,↓,↓,,,,,,,,,,,,,,,,,,,,,,,↓,,,,,,,,,,,,,,,,,,,↓,,,,,,,,,,↓,,,,,,,,↓,,,,,,↓,,,,,,,,,,↓,,,,,,,,,,,,,,,,
