列車番号,,221M,223M,225M,227M,663M,229M,231M,233M,665M,521M,235M,667M,523M,525M,237M,669M,527M,621M,321M,529M,239M,531M,2723M,623M,671M,323M,325M,725M,241M,533M,327M,729M,535M,1129M,1M,331M,2333M,51M,731M,673M,1135M,537M,625M,2337M,3M,735M,243M,539M,627M,737M,541M,339M,2053M,2341M,343M,5M,345M,1147M,55M,245M,1149M,7M,675M,543M,545M,247M,629M,1151M,57M,1153M,1155M,9M,547M,743M,677M,631M,9041M,549M,1157M,59M,249M,633M,1159M,1161M,11M,551M,635M,251M,553M,1163M,61M,637M,1165M,1167M,13M,679M,555M,253M,639M,681M,557M,1169M,63M,641M,255M,257M,559M,1171M,643M,643M,1173M,15M,9045M,683M,259M,561M,1175M,65M,261M,563M,565M,1177M,1179M,17M,3181M,685M,567M,569M,383M,383M,67M,1185M,571M,1187M,19M,263M,687M,9047M,3189M,391M,69M,69M,265M,689M,267M,573M,1193M,691M,1195M,21M,761M,1197M,71M,269M,575M,763M,1199M,421M,23M,765M,1223M,2425M,73M,693M,271M,273M,577M,1227M,769M,429M,429M,25M,695M,579M,1231M,9097M,2433M,75M,1235M,2437M,27M,1239M,581M,441M,77M,1243M,445M,29M,1247M,583M,449M,79M,1251M,81M,2453M,1255M,83M,1257M,85M,1259M,2461M
列車名_列車名,,普通_普通,普通_普通,普通_普通,普通_普通,普通_普通,普通_普通,普通_普通,普通_普通,普通_普通,普通_普通,普通_普通,普通_普通,普通_普通,普通_普通,普通_普通,普通_普通,普通_普通,普通_普通,普通_普通,普通_普通,普通_普通,普通_普通,普通_普通,普通_普通,普通_普通,普通_普通,普通_普通,普通_普通,普通_普通,普通_普通,普通_普通,普通_普通,普通_普通,普通_普通,特急 ひたち1号_特急 ひたち1号,普通_普通,普通_普通,特急 ときわ51号_特急 ときわ51号,普通_普通,普通_普通,普通_普通,普通_普通,普通_普通,普通_普通,特急 ひたち3号_特急 ひたち3号,普通_普通,普通_普通,普通_普通,普通_普通,普通_普通,普通_普通,普通_普通,特急 ときわ53号_特急 ときわ53号,普通_普通,普通_普通,特急 ひたち5号_特急 ひたち5号,普通_普通,普通_普通,特急 ときわ55号_特急 ときわ55号,普通_普通,普通_普通,特急 ひたち7号_特急 ひたち7号,普通_普通,普通_普通,普通_普通,普通_普通,普通_普通,普通_普通,特急 ときわ57号_特急 ときわ57号,普通_普通,普通_普通,特急 ひたち9号_特急 ひたち9号,普通_普通,普通_普通,普通_普通,普通_普通,特急 ときわ41号_特急 ときわ41号,普通_普通,普通_普通,特急 ときわ59号_特急 ときわ59号,普通_普通,普通_普通,普通_普通,普通_普通,特急 ひたち11号_特急 ひたち11号,普通_普通,普通_普通,普通_普通,普通_普通,普通_普通,特急 ときわ61号_特急 ときわ61号,普通_普通,普通_普通,普通_普通,特急 ひたち13号_特急 ひたち13号,普通_普通,普通_普通,普通_普通,普通_普通,普通_普通,普通_普通,普通_普通,特急 ときわ63号_特急 ときわ63号,普通_普通,普通_普通,普通_普通,普通_普通,普通_普通,普通_普通,普通_普通,普通_普通,特急 ひたち15号_特急 ひたち15号,特急 ときわ45号_特急 ときわ45号,普通_普通,普通_普通,普通_普通,普通_普通,特急 ときわ65号_特急 ときわ65号,普通_普通,普通_普通,普通_普通,普通_普通,普通_普通,特急 ひたち17号_特急 ひたち17号,特別快速_特別快速,普通_普通,普通_普通,普通_普通,普通_普通,普通_普通,特急 ときわ67号_特急 ときわ67号,普通_普通,普通_普通,普通_普通,特急 ひたち19号_特急 ひたち19号,普通_普通,普通_普通,特急 ときわ47号_特急 ときわ47号,特別快速_特別快速,普通_普通,特急 ときわ69号_特急 ときわ69号,特急 ときわ69号_特急 ときわ69号,普通_普通,普通_普通,普通_普通,普通_普通,普通_普通,普通_普通,普通_普通,特急 ひたち21号_特急 ひたち21号,普通_普通,普通_普通,特急 ときわ71号_特急 ときわ71号,普通_普通,普通_普通,普通_普通,普通_普通,普通_普通,特急 ひたち23号_特急 ひたち23号,普通_普通,普通_普通,普通_普通,特急 ときわ73号_特急 ときわ73号,普通_普通,普通_普通,普通_普通,普通_普通,普通_普通,普通_普通,普通_普通,普通_普通,特急 ひたち25号_特急 ひたち25号,普通_普通,普通_普通,普通_普通,特急 ときわ97号_特急 ときわ97号,普通_普通,特急 ときわ75号_特急 ときわ75号,普通_普通,普通_普通,特急 ひたち27号_特急 ひたち27号,普通_普通,普通_普通,普通_普通,特急 ときわ77号_特急 ときわ77号,普通_普通,普通_普通,特急 ひたち29号_特急 ひたち29号,普通_普通,普通_普通,普通_普通,特急 ときわ79号_特急 ときわ79号,普通_普通,特急 ときわ81号_特急 ときわ81号,普通_普通,普通_普通,特急 ときわ83号_特急 ときわ83号,普通_普通,特急 ときわ85号_特急 ときわ85号,普通_普通,普通_普通
設備,,_,_,_,_,_,_,_,_,_,_,_,_,_,_,_,_,_,グリーン車自由席___,グリーン車自由席___,_,_,_,_,_,_,グリーン車自由席___,グリーン車自由席___,_,_,_,グリーン車自由席___,_,_,グリーン車自由席___,グリーン車指定席_普通車全車指定席____,グリーン車自由席___,グリーン車自由席___,グリーン車指定席_普通車全車指定席____,_,_,グリーン車自由席___,_,_,グリーン車自由席___,グリーン車指定席_普通車全車指定席____,_,_,_,_,_,_,グリーン車自由席___,グリーン車指定席_普通車全車指定席____,グリーン車自由席___,グリーン車自由席___,グリーン車指定席_普通車全車指定席____,グリーン車自由席___,グリーン車自由席___,グリーン車指定席_普通車全車指定席____,_,グリーン車自由席___,グリーン車指定席_普通車全車指定席____,_,_,_,_,_,グリーン車自由席___,グリーン車指定席_普通車全車指定席____,グリーン車自由席___,グリーン車自由席___,グリーン車指定席_普通車全車指定席____,_,_,_,_,グリーン車指定席_普通車全車指定席____,_,グリーン車自由席___,グリーン車指定席_普通車全車指定席____,_,_,グリーン車自由席___,グリーン車自由席___,グリーン車指定席_普通車全車指定席____,_,_,_,_,グリーン車自由席___,グリーン車指定席_普通車全車指定席____,_,グリーン車自由席___,グリーン車自由席___,グリーン車指定席_普通車全車指定席____,_,_,_,_,_,_,グリーン車自由席___,グリーン車指定席_普通車全車指定席____,_,_,_,_,グリーン車自由席___,_,_,グリーン車自由席___,グリーン車指定席_普通車全車指定席____,グリーン車指定席_普通車全車指定席____,_,_,_,グリーン車自由席___,グリーン車指定席_普通車全車指定席____,_,_,_,グリーン車自由席___,グリーン車自由席___,グリーン車指定席_普通車全車指定席____,グリーン車自由席___,_,_,_,グリーン車自由席___,グリーン車自由席___,グリーン車指定席_普通車全車指定席____,グリーン車自由席___,_,グリーン車自由席___,グリーン車指定席_普通車全車指定席____,_,_,グリーン車指定席_普通車全車指定席____,グリーン車自由席___,グリーン車自由席___,グリーン車指定席_普通車全車指定席____,グリーン車指定席_普通車全車指定席____,_,_,_,_,グリーン車自由席___,_,グリーン車自由席___,グリーン車指定席_普通車全車指定席____,_,グリーン車自由席___,グリーン車指定席_普通車全車指定席____,_,_,_,グリーン車自由席___,グリーン車自由席___,グリーン車指定席_普通車全車指定席____,_,グリーン車自由席___,グリーン車自由席___,グリーン車指定席_普通車全車指定席____,_,_,_,_,グリーン車自由席___,_,グリーン車自由席___,グリーン車自由席___,グリーン車指定席_普通車全車指定席____,_,_,グリーン車自由席___,グリーン車指定席_普通車全車指定席____,グリーン車自由席___,グリーン車指定席_普通車全車指定席____,グリーン車自由席___,グリーン車自由席___,グリーン車指定席_普通車全車指定席____,グリーン車自由席___,_,グリーン車自由席___,グリーン車指定席_普通車全車指定席____,グリーン車自由席___,グリーン車自由席___,グリーン車指定席_普通車全車指定席____,グリーン車自由席___,_,グリーン車自由席___,グリーン車指定席_普通車全車指定席____,グリーン車自由席___,グリーン車指定席_普通車全車指定席____,グリーン車自由席___,グリーン車自由席___,グリーン車指定席_普通車全車指定席____,グリーン車自由席___,グリーン車指定席_普通車全車指定席____,グリーン車自由席___,グリーン車自由席___
運転日,,全日,全日,全日,全日,全日,全日,全日,全日,全日,全日,全日,全日,全日,全日,全日,全日,全日,全日,全日,全日,全日,全日,全日,全日,全日,全日,全日,全日,全日,全日,全日,全日,全日,全日,全日,全日,全日,全日,全日,全日,平日,全日,全日,平日,平日,全日,全日,全日,全日,全日,全日,平日,平日,平日,全日,平日,平日,平日,平日,全日,平日,全日,全日,全日,全日,全日,全日,平日,全日,平日,平日,全日,全日,全日,全日,全日,12月29・30日運転__◆_12月29・30日運転_,全日,全日,全日,全日,全日,全日,全日,全日,全日,全日,全日,全日,平日,全日,全日,全日,全日,全日,全日,全日,全日,全日,全日,全日,全日,全日,全日,全日,全日,全日,全日,全日,12月29～31日はこの時刻に変更__時変_12月29～31日はこの時刻に変更_,平日,全日,12月29～31日運転__◆_12月29～31日運転_,全日,全日,全日,全日,全日,全日,全日,全日,全日,平日,全日,全日,全日,全日,全日,全日,12月29・31日はこの時刻に変更__時変_12月29・31日はこの時刻に変更_,全日,全日,全日,全日,全日,全日,全日,12月29・31日運転__◆_12月29・31日運転_,全日,全日,全日,12月29・31日・1月4日はこの時刻に変更__時変_12月29・31日・1月4日はこの時刻に変更_,全日,全日,全日,全日,全日,平日,全日,全日,全日,平日,全日,全日,全日,全日,全日,全日,全日,全日,平日,平日,平日,全日,全日,全日,全日,平日,全日,平日,11月22日・12月1・8・15・22日・1月12・19・26日・2月2・9・16・22日はこの時刻に変更__時変_11月22日・12月1・8・15・22日・1月12・19・26日・2月2・9・16・22日はこの時刻に変更_,全日,全日,全日,平日,11月22日・12月1・8・15・22日・1月12・19・26日・2月2・9・16・22日運転__◆_11月22日・12月1・8・15・22日・1月12・19・26日・2月2・9・16・22日運転_,平日,全日,平日,平日,全日,平日,全日,平日,全日,平日,全日,全日,全日,全日,全日,全日,平日,全日,全日,全日,全日,全日,全日,全日,全日
前の区間,,,,,,,,,,,,,,,,,,,,,,,,↑,,,,,↑,,,,↑,,,,,,,↑,,,,,,,↑,,,,↑,,,,,,,,,,,,,,,,,,,,,,,,↑,,,,,,,,,,,,,,,,,,,,,,,,,,,,,,,,,,,,,,,,,,,,,,,,,,,,,,,,,,,,,,,,,,,,,,,,,,,,,↑,,,,,↑,,,,↑,,,,,,,,,↑,,,,,,,,,,,,,,,,,,,,,,,,,,,,,,,,
始発,,___,___,___,___,___,___,___,___,___,___,___,___,___,___,___,___,___,___,___,___,___,___,小山_0557_小山_0557,___,___,___,___,小山_0627_小山_0627,___,___,___,小山_0707_小山_0707,___,___,___,___,___,___,小山_0733_小山_0733,___,___,___,___,___,___,小山_0823_小山_0823,___,___,___,小山_0908_小山_0908,___,___,___,___,___,___,___,___,___,___,___,___,___,___,___,___,___,___,___,___,___,___,___,小山_1036_小山_1036,___,___,___,___,___,___,___,___,___,___,___,___,___,___,___,___,___,___,___,___,___,___,___,___,___,___,___,___,___,___,___,___,___,___,___,___,___,___,___,___,___,___,___,___,___,___,___,___,___,___,___,___,___,___,___,___,___,___,___,___,___,___,___,___,___,___,___,___,___,___,___,___,___,___,___,___,小山_1737_小山_1737,___,___,___,___,小山_1805_小山_1805,___,___,___,小山_1838_小山_1838,___,___,___,___,___,___,___,___,小山_1937_小山_1937,___,___,___,___,___,___,___,___,___,___,___,___,___,___,___,___,___,___,___,___,___,___,___,___,___,___,___,___,___,___,___,___
品川番線_品川番線,,,,,,,,,,,,,,,,,,,,,,,,・,,,,,・,,,,・,,(10),(9),,,(9),・,,(10),,,,(9),・,,,,・,,,,,,(9),,(10),(9),,(10),(9),,,,,,(11),(9),(11),(10),(9),,・,,,,,(10),(9),,,(10),(11),(9),,,,,(11),(9),,(10),(11),(9),,,,,,,(10),(9),,,,,(10),,,(11),(9),,,,,(10),(9),,,,(10),(11),(9),(10),,,,,,(9),(10),,(11),(9),,,,(10),,(9),(9),,,,,(10),,(11),(9),・,(10),(9),,,・,(10),,(9),・,(10),,(9),,,,,(10),・,,,(9),,,(10),,,(9),(10),,(9),(10),,,(9),(10),,(9),(10),,,(9),(10),(9),,(11),(9),(11),(9),(10),
品川_品川,発,,,,,,,,,,,,,,,,,,,,,,,・,,,,,・,,,,・,,0635,0645,,,0715,・,,0722,,,,0743,・,,,,・,,,,,,0843,,0909,0915,,0933,0945,,,,,,0952,1014,1017,1036,1045,,・,,,,,1055,1115,,,1117,1135,1145,,,,,1155,1215,,1217,1235,1245,,,,,,,1255,1315,,,,,1317,,,1335,1345,,,,,1355,1415,,,,1417,1435,1445,1455,,,,,,1515,1517,,1535,1545,,,,1555,,1615,1615,,,,,1617,,1635,1645,・,1655,1715,,,・,1717,,1745,・,1748,,1815,,,,,1824,・,,,1845,,,1853,,,1915,1924,,1945,1954,,,2015,2024,,2045,2054,,,2115,2127,2145,,2206,2215,2234,2245,2256,
新橋_新橋,発,,,,,,,,,,,,,,,,,,,,,,,・,,,,,・,,,,・,,0640,レ,,,レ,・,,0727,,,,レ,・,,,,・,,,,,,レ,,0915,レ,,0938,レ,,,,,,0957,レ,1023,1041,レ,,・,,,,,1100,レ,,,1123,1140,レ,,,,,1200,レ,,1223,1240,レ,,,,,,,1300,レ,,,,,1323,,,1341,レ,,,,,1400,レ,,,,1423,1440,レ,1500,,,,,,レ,1523,,1540,レ,,,,1600,,レ,レ,,,,,1623,,1640,レ,・,1700,レ,,,・,1723,,レ,・,1753,,レ,,,,,1830,・,,,レ,,,1858,,,レ,1930,,レ,1959,,,レ,2029,,レ,2059,,,レ,2133,レ,,2211,レ,2239,レ,2301,
東京_東京,発,,,,,,,,,,,,,,,,,,,,,,,・,,,,,・,,,,・,,0644,0653,,,0723,・,,0732,,,,0752,・,,,,・,,,,,,0853,,0918,0924,,0943,0953,,,,,,1001,1023,1026,1045,1053,,・,,,,,1105,1123,,,1126,1145,1153,,,,,1205,1223,,1226,1245,1253,,,,,,,1305,1323,,,,,1326,,,1345,1353,,,,,1405,1423,,,,1426,1445,1453,1505,,,,,,1523,1526,,1545,1553,,,,1605,,1623,1623,,,,,1626,,1644,1653,・,1704,1723,,,・,1727,,1753,・,1759,,1823,,,,,1833,・,,,1853,,,1902,,,1923,1933,,1953,2003,,,2023,2033,,2054,2103,,,2123,2137,2153,,2215,2223,2243,2253,2305,
上野_上野,着,,,,,,,,,,,,,,,,,,,,,,,・,,,,,・,,,,・,,0648,0658,,,0728,・,,0738,,,,0758,・,,,,・,,,,,,0859,,0923,0929,,0949,0958,,,,,,1006,1028,1031,1050,1058,,・,,,,,1110,1128,,,1131,1150,1158,,,,,1210,1228,,1231,1250,1258,,,,,,,1310,1328,,,,,1331,,,1350,1358,,,,,1410,1428,,,,1431,1450,1458,1510,,,,,,1528,1531,,1550,1558,,,,1610,,1628,1628,,,,,1631,,1649,1658,・,1709,1729,,,・,1732,,1758,・,1805,,1829,,,,,1839,・,,,1858,,,1907,,,1929,1939,,1958,2008,,,2029,2039,,2059,2108,,,2129,2142,2158,,2221,2228,2248,2259,2310,
上野番線_上野番線,,,,,,,,,,,,,,,,,,,,(9),,,,・,,,,(9),・,,,(9),・,,(6),(8),(10),(9),(8),・,,(6),,,(10),(8),・,,,,・,,(12),(17),(10),(10),(8),(10),(6),(8),,(6),(8),,,,,,(6),(8),(6),(6),(8),,・,,,(17),,(6),(8),,,(6),(6),(8),,,,,(6),(8),,(6),(6),(8),,,,,,,(6),(8),,,,,(6),,,(6),(8),(17),,,,(6),(8),,,,(6),(6),(8),(6),,,,(8),(8),(8),(6),,(6),(8),,,(17),(6),(8),(8),(8),,,,,(6),,(6),(8),・,(6),(8),,,・,(6),(10),(8),・,(6),(10),(8),,,,,(6),・,(10),(10),(8),,,(6),(17),(10),(8),(6),(10),(8),(6),,(10),(8),(6),(9),(8),(6),,(10),(8),(6),(8),(10),(6),(8),(6),(8),(6),(10)
上野_上野,発,,,,,,,,,,,,,,,,,,,0511,,,,・,,,,0604,・,,,0631,・,,0649,0700,0702,0724,0730,・,,0741,,,0757,0800,・,,,,・,,0814,0830,0835,0849,0900,0906,0925,0930,,0953,1000,,,,,,1007,1030,1033,1051,1100,,・,,,1110,,1112,1130,,,1132,1152,1200,,,,,1212,1230,,1232,1252,1300,,,,,,,1312,1330,,,,,1332,,,1352,1400,1410,,,,1412,1430,,,,1432,1452,1500,1511,,,,1513,1513,1530,1532,,1551,1600,,,1608,1611,1613,1630,1630,,,,,1632,,1651,1700,・,1710,1730,,,・,1733,1747,1800,・,1808,1820,1830,,,,,1840,・,1854,1854,1900,,,1909,1913,1920,1930,1941,1954,2000,2011,,2021,2030,2041,2054,2100,2110,,2126,2130,2144,2200,2202,2222,2230,2249,2300,2312,2342
日暮里_日暮里,発,,,,,,,,,,,,,,,,,,,0514,,,,・,,,,0607,・,,,0634,・,,0654,レ,0706,0727,レ,・,,0744,,,0801,レ,・,,,,・,,0817,レ,0838,0852,レ,0909,0928,レ,,0957,レ,,,,,,1011,レ,1037,1055,レ,,・,,,レ,,1116,レ,,,1136,1155,レ,,,,,1216,レ,,1236,1255,レ,,,,,,,1316,レ,,,,,1336,,,1355,レ,レ,,,,1416,レ,,,,1436,1455,レ,1514,,,,1517,1517,レ,1536,,1555,レ,,,レ,1614,1617,レ,レ,,,,,1636,,1655,レ,・,1714,レ,,,・,1737,1750,レ,・,1812,1824,レ,,,,,1843,・,1858,1858,レ,,,1913,レ,1924,レ,1945,1958,レ,2015,,2024,レ,2045,2057,レ,2113,,2129,レ,2148,レ,2206,2226,レ,2253,レ,2315,2346
三河島_三河島,発,,,,,,,,,,,,,,,,,,,0516,,,,・,,,,0609,・,,,0636,・,,0656,レ,0708,0729,レ,・,,0746,,,0803,レ,・,,,,・,,0820,レ,0841,0854,レ,0912,0930,レ,,0959,レ,,,,,,1013,レ,1039,1057,レ,,・,,,レ,,1118,レ,,,1139,1157,レ,,,,,1218,レ,,1238,1257,レ,,,,,,,1318,レ,,,,,1339,,,1357,レ,レ,,,,1418,レ,,,,1439,1457,レ,レ,,,,1519,1519,レ,1539,,1557,レ,,,レ,レ,1619,レ,レ,,,,,1639,,1657,レ,・,1716,レ,,,・,1739,1752,レ,・,1815,1827,レ,,,,,1846,・,1900,1900,レ,,,1915,レ,1927,レ,1947,2000,レ,2017,,2026,レ,2047,2100,レ,2116,,2132,レ,2150,レ,2208,2228,レ,2255,レ,2318,2348
南千住_南千住,発,,,,,,,,,,,,,,,,,,,0519,,,,・,,,,0612,・,,,0640,・,,0700,レ,0711,0732,レ,・,,0749,,,0806,レ,・,,,,・,,0823,レ,0844,0857,レ,0915,0933,レ,,1003,レ,,,,,,1016,レ,1042,1100,レ,,・,,,レ,,1121,レ,,,1142,1200,レ,,,,,1221,レ,,1241,1300,レ,,,,,,,1321,レ,,,,,1342,,,1400,レ,レ,,,,1421,レ,,,,1442,1500,レ,レ,,,,1522,1522,レ,1542,,1600,レ,,,レ,レ,1622,レ,レ,,,,,1642,,1700,レ,・,1719,レ,,,・,1742,1755,レ,・,1818,1830,レ,,,,,1849,・,1903,1903,レ,,,1918,レ,1930,レ,1950,2003,レ,2020,,2030,レ,2050,2103,レ,2119,,2135,レ,2153,レ,2212,2231,レ,2258,レ,2321,2351
北千住_北千住,発,,,,,,,,,,,,,,,,,,,0522,,,,・,,,,0615,・,,,0642,・,,0703,レ,0714,0735,レ,・,,0752,,,0808,レ,・,,,,・,,0826,レ,0846,0900,レ,0917,0936,レ,,1008,レ,,,,,,1019,レ,1045,1103,レ,,・,,,レ,,1124,レ,,,1144,1203,レ,,,,,1224,レ,,1244,1303,レ,,,,,,,1324,レ,,,,,1344,,,1403,レ,レ,,,,1424,レ,,,,1444,1503,レ,1520,,,,1524,1524,レ,1544,,1602,レ,,,レ,1620,1624,レ,レ,,,,,1644,,1702,レ,・,1721,レ,,,・,1745,1758,レ,・,1821,1833,レ,,,,,1851,・,1909,1909,レ,,,1921,レ,1933,レ,1953,2010,レ,2023,,2033,レ,2053,2109,レ,2121,,2141,レ,2156,レ,2215,2234,レ,2301,レ,2324,2354
松戸_松戸,発,,,,,,,,,,,,,,,,,,,0530,,,,・,,,,0623,・,,,0651,・,,0713,レ,0723,0747,レ,・,,0801,,,0817,レ,・,,,,・,,0835,レ,0855,0908,レ,0926,0947,レ,,1017,レ,,,,,,1028,レ,1054,1114,レ,,・,,,レ,,1132,レ,,,1153,1214,レ,,,,,1232,レ,,1253,1314,レ,,,,,,,1332,レ,,,,,1353,,,1414,レ,レ,,,,1432,レ,,,,1453,1514,レ,1528,,,,1533,1533,レ,1553,,1613,レ,,,レ,1628,1633,レ,レ,,,,,1653,,1713,レ,・,1730,レ,,,・,1753,1807,レ,・,1830,1845,レ,,,,,1900,・,1918,1918,レ,,,1930,レ,1946,レ,2002,2019,レ,2032,,2045,レ,2102,2117,レ,2130,,2150,レ,2205,レ,2224,2245,レ,2309,レ,2332,0002
柏_柏,発,,,,,,,,,,,,,,,,,,,0538,,,,・,,,,0632,・,,,0659,・,,0722,レ,0731,0755,0752,・,,0809,,,0825,0828,・,,,,・,,0844,0853,0903,0916,レ,0935,0956,0953,,1025,レ,,,,,,1037,1051,1102,1123,レ,,・,,,1135,,1140,1150,,,1202,1223,レ,,,,,1240,1250,,1302,1323,レ,,,,,,,1340,1350,,,,,1402,,,1423,レ,1431,,,,1440,1450,,,,1502,1523,レ,1536,,,,1541,1541,1550,1602,,1622,レ,,,1627,1636,1641,1649,1649,,,,,1702,,1722,レ,・,1740,1750,,,・,1802,1815,レ,・,1839,1855,1851,,,,,1909,・,1928,1928,レ,,,1939,1937,1955,1951,2012,2028,レ,2042,,2054,2051,2110,2126,レ,2139,,2158,2152,2213,2220,2234,2255,2251,2317,2322,2341,0011
我孫子_我孫子,着,,,,,,,,,,,,,,,,,,,0542,,,,・,,,,0636,・,,,0703,・,,0726,レ,0735,0759,レ,・,,0813,,,0829,レ,・,,,,・,,0848,レ,0907,0920,レ,0939,0959,レ,,1029,レ,,,,,,1043,レ,1106,1126,レ,,・,,,レ,,1144,レ,,,1206,1227,レ,,,,,1244,レ,,1306,1327,レ,,,,,,,1344,レ,,,,,1406,,,1427,レ,レ,,,,1444,レ,,,,1506,1526,レ,レ,,,,1545,1545,レ,1606,,1626,レ,,,レ,レ,1645,レ,レ,,,,,1706,,1726,レ,・,1744,レ,,,・,1806,1820,レ,・,1843,1859,レ,,,,,1912,・,1932,1932,レ,,,1944,レ,2000,レ,2018,2032,レ,2045,,2058,レ,2114,2130,レ,2142,,2202,レ,2217,レ,2238,2259,レ,2321,レ,2345,0015
我孫子_我孫子,発,,,,,,,,,,,,,,,,,,,0543,,,,・,,,0626,0636,・,,,0703,・,,0727,レ,0735,0759,レ,・,,0813,,,0833,レ,・,,,,・,,0848,レ,0907,0921,レ,0939,1000,レ,,1029,レ,,,,,,1043,レ,1107,1127,レ,,・,,,レ,,1145,レ,,,1207,1228,レ,,,,,1245,レ,,1307,1328,レ,,,,,,,1345,レ,,,,,1407,,,1428,レ,レ,,,,1445,レ,,,,1507,1527,レ,レ,,,,1545,1545,レ,1607,,1626,レ,,,レ,レ,1645,レ,レ,,,,,1706,,1726,レ,・,1744,レ,,,・,1807,1824,レ,・,1843,1859,レ,,,,,1913,・,1932,1932,レ,,,1944,レ,2000,レ,2022,2032,レ,2046,,2058,レ,2115,2130,レ,2143,,2203,レ,2217,レ,2238,2259,レ,2322,レ,2345,0015
天王台_天王台,発,,,,,,,,,,,,,,,,,,,0546,,,,・,,,0630,0639,・,,,0706,・,,0730,レ,0738,0802,レ,・,,0816,,,0836,レ,・,,,,・,,0851,レ,0910,0924,レ,0943,1003,レ,,1032,レ,,,,,,1047,レ,1110,1130,レ,,・,,,レ,,1148,レ,,,1210,1231,レ,,,,,1248,レ,,1310,1331,レ,,,,,,,1348,レ,,,,,1410,,,1431,レ,レ,,,,1448,レ,,,,1510,1530,レ,レ,,,,1548,1548,レ,1610,,1629,レ,,,レ,レ,1648,レ,レ,,,,,1709,,1729,レ,・,1748,レ,,,・,1810,1827,レ,・,1847,1903,レ,,,,,1916,・,1936,1936,レ,,,1947,レ,2003,レ,2025,2035,レ,2049,,2102,レ,2118,2133,レ,2146,,2206,レ,2220,レ,2241,2303,レ,2325,レ,2348,0018
取手_取手,発,,,,,,,,,,,,,,,,,,,0549,,,,・,,,0633,0643,・,,,0710,・,,0733,レ,0742,0806,レ,・,,0820,,,0840,レ,・,,,,・,,0855,レ,0914,0931,レ,0946,1006,レ,,1036,レ,,,,,,1051,レ,1113,1133,レ,,・,,,レ,,1151,レ,,,1213,1234,レ,,,,,1251,レ,,1313,1334,レ,,,,,,,1351,レ,,,,,1413,,,1434,レ,レ,,,,1451,レ,,,,1513,1533,レ,1544,,,,1552,1552,レ,1613,,1633,レ,,,レ,1644,1652,レ,レ,,,,,1713,,1733,レ,・,1752,レ,,,・,1813,1831,レ,・,1850,1906,レ,,,,,1919,・,1939,1939,レ,,,1951,レ,2007,レ,2029,2039,レ,2053,,2106,レ,2121,2137,レ,2150,,2209,レ,2228,レ,2245,2307,レ,2332,レ,2352,0022
藤代_藤代,発,,,,,,,,,,,,,,,,,,,0554,,,,・,,,0638,0648,・,,,0715,・,,0738,レ,0746,0811,レ,・,,0824,,,0845,レ,・,,,,・,,0900,レ,0918,0937,レ,0951,1011,レ,,1040,レ,,,,,,1056,レ,1118,1138,レ,,・,,,レ,,1156,レ,,,1218,1239,レ,,,,,1256,レ,,1318,1339,レ,,,,,,,1356,レ,,,,,1418,,,1439,レ,レ,,,,1456,レ,,,,1518,1538,レ,1549,,,,1557,1557,レ,1618,,1638,レ,,,レ,1649,1657,レ,レ,,,,,1718,,1737,レ,・,1757,レ,,,・,1818,1836,レ,・,1855,1911,レ,,,,,1924,・,1944,1944,レ,,,1956,レ,2012,レ,2034,2044,レ,2058,,2111,レ,2126,2141,レ,2155,,2214,レ,2234,レ,2249,2312,レ,2338,レ,2356,0027
龍ケ崎市_龍ケ崎市,発,,,,,,,,,,,,,,,,,,,0558,,,,・,,,0642,0652,・,,,0719,・,,0741,レ,0749,0813,レ,・,,0827,,,0849,レ,・,,,,・,,0908,レ,0922,0941,レ,0955,1015,レ,,1044,レ,,,,,,1059,レ,1122,1142,レ,,・,,,レ,,1203,レ,,,1222,1243,レ,,,,,1303,レ,,1322,1343,レ,,,,,,,1403,レ,,,,,1422,,,1443,レ,レ,,,,1504,レ,,,,1522,1542,レ,1552,,,,1605,1605,レ,1622,,1642,レ,,,レ,1652,1705,レ,レ,,,,,1722,,1741,レ,・,1759,1803,,,・,1822,1840,レ,・,1858,1915,1903,,,,,1931,・,1948,1948,レ,,,2000,1951,2016,2006,2037,2048,レ,2101,,2115,2104,2133,2145,レ,2158,,2217,2205,2237,レ,2253,2315,2302,2342,2336,0000,0030
牛久_牛久,発,,,,,,,,,,,,,,,,,,,0602,,,,・,,,0647,0657,・,,,0723,・,,0745,レ,0753,0818,レ,・,,0831,,,0854,レ,・,,,,・,,0913,レ,0927,0945,レ,1000,1020,レ,,1049,レ,,,,,,1103,レ,1127,1147,レ,,・,,,レ,,1208,レ,,,1227,1248,レ,,,,,1308,レ,,1327,1348,レ,,,,,,,1408,レ,,,,,1427,,,1448,レ,レ,,,,1509,レ,,,,1527,1547,レ,1556,,,,1610,1610,レ,1627,,1647,レ,,,レ,1656,1710,レ,レ,,,,,1727,,1746,レ,・,1804,1808,,,・,1827,1845,レ,・,1903,1920,1907,,,,,1936,・,1952,1952,レ,,,2004,1956,2020,2010,2042,2053,レ,2105,,2120,2109,2138,2150,レ,2203,,2221,2209,2242,レ,2258,2320,2307,2347,2340,0005,0034
ひたち野うしく_ひたち野うしく,発,,,,,,,,,,,,,,,,,,,0606,,,,・,,,0650,0701,・,,,0727,・,,0749,レ,0757,0821,レ,・,,0835,,,0858,レ,・,,,,・,,0917,レ,0931,0949,レ,1012,1023,レ,,1053,レ,,,,,,1110,レ,1135,1151,レ,,・,,,レ,,1212,レ,,,1234,1251,レ,,,,,1312,レ,,1334,1351,レ,,,,,,,1412,レ,,,,,1435,,,1451,レ,レ,,,,1513,レ,,,,1535,1550,レ,1600,,,,1615,1615,レ,1635,,1650,レ,,,レ,1700,1715,レ,レ,,,,,1735,,1750,レ,・,1812,レ,,,・,1835,1848,レ,・,1913,1923,レ,,,,,1940,・,1956,11月22日・12月1・8・15・22日・1月12・19・26日・2月2・9・16・22日はこの時刻に変更__2000_11月22日・12月1・8・15・22日・1月12・19・26日・2月2・9・16・22日はこの時刻に変更_,レ,,,2014,レ,2024,レ,2046,2057,レ,2113,,2123,レ,2142,2154,レ,2216,,2225,2212,2246,レ,2302,2324,2310,2350,2343,0009,0038
荒川沖_荒川沖,発,,,,,,,,,,,,,,,,,,,0609,,,,・,,,0653,0705,・,,,0730,・,,0752,レ,0800,0824,レ,・,,0838,,,0901,レ,・,,,,・,,0920,レ,0934,0952,レ,1016,1026,レ,,1056,レ,,,,,,1114,レ,1138,1155,レ,,・,,,レ,,1215,レ,,,1238,1255,レ,,,,,1315,レ,,1338,1354,レ,,,,,,,1415,レ,,,,,1438,,,1454,レ,レ,,,,1516,レ,,,,1538,1553,レ,1603,,,,1618,1618,レ,1638,,1653,レ,,,レ,1703,1718,レ,レ,,,,,1738,,1753,レ,・,1816,レ,,,・,1838,1851,レ,・,1917,1926,レ,,,,,1943,・,1959,11月22日・12月1・8・15・22日・1月12・19・26日・2月2・9・16・22日はこの時刻に変更__2004_11月22日・12月1・8・15・22日・1月12・19・26日・2月2・9・16・22日はこの時刻に変更_,レ,,,2018,レ,2027,レ,2049,2100,レ,2117,,2126,レ,2145,2157,レ,2219,,2228,2215,2249,レ,2305,2327,2313,2353,2346,0012,0041
土浦_土浦,着,,,,,,,,,,,,,,,,,,,0614,,,,・,,,0659,0711,・,,,0735,・,,0757,0741,0806,0830,0815,・,,0846,,,0908,0849,・,,,,・,,0927,0916,0941,0958,レ,1021,1033,1015,,1104,レ,,,,,,1121,1115,1145,1203,レ,,・,,,1159,,1222,1211,,,1245,1303,レ,,,,,1322,1311,,1345,1400,レ,,,,,,,1422,1411,,,,,1445,,,1500,レ,1454,,,,1522,1512,,,,1544,1559,レ,1608,,,,1624,1624,1615,1644,,1659,レ,,,1649,1708,1724,1715,12月29・31日・1月4日はこの時刻に変更__1717_12月29・31日・1月4日はこの時刻に変更_,,,,,1744,,1758,レ,・,1821,1816,,,・,1844,1857,1839,・,1923,1934,1915,,,,,1948,・,2005,11月22日・12月1・8・15・22日・1月12・19・26日・2月2・9・16・22日はこの時刻に変更__2009_11月22日・12月1・8・15・22日・1月12・19・26日・2月2・9・16・22日はこの時刻に変更_,1939,,,2023,2005,2035,2018,2055,2107,2039,2123,,2132,2117,2152,2202,2141,2224,,2233,2220,2254,2242,2310,2332,2318,2359,2351,0019,0046
土浦_土浦,発,,,,,,,,,,,,,,,,,,0548,0615,,,,・,0637,,0700,0714,・,,,0736,・,,0803,0742,0812,,0816,・,,,,0843,,0850,・,,,0913,・,,0935,0917,,1006,レ,1029,,1016,,,レ,,,,,1112,,1116,,,レ,,・,,1148,1200,,,1212,,1216,,,レ,,1248,,,,1312,1316,,,レ,,,,1348,,,,1412,1416,,,,,1448,1448,1505,レ,1455,,,,1528,1512,,,,1551,1605,レ,,,,,1630,1630,1615,,,1705,レ,,,1650,,1730,1715,12月29・31日・1月4日はこの時刻に変更__1718_12月29・31日・1月4日はこの時刻に変更_,,,,,,,1804,レ,・,1827,1816,,,・,1850,1903,1839,・,1929,,1916,,,,,1954,・,2011,11月22日・12月1・8・15・22日・1月12・19・26日・2月2・9・16・22日はこの時刻に変更__2015_11月22日・12月1・8・15・22日・1月12・19・26日・2月2・9・16・22日はこの時刻に変更_,1940,,,2031,2006,,2018,2102,,2039,,,2138,2117,,2203,2142,,,2239,2221,,2243,,2338,,0005,2352,,
神立_神立,発,,,,,,,,,,,,,,,,,,0553,0620,,,,・,0642,,0705,0719,・,,,0741,・,,0808,レ,0821,,レ,・,,,,0848,,レ,・,,,0922,・,,0941,レ,,1011,レ,1047,,レ,,,レ,,,,,1117,,レ,,,レ,,・,,1154,レ,,,レ,,1222,,,レ,,1254,,,,レ,1322,,,レ,,,,1354,,,,レ,1422,,,,,1454,1454,1518,レ,レ,,,,1533,レ,,,,1556,1621,レ,,,,,1642,1642,レ,,,1710,レ,,,レ,,1735,レ,12月29・31日・1月4日はこの時刻に変更__レ_12月29・31日・1月4日はこの時刻に変更_,,,,,,,1809,レ,・,1832,レ,,,・,1855,1908,レ,・,1935,,レ,,,,,1959,・,2024,2024,レ,,,2045,レ,,レ,2107,,レ,,,2147,レ,,2208,レ,,,2250,レ,,レ,,2343,,0010,レ,,
高浜_高浜,発,,,,,,,,,,,,,,,,,,0559,0625,,,,・,0648,,0710,0724,・,,,0751,・,,0813,レ,0827,,レ,・,,,,0859,,レ,・,,,0928,・,,0946,レ,,1017,レ,1053,,レ,,,レ,,,,,1127,,レ,,,レ,,・,,1159,レ,,,レ,,1227,,,レ,,1259,,,,レ,1327,,,レ,,,,1359,,,,レ,1427,,,,,1459,12月29～31日はこの時刻に変更__1504_12月29～31日はこの時刻に変更_,1524,レ,レ,,,,1539,レ,,,,1601,1626,レ,,,,,1648,1648,レ,,,1715,レ,,,レ,,1740,レ,12月29・31日・1月4日はこの時刻に変更__レ_12月29・31日・1月4日はこの時刻に変更_,,,,,,,1814,レ,・,1837,レ,,,・,1901,1925,レ,・,1940,,レ,,,,,2004,・,2029,2029,レ,,,2050,レ,,レ,2113,,レ,,,2153,レ,,2213,レ,,,2256,レ,,レ,,2348,,0015,レ,,
石岡_石岡,発,,,,,,,,,,,,,,,,,,0603,0629,,,,・,0652,,0714,0728,・,,,0756,・,,0817,レ,0830,,0826,・,,,,0904,,レ,・,,,0932,・,,0951,0928,,1021,レ,1057,,1026,,,レ,,,,,1132,,1128,,,レ,,・,,1203,1210,,,1222,,1231,,,レ,,1303,,,,1322,1331,,,レ,,,,1403,,,,1422,1431,,,,,1503,12月29～31日はこの時刻に変更__1508_12月29～31日はこの時刻に変更_,1528,レ,1505,,,,1543,1523,,,,1605,1630,レ,,,,,1652,1652,1625,,,1719,レ,,,1700,,1744,1725,12月29・31日・1月4日はこの時刻に変更__1728_12月29・31日・1月4日はこの時刻に変更_,,,,,,,1818,レ,・,1841,1827,,,・,1906,1929,レ,・,1944,,1926,,,,,2008,・,2033,2033,レ,,,2054,2018,,2028,2117,,レ,,,2157,2127,,2217,レ,,,2300,2231,,2253,,2352,,0019,0002,,
羽鳥_羽鳥,発,,,,,,,,,,,,,,,,,,0608,0634,,,,・,0657,,0720,0734,・,,,0801,・,,0822,レ,0836,,レ,・,,,,0909,,レ,・,,,0938,・,,1003,レ,,1032,レ,1103,,レ,,,レ,,,,,1137,,レ,,,レ,,・,,1209,レ,,,レ,,1237,,,レ,,1309,,,,レ,1337,,,レ,,,,1409,,,,レ,1437,,,,,1509,12月29～31日はこの時刻に変更__1513_12月29～31日はこの時刻に変更_,1533,レ,レ,,,,1552,レ,,,,1610,1635,レ,,,,,1657,1657,レ,,,1731,レ,,,レ,,1753,レ,12月29・31日・1月4日はこの時刻に変更__レ_12月29・31日・1月4日はこの時刻に変更_,,,,,,,1823,レ,・,1846,レ,,,・,1912,1935,レ,・,1954,,レ,,,,,2013,・,2038,2038,レ,,,2059,レ,,レ,2122,,レ,,,2202,レ,,2222,レ,,,2306,レ,,レ,,2357,,0024,レ,,
岩間_岩間,発,,,,,,,,,,,,,,,,,,0612,0639,,,,・,0702,,0724,0738,・,,,0805,・,,0827,レ,0840,,レ,・,,,,0913,,レ,・,,,0942,・,,1008,レ,,1037,レ,1109,,レ,,,レ,,,,,1142,,レ,,,レ,,・,,1213,レ,,,レ,,1241,,,レ,,1313,,,,レ,1341,,,レ,,,,1413,,,,レ,1441,,,,,1513,12月29～31日はこの時刻に変更__1518_12月29～31日はこの時刻に変更_,1537,レ,レ,,,,1557,レ,,,,1615,1640,レ,,,,,1701,1701,レ,,,1736,レ,,,レ,,1759,レ,12月29・31日・1月4日はこの時刻に変更__レ_12月29・31日・1月4日はこの時刻に変更_,,,,,,,1828,レ,・,1851,レ,,,・,1917,1939,レ,・,1959,,レ,,,,,2018,・,2043,2043,レ,,,2104,レ,,レ,2127,,レ,,,2206,レ,,2227,レ,,,2311,レ,,レ,,0002,,0028,レ,,
友部_友部,着,,,,,,,,,,,,,,,,,,0619,0644,,,,0706,0710,,0729,0743,0733,,,0810,0812,,0831,レ,0845,,0837,0839,,,,0918,,レ,0926,,,0947,1008,,1014,0939,,1042,レ,1115,,1037,,,レ,,,,,1146,,1139,,,レ,,1142,,1218,1222,,,1233,,1246,,,レ,,1318,,,,1333,1346,,,レ,,,,1418,,,,1433,1446,,,,,1518,12月29～31日はこの時刻に変更__1523_12月29～31日はこの時刻に変更_,1542,レ,1516,,,,1602,1534,,,,1620,1645,レ,,,,,1706,1706,1636,,,1741,レ,,,1711,,1804,1736,12月29・31日・1月4日はこの時刻に変更__1739_12月29・31日・1月4日はこの時刻に変更_,,,,,,,1833,レ,1845,1855,1838,,,1916,1922,1944,レ,1945,2004,,1937,,,,,2022,2040,2048,2048,レ,,,2109,2031,,2039,2133,,レ,,,2211,2138,,2234,レ,,,2316,2241,,2303,,0007,,0033,0012,,
友部_友部,発,,,,,,,,,,,,,,,,,,0626,0644,,,,0707,0716,,0730,0744,0734,,,0811,0813,,0832,レ,0845,,0837,0840,,,,0919,,レ,0926,,,0948,1009,,1014,0939,,1043,レ,1116,,1037,,,レ,,,,,1147,,1140,,,レ,,1150,,1219,1222,,,1234,,1247,,,レ,,1319,,,,1334,1347,,,レ,,,,1419,,,,1434,1447,,,,,1519,12月29～31日はこの時刻に変更__1523_12月29～31日はこの時刻に変更_,1543,レ,1516,,,,1603,1535,,,,1620,1645,レ,,,,,1707,1707,1637,,,1741,レ,,,1711,,1804,1737,12月29・31日・1月4日はこの時刻に変更__1739_12月29・31日・1月4日はこの時刻に変更_,,,,,,,1833,レ,1846,1856,1839,,,1917,1923,1944,レ,1947,2005,,1937,,,,,2023,2042,2048,2048,レ,,,2109,2031,,2040,2133,,レ,,,2212,2138,,2235,レ,,,2317,2242,,2304,,0007,,0034,0013,,
内原_内原,発,,,,,,,,,,,,,,,,,,0630,0648,,,,0712,0721,,0734,0748,0739,,,0815,0818,,0836,レ,0849,,レ,0845,,,,0923,,レ,0931,,,0952,1014,,1019,レ,,1047,レ,1120,,レ,,,レ,,,,,1151,,レ,,,レ,,1201,,1223,レ,,,レ,,1251,,,レ,,1323,,,,レ,1351,,,レ,,,,1423,,,,レ,1451,,,,,1523,12月29～31日はこの時刻に変更__1527_12月29～31日はこの時刻に変更_,1547,レ,レ,,,,1607,レ,,,,1624,1649,レ,,,,,1711,1711,レ,,,1745,レ,,,レ,,1809,レ,12月29・31日・1月4日はこの時刻に変更__レ_12月29・31日・1月4日はこの時刻に変更_,,,,,,,1837,レ,1851,1904,レ,,,1922,1927,1948,レ,1952,2009,,レ,,,,,2027,2047,2052,2052,レ,,,2113,レ,,レ,2145,,レ,,,2216,レ,,2240,レ,,,2321,レ,,レ,,0019,,0038,レ,,
赤塚_赤塚,発,,,,,,,,,,,,,,,,,,0635,0653,,,,0717,0726,,0738,0753,0744,,,0820,0824,,0840,レ,0854,,レ,0850,,,,0928,,レ,0937,,,0957,1019,,1024,レ,,1052,レ,1126,,レ,,,レ,,,,,1156,,レ,,,レ,,1207,,1228,レ,,,レ,,1256,,,レ,,1328,,,,レ,1356,,,レ,,,,1428,,,,レ,1456,,,,,1528,12月29～31日はこの時刻に変更__1532_12月29～31日はこの時刻に変更_,1551,レ,レ,,,,1612,レ,,,,1629,1654,レ,,,,,1715,12月29・31日はこの時刻に変更__1719_12月29・31日はこの時刻に変更_,レ,,,1750,レ,,,レ,,1814,レ,12月29・31日・1月4日はこの時刻に変更__レ_12月29・31日・1月4日はこの時刻に変更_,,,,,,,1842,レ,1856,1909,レ,,,1927,1932,1953,レ,1957,2014,,レ,,,,,2031,2052,2057,2057,レ,,,2118,レ,,2046,2150,,レ,,,2220,2145,,2245,レ,,,2325,2249,,レ,,0025,,0042,レ,,
偕楽園_偕楽園,着,,,,,,,,,,,,,,,,,,レ,レ,,,,レ,レ,,レ,レ,レ,,,レ,レ,,レ,レ,レ,,レ,レ,,,,レ,,レ,レ,,,レ,レ,,レ,レ,,レ,レ,レ,,レ,,,レ,,,,,レ,,レ,,,レ,,レ,,レ,レ,,,レ,,レ,,,レ,,レ,,,,レ,レ,,,レ,,,,レ,,,,レ,レ,,,,,レ,12月29～31日はこの時刻に変更__レ_12月29～31日はこの時刻に変更_,レ,レ,レ,,,,レ,レ,,,,レ,レ,レ,,,,,レ,12月29・31日はこの時刻に変更__レ_12月29・31日はこの時刻に変更_,レ,,,レ,レ,,,レ,,レ,レ,12月29・31日・1月4日はこの時刻に変更__レ_12月29・31日・1月4日はこの時刻に変更_,,,,,,,レ,レ,レ,レ,レ,,,レ,レ,レ,レ,レ,レ,,レ,,,,,レ,レ,レ,レ,レ,,,レ,レ,,レ,レ,,レ,,,レ,レ,,レ,レ,,,レ,レ,,レ,,レ,,レ,レ,,
水戸_水戸,着,,,,,,,,,,,,,,,,,,0642,0658,,,,0723,0733,,0744,0800,0750,,,0825,0830,,0845,0810,0901,,0849,0855,,,,0933,,0918,0944,,,1002,1024,,1029,0949,,1058,1016,1133,,1047,,,1105,,,,,1201,,1150,,,1206,,1212,,1235,1232,,,1244,,1301,,,1306,,1335,,,,1344,1401,,,1406,,,,1435,,,,1444,1501,,,,,1533,12月29～31日はこの時刻に変更__1536_12月29～31日はこの時刻に変更_,1558,1508,1526,,,,1620,1545,,,,1635,1700,1606,,,,,1721,12月29・31日はこの時刻に変更__1726_12月29・31日はこの時刻に変更_,1646,,,1755,1705,,,1722,,1820,1746,12月29・31日・1月4日はこの時刻に変更__1749_12月29・31日・1月4日はこの時刻に変更_,,,,,,,1847,1807,1902,1914,1850,,,1933,1939,1959,1909,2004,2021,,1947,,,,,2037,2059,2102,2102,2008,,,2123,2042,,2051,2156,,2108,,,2226,2150,,2251,2210,,,2330,2254,,2314,,0030,,0047,0023,,
水戸_水戸,発,,,,,,,,,,0509,,,0550,0610,,,0630,0646,0700,0703,,0719,0727,0740,,0747,,0758,,0818,0828,,0838,0846,0811,,,0850,0856,0909,,0936,0942,,0919,,,1005,1011,1025,1032,1040,0950,,1059,1017,,,1048,,,1106,,1110,1138,,1202,,1151,,,1207,1210,1219,,,1233,1238,,1245,,1302,,,1307,1310,,,1338,,1345,1402,,,1407,,1410,,,,1438,,1445,1502,,,1512,,1534,12月29～31日はこの時刻に変更__1537_12月29～31日はこの時刻に変更_,,1509,1527,,,1540,,1546,,1610,1630,1642,,1607,,,1654,1714,1725,12月29・31日はこの時刻に変更__1727_12月29・31日はこの時刻に変更_,1647,,1735,1756,1706,,,1723,,,1747,12月29・31日・1月4日はこの時刻に変更__1750_12月29・31日・1月4日はこの時刻に変更_,,,,1815,,1840,1856,1808,1903,1915,1851,,1925,1935,1951,2015,1910,,,,1948,,,,2039,2047,,2103,2103,2009,,2126,2137,2043,,2052,2200,,2109,,2228,2240,2151,,2305,2211,,2335,2345,2255,,2315,,0031,,0048,0024,,
勝田_勝田,着,,,,,,,,,,0515,,,0555,0615,,,0636,0651,0706,0709,,0724,0732,0745,,0753,,0804,,0824,0833,,0845,0851,0816,,,0854,0901,0915,,0941,0948,,0924,,,1010,1017,1031,1037,1046,0955,,1105,1021,,,1053,,,1110,,1115,1143,,1208,,1156,,,1211,1216,1225,,,1238,1243,,1250,,1307,,,1311,1316,,,1343,,1350,1407,,,1411,,1415,,,,1443,,1450,1507,,,1517,,1539,12月29～31日はこの時刻に変更__1542_12月29～31日はこの時刻に変更_,,1513,1531,,,1546,,1551,,1616,1635,1648,,1611,,,1659,1719,1731,12月29・31日はこの時刻に変更__1732_12月29・31日はこの時刻に変更_,1652,,1741,1801,1711,,,1728,,,1752,12月29・31日・1月4日はこの時刻に変更__1754_12月29・31日・1月4日はこの時刻に変更_,,,,1820,,1846,1903,1812,1908,1921,1856,,1930,1941,1957,2020,1914,,,,1952,,,,2044,2053,,2109,2109,2014,,2131,2143,2048,,2057,2206,,2113,,2234,2246,2155,,2310,2216,,2340,2350,2259,,2319,,0036,,0054,0029,,
勝田_勝田,発,,,,,,,,,,0516,,,0556,0616,,,0637,0652,,0710,,0725,0733,0746,,0806,,,,0825,,,0846,,0817,,,0855,,0916,,0942,,,0925,,,1011,,,1038,,,,,1022,,,,,,1111,,1116,1144,,,,,,,1212,1217,,,,,1244,,,,,,,1312,1317,,,1344,,,,,,1412,,1416,,,,1444,,,,,,1518,,,,,1514,,,,1547,,,,1617,1636,,,1612,,,1700,1720,,,,,1742,,1712,,,,,,,,,,,1821,,1847,1904,1813,,,,,1931,,,2021,1915,,,,1953,,,,2045,,,,,2015,,2132,,,,,,,2114,,2240,,2156,,,2217,,2341,,,,2320,,,,,,,
佐和_佐和,発,,,,,,,,,,0520,,,0600,0620,,,0641,0656,,0714,,0729,0737,0750,,0810,,,,0829,,,0850,,レ,,,レ,,0920,,0946,,,レ,,,1015,,,1042,,,,,レ,,,,,,レ,,1120,1148,,,,,,,レ,1221,,,,,1248,,,,,,,レ,1321,,,1348,,,,,,レ,,1420,,,,1448,,,,,,1522,,,,,レ,,,,1551,,,,1621,1640,,,レ,,,1704,1724,,,,,1746,,レ,,,,,,,,,,,1825,,1851,1908,レ,,,,,1935,,,2025,レ,,,,レ,,,,2049,,,,,レ,,2136,,,,,,,レ,,2244,,レ,,,レ,,2345,,,,レ,,,,,,,
東海_東海,発,,,,,,,,,,0524,,,0605,0625,,,0646,0700,,0718,,0733,0741,0754,,0815,,,,0834,,,0854,,レ,,,0901,,0932,,0950,,,レ,,,1019,,,1046,,,,,レ,,,,,,レ,,1124,1153,,,,,,,1218,1225,,,,,1252,,,,,,,レ,1325,,,1352,,,,,,レ,,1425,,,,1452,,,,,,1526,,,,,レ,,,,1555,,,,1626,1644,,,レ,,,1708,1728,,,,,1750,,レ,,,,,,,,,,,1829,,1855,1913,レ,,,,,1940,,,2029,レ,,,,1959,,,,2053,,,,,レ,,2140,,,,,,,レ,,2248,,レ,,,レ,,2349,,,,2326,,,,,,,
大甕_大甕,発,,,,,,,,,,0530,,,0611,0631,,,0652,0707,,0724,,0739,0747,0801,,0821,,,,0840,,,0900,,レ,,,0907,,0938,,0956,,,レ,,,1025,,,1052,,,,,1032,,,,,,レ,,1130,1159,,,,,,,1223,1231,,,,,1258,,,,,,,レ,1331,,,1358,,,,,,1422,,1431,,,,1458,,,,,,1532,,,,,レ,,,,1601,,,,1632,1650,,,1622,,,1714,1734,,,,,1757,,1721,,,,,,,,,,,1835,,1902,1919,1823,,,,,1946,,,2035,1925,,,,2004,,,,2100,,,,,2024,,2146,,,,,,,2124,,2254,,2206,,,2227,,2355,,,,2331,,,,,,,
常陸多賀_常陸多賀,発,,,,,,,,,,0535,,,0616,0636,,,0657,0711,,0729,,0744,0751,0806,,0826,,,,0845,,,0904,,レ,,,0911,,0943,,1001,,,0937,,,1030,,,1057,,,,,1036,,,,,,レ,,1135,1203,,,,,,,1227,1235,,,,,1302,,,,,,,レ,1335,,,1402,,,,,,1426,,1435,,,,1503,,,,,,1537,,,,,レ,,,,1605,,,,1637,1654,,,1626,,,1719,1739,,,,,1801,,1725,,,,,,,,,,,1840,,1906,1924,1827,,,,,1951,,,2039,1929,,,,2008,,,,2104,,,,,2028,,2150,,,,,,,2128,,2259,,2210,,,2231,,0000,,,,2335,,,,,,,
日立_日立,着,,,,,,,,,,0539,,,0621,0641,,,0702,0716,,0733,,0749,0755,0811,,0831,,,,0850,,,0910,,0834,,,0914,,0947,,1005,,,0941,,,1035,,,1101,,,,,1040,,,,,,1126,,1139,1207,,,,,,,1231,1239,,,,,1306,,,,,,,1327,1339,,,1406,,,,,,1429,,1439,,,,1507,,,,,,1541,,,,,1529,,,,1609,,,,1641,1658,,,1629,,,1724,1743,,,,,1806,,1729,,,,,,,,,,,1844,,1911,1929,1830,,,,,1955,,,2043,1933,,,,2012,,,,2109,,,,,2032,,2154,,,,,,,2131,,2303,,2213,,,2235,,0004,,,,2339,,,,,,,
日立_日立,発,,,,,,,,,,0539,,,0621,0641,,,0703,0716,,0734,,0749,0756,0811,,0837,,,,0850,,,0919,,0834,,,0915,,0948,,1005,,,0941,,,1043,,,1102,,,,,1040,,,,,,1126,,1139,1208,,,,,,,1232,1240,,,,,1307,,,,,,,1327,1340,,,1407,,,,,,1430,,1439,,,,1507,,,,,,1541,,,,,1529,,,,1610,,,,1642,1659,,,1630,,,1732,1743,,,,,1807,,1730,,,,,,,,,,,1845,,1911,1936,1831,,,,,1956,,,2044,1933,,,,2012,,,,2109,,,,,2033,,2155,,,,,,,2132,,2303,,2214,,,2235,,0004,,,,2339,,,,,,,
小木津_小木津,発,,,,,,,,,,0544,,,0626,0646,,,0708,0721,,0739,,0754,0801,0817,,0842,,,,0856,,,0925,,レ,,,レ,,0953,,1011,,,レ,,,1049,,,1106,,,,,レ,,,,,,レ,,1144,1213,,,,,,,レ,1244,,,,,1311,,,,,,,レ,1344,,,1411,,,,,,レ,,1444,,,,1512,,,,,,1546,,,,,レ,,,,1614,,,,1647,1703,,,レ,,,1737,1748,,,,,1812,,レ,,,,,,,,,,,1850,,1916,1941,レ,,,,,2001,,,2048,レ,,,,レ,,,,2114,,,,,レ,,2159,,,,,,,レ,,2308,,レ,,,レ,,0009,,,,レ,,,,,,,
十王_十王,発,,,,,,,,,,0549,,,0631,0651,,,0713,0726,,0744,,0759,0805,0822,,0846,,,,0901,,,0929,,レ,,,レ,,0958,,1016,,,レ,,,1053,,,1111,,,,,レ,,,,,,レ,,1148,1217,,,,,,,レ,1249,,,,,1316,,,,,,,レ,1349,,,1416,,,,,,レ,,1448,,,,1516,,,,,,1550,,,,,レ,,,,1619,,,,1652,1708,,,レ,,,1742,1752,,,,,1817,,レ,,,,,,,,,,,1854,,1920,1945,レ,,,,,2005,,,2052,レ,,,,レ,,,,2119,,,,,レ,,2204,,,,,,,レ,,2312,,レ,,,レ,,0014,,,,レ,,,,,,,
高萩_高萩,発,,,,,,,,,,0554,,,0637,0657,,,0719,0732,,0749,,0804,0810,0827,,0851,,,,0906,,,0936,,0845,,,0926,,1003,,1021,,,レ,,,1058,,,1116,,,,,1051,,,,,,レ,,1154,1223,,,,,,,1242,1254,,,,,1321,,,,,,,レ,1354,,,1421,,,,,,1440,,1454,,,,1521,,,,,,1555,,,,,レ,,,,1624,,,,1657,1713,,,1640,,,1747,1758,,,,,1823,,レ,,,,,,,,,,,1900,,1926,1951,1841,,,,,2011,,,2058,レ,,,,2023,,,,2124,,,,,2043,,2209,,,,,,,レ,,2317,,2224,,,レ,,0019,,,,2350,,,,,,,
南中郷_南中郷,発,,,,,,,,,,0559,,,0641,0701,,,0724,＝,,0754,,0808,＝,0832,,＝,,,,0910,,,＝,,レ,,,＝,,1008,,＝,,,レ,,,1102,,,＝,,,,,レ,,,,,,レ,,1158,＝,,,,,,,レ,1258,,,,,＝,,,,,,,レ,1358,,,＝,,,,,,レ,,＝,,,,1526,,,,,,1600,,,,,レ,,,,1628,,,,1701,＝,,,レ,,,1751,＝,,,,,1827,,レ,,,,,,,,,,,1904,,1930,＝,レ,,,,,2015,,,＝,レ,,,,＝,,,,2129,,,,,レ,,2213,,,,,,,レ,,2322,,＝,,,レ,,＝,,,,＝,,,,,,,
磯原_磯原,発,,,,,,,,,,0603,,,0646,0706,,,0730,,,0758,,0813,,0836,,,,,,0915,,,,,レ,,,,,1012,,,,,0957,,,1107,,,,,,,,レ,,,,,,1142,,1202,,,,,,,,レ,1302,,,,,,,,,,,,1343,1402,,,,,,,,,レ,,,,,,1530,,,,,,1604,,,,,1545,,,,1633,,,,1705,,,,レ,,,1755,,,,,,1832,,1745,,,,,,,,,,,1908,,1934,,レ,,,,,2019,,,,1949,,,,,,,,2133,,,,,レ,,2217,,,,,,,2147,,2326,,,,,2251,,,,,,,,,,,,,
大津港_大津港,発,,,,,,,,,,0609,,,0652,0711,,,0736,,,0804,,0818,,0842,,,,,,0920,,,,,レ,,,,,1018,,,,,レ,,,1112,,,,,,,,レ,,,,,,レ,,1209,,,,,,,,レ,1308,,,,,,,,,,,,レ,1408,,,,,,,,,レ,,,,,,1535,,,,,,1609,,,,,レ,,,,1638,,,,1711,,,,レ,,,1801,,,,,,1837,,レ,,,,,,,,,,,1914,,1940,,レ,,,,,2025,,,,レ,,,,,,,,2139,,,,,レ,,2223,,,,,,,レ,,2332,,,,,レ,,,,,,,,,,,,,
勿来_勿来,発,,,,,,,,,,0613,,,0657,0716,,,0742,,,0809,,0823,,0846,,,,,,0925,,,,,0858,,,,,1023,,,,,レ,,,1117,,,,,,,,1104,,,,,,レ,,1214,,,,,,,,1256,1312,,,,,,,,,,,,レ,1412,,,,,,,,,1454,,,,,,1540,,,,,,1614,,,,,レ,,,,1643,,,,1715,,,,1654,,,1806,,,,,,1842,,レ,,,,,,,,,,,1919,,1944,,1855,,,,,2029,,,,レ,,,,,,,,2144,,,,,2057,,2227,,,,,,,レ,,＝,,,,,2259,,,,,,,,,,,,,
植田_植田,発,,,,,,,,,,0618,,,0702,0720,,,0747,,,0814,,0827,,0851,,,,,,0929,,,,,レ,,,,,1027,,,,,レ,,,1121,,,,,,,,レ,,,,,,レ,,1218,,,,,,,,レ,1317,,,,,,,,,,,,レ,1417,,,,,,,,,レ,,,,,,1544,,,,,,1618,,,,,レ,,,,1647,,,,1720,,,,レ,,,1810,,,,,,1846,,レ,,,,,,,,,,,1923,,1949,,レ,,,,,2034,,,,レ,,,,,,,,2148,,,,,レ,,2232,,,,,,,レ,,,,,,,レ,,,,,,,,,,,,,
泉_泉,発,,,,,,,,,,0624,,,0708,0727,,,0754,,,0820,,0833,,0857,,,,,,0935,,,,,0907,,,,,1033,,,,,1012,,,1127,,,,,,,,1113,,,,,,1157,,1226,,,,,,,,1304,1323,,,,,,,,,,,,1358,1423,,,,,,,,,1502,,,,,,1550,,,,,,1624,,,,,1600,,,,1653,,,,1726,,,,1703,,,1816,,,,,,1852,,1800,,,,,,,,,,,1930,,1955,,1904,,,,,2040,,,,2004,,,,,,,,2154,,,,,2105,,2238,,,,,,,2202,,,,,,,2307,,,,,,,,,,,,,
湯本_湯本,発,,,,,,,,,,0629,,,0714,0733,,,0801,,,0826,,0839,,0902,,,,,,0941,,,,,0912,,,,,1039,,,,,1017,,,1132,,,,,,,,1118,,,,,,1202,,1232,,,,,,,,1309,1328,,,,,,,,,,,,1403,1428,,,,,,,,,1507,,,,,,1555,,,,,,1629,,,,,1605,,,,1659,,,,1731,,,,1708,,,1821,,,,,,1858,,1805,,,,,,,,,,,1935,,2000,,1909,,,,,2045,,,,2009,,,,,,,,2200,,,,,2110,,2243,,,,,,,2207,,,,,,,2312,,,,,,,,,,,,,
内郷_内郷,発,,,,,,,,,,0633,,,0718,0737,,,0805,,,0830,,0843,,0906,,,,,,0944,,,,,レ,,,,,1043,,,,,レ,,,1136,,,,,,,,レ,,,,,,レ,,1236,,,,,,,,レ,1332,,,,,,,,,,,,レ,1432,,,,,,,,,レ,,,,,,1559,,,,,,1633,,,,,レ,,,,1702,,,,1735,,,,レ,,,1825,,,,,,1902,,レ,,,,,,,,,,,1939,,2004,,レ,,,,,2049,,,,レ,,,,,,,,2204,,,,,レ,,2247,,,,,,,レ,,,,,,,レ,,,,,,,,,,,,,
いわき_いわき,着,,,,,,,,,,0638,,,0724,0743,,,0811,,,0835,,0848,,0912,,,,,,0950,,,,,0918,,,,,1048,,,,,1023,,,1141,,,,,,,,1124,,,,,,1207,,1241,,,,,,,,1315,1337,,,,,,,,,,,,1409,1437,,,,,,,,,1513,,,,,,1604,,,,,,1638,,,,,1611,,,,1708,,,,1740,,,,1714,,,1830,,,,,,1907,,1811,,,,,,,,,,,1945,,2009,,1915,,,,,2054,,,,2015,,,,,,,,2209,,,,,2116,,2252,,,,,,,2214,,,,,,,2319,,,,,,,,,,,,,
いわき_いわき,発,,,,,0523,,,,0609,,,0711,,,,0751,,,,,,,,,0922,,,,,,,,,,,,,,,1051,,,,,1025,,,,,,,,,,,,,,,,,,1214,,,,,,,,,,,,1342,,,,,,,,,,,,,,,,,,,,1515,1519,,,,1558,,,,,,,,,,,,,,1651,,,,,,,,,,,,1747,,,,,,,,,1814,,1839,,,,,,,1924,,,,2019,,,,,,,,,,,,,,,,2130,,,,,,,,,2220,,,,,,,,,,,,,,,,,,,,,,,,,,,,
草野_草野,発,,,,,0528,,,,0614,,,0716,,,,0756,,,,,,,,,0928,,,,,,,,,,,,,,,1056,,,,,レ,,,,,,,,,,,,,,,,,,1219,,,,,,,,,,,,1348,,,,,,,,,,,,,,,,,,,,レ,1524,,,,1603,,,,,,,,,,,,,,1656,,,,,,,,,,,,1753,,,,,,,,,レ,,1844,,,,,,,1930,,,,2024,,,,,,,,,,,,,,,,2136,,,,,,,,,2225,,,,,,,,,,,,,,,,,,,,,,,,,,,,
四ツ倉_四ツ倉,発,,,,,0533,,,,0618,,,0721,,,,0801,,,,,,,,,0932,,,,,,,,,,,,,,,1100,,,,,レ,,,,,,,,,,,,,,,,,,1223,,,,,,,,,,,,1352,,,,,,,,,,,,,,,,,,,,レ,1528,,,,1607,,,,,,,,,,,,,,1700,,,,,,,,,,,,1757,,,,,,,,,レ,,1849,,,,,,,1934,,,,2029,,,,,,,,,,,,,,,,2140,,,,,,,,,2229,,,,,,,,,,,,,,,,,,,,,,,,,,,,
久ノ浜_久ノ浜,発,,,,,0538,,,,0623,,,0726,,,,0805,,,,,,,,,0937,,,,,,,,,,,,,,,1105,,,,,レ,,,,,,,,,,,,,,,,,,1228,,,,,,,,,,,,1357,,,,,,,,,,,,,,,,,,,,レ,1533,,,,1612,,,,,,,,,,,,,,1705,,,,,,,,,,,,1805,,,,,,,,,レ,,1854,,,,,,,1938,,,,2034,,,,,,,,,,,,,,,,2146,,,,,,,,,2234,,,,,,,,,,,,,,,,,,,,,,,,,,,,
末続_末続,発,,,,,0542,,,,0627,,,0730,,,,0809,,,,,,,,,0941,,,,,,,,,,,,,,,1109,,,,,レ,,,,,,,,,,,,,,,,,,1232,,,,,,,,,,,,1401,,,,,,,,,,,,,,,,,,,,レ,1537,,,,1616,,,,,,,,,,,,,,1709,,,,,,,,,,,,1808,,,,,,,,,レ,,1858,,,,,,,1942,,,,2038,,,,,,,,,,,,,,,,＝,,,,,,,,,2238,,,,,,,,,,,,,,,,,,,,,,,,,,,,
広野_広野,発,,,,,0546,,,,0632,,,0734,,,,0814,,,,,,,,,0946,,,,,,,,,,,,,,,1114,,,,,1043,,,,,,,,,,,,,,,,,,1238,,,,,,,,,,,,1406,,,,,,,,,,,,,,,,,,,,1533,1541,,,,1621,,,,,,,,,,,,,,1713,,,,,,,,,,,,1813,,,,,,,,,1835,,1904,,,,,,,1947,,,,2043,,,,,,,,,,,,,,,,,,,,,,,,,2243,,,,,,,,,,,,,,,,,,,,,,,,,,,,
Ｊヴィレッジ_Ｊヴィレッジ,発,,,,,0550,,,,0636,,,0738,,,,0818,,,,,,,,,0950,,,,,,,,,,,,,,,＝,,,,,レ,,,,,,,,,,,,,,,,,,1243,,,,,,,,,,,,＝,,,,,,,,,,,,,,,,,,,,レ,1545,,,,＝,,,,,,,,,,,,,,1717,,,,,,,,,,,,1817,,,,,,,,,レ,,＝,,,,,,,1951,,,,2047,,,,,,,,,,,,,,,,,,,,,,,,,＝,,,,,,,,,,,,,,,,,,,,,,,,,,,,
木戸_木戸,発,,,,,0553,,,,0638,,,0741,,,,0820,,,,,,,,,0952,,,,,,,,,,,,,,,,,,,,レ,,,,,,,,,,,,,,,,,,1247,,,,,,,,,,,,,,,,,,,,,,,,,,,,,,,,レ,1548,,,,,,,,,,,,,,,,,,1720,,,,,,,,,,,,1819,,,,,,,,,レ,,,,,,,,,1954,,,,2050,,,,,,,,,,,,,,,,,,,,,,,,,,,,,,,,,,,,,,,,,,,,,,,,,,,,,
竜田_竜田,着,,,,,0556,,,,0641,,,0744,,,,0823,,,,,,,,,0956,,,,,,,,,,,,,,,,,,,,レ,,,,,,,,,,,,,,,,,,1251,,,,,,,,,,,,,,,,,,,,,,,,,,,,,,,,レ,1552,,,,,,,,,,,,,,,,,,1723,,,,,,,,,,,,1823,,,,,,,,,レ,,,,,,,,,1957,,,,2053,,,,,,,,,,,,,,,,,,,,,,,,,,,,,,,,,,,,,,,,,,,,,,,,,,,,,
富岡_富岡,発,,,,,0602,,,,0651,,,0751,,,,0830,,,,,,,,,1005,,,,,,,,,,,,,,,,,,,,1057,,,,,,,,,,,,,,,,,,1257,,,,,,,,,,,,,,,,,,,,,,,,,,,,,,,,1547,1559,,,,,,,,,,,,,,,,,,1730,,,,,,,,,,,,1829,,,,,,,,,1849,,,,,,,,,2004,,,,2100,,,,,,,,,,,,,,,,,,,,,,,,,,,,,,,,,,,,,,,,,,,,,,,,,,,,,
夜ノ森_夜ノ森,発,,,,,0607,,,,0656,,,0755,,,,0835,,,,,,,,,1010,,,,,,,,,,,,,,,,,,,,レ,,,,,,,,,,,,,,,,,,1302,,,,,,,,,,,,,,,,,,,,,,,,,,,,,,,,レ,1605,,,,,,,,,,,,,,,,,,1739,,,,,,,,,,,,1834,,,,,,,,,レ,,,,,,,,,2008,,,,2105,,,,,,,,,,,,,,,,,,,,,,,,,,,,,,,,,,,,,,,,,,,,,,,,,,,,,
大野_大野,発,,,,,0612,,,,0700,,,0800,,,,0839,,,,,,,,,1014,,,,,,,,,,,,,,,,,,,,1105,,,,,,,,,,,,,,,,,,1306,,,,,,,,,,,,,,,,,,,,,,,,,,,,,,,,1555,1609,,,,,,,,,,,,,,,,,,1744,,,,,,,,,,,,1839,,,,,,,,,1857,,,,,,,,,2013,,,,2110,,,,,,,,,,,,,,,,,,,,,,,,,,,,,,,,,,,,,,,,,,,,,,,,,,,,,
双葉_双葉,発,,,,,0617,,,,0706,,,0805,,,,0845,,,,,,,,,1020,,,,,,,,,,,,,,,,,,,,1110,,,,,,,,,,,,,,,,,,1312,,,,,,,,,,,,,,,,,,,,,,,,,,,,,,,,1600,1615,,,,,,,,,,,,,,,,,,1749,,,,,,,,,,,,1844,,,,,,,,,1902,,,,,,,,,2018,,,,2115,,,,,,,,,,,,,,,,,,,,,,,,,,,,,,,,,,,,,,,,,,,,,,,,,,,,,
浪江_浪江,発,,,,,0622,,,,0711,,,0810,,,,0849,,,,,,,,,1024,,,,,,,,,,,,,,,,,,,,1115,,,,,,,,,,,,,,,,,,1318,,,,,,,,,,,,,,,,,,,,,,,,,,,,,,,,1604,1619,,,,,,,,,,,,,,,,,,1754,,,,,,,,,,,,1849,,,,,,,,,1907,,,,,,,,,2023,,,,2119,,,,,,,,,,,,,,,,,,,,,,,,,,,,,,,,,,,,,,,,,,,,,,,,,,,,,
桃内_桃内,発,,,,,0627,,,,0716,,,0815,,,,0854,,,,,,,,,1029,,,,,,,,,,,,,,,,,,,,レ,,,,,,,,,,,,,,,,,,1323,,,,,,,,,,,,,,,,,,,,,,,,,,,,,,,,レ,1624,,,,,,,,,,,,,,,,,,1758,,,,,,,,,,,,1854,,,,,,,,,レ,,,,,,,,,2027,,,,2124,,,,,,,,,,,,,,,,,,,,,,,,,,,,,,,,,,,,,,,,,,,,,,,,,,,,,
小高_小高,発,,,,,0631,,,,0720,,,0819,,,,0858,,,,,,,,,1034,,,,,,,,,,,,,,,,,,,,レ,,,,,,,,,,,,,,,,,,1327,,,,,,,,,,,,,,,,,,,,,,,,,,,,,,,,レ,1628,,,,,,,,,,,,,,,,,,1802,,,,,,,,,,,,1900,,,,,,,,,レ,,,,,,,,,2032,,,,2128,,,,,,,,,,,,,,,,,,,,,,,,,,,,,,,,,,,,,,,,,,,,,,,,,,,,,
磐城太田_磐城太田,発,,,,,0636,,,,0725,,,0824,,,,0903,,,,,,,,,1039,,,,,,,,,,,,,,,,,,,,レ,,,,,,,,,,,,,,,,,,1332,,,,,,,,,,,,,,,,,,,,,,,,,,,,,,,,レ,1633,,,,,,,,,,,,,,,,,,1807,,,,,,,,,,,,1911,,,,,,,,,レ,,,,,,,,,2037,,,,2133,,,,,,,,,,,,,,,,,,,,,,,,,,,,,,,,,,,,,,,,,,,,,,,,,,,,,
原ノ町_原ノ町,着,,,,,0641,,,,0730,,,0829,,,,0908,,,,,,,,,1044,,,,,,,,,,,,,,,,,,,,1132,,,,,,,,,,,,,,,,,,1337,,,,,,,,,,,,,,,,,,,,,,,,,,,,,,,,1620,1638,,,,,,,,,,,,,,,,,,1812,,,,,,,,,,,,1916,,,,,,,,,1923,,,,,,,,,2042,,,,2138,,,,,,,,,,,,,,,,,,,,,,,,,,,,,,,,,,,,,,,,,,,,,,,,,,,,,
原ノ町_原ノ町,発,,0521,0551,0625,,,0654,0713,,,0802,,,,0853,,,,,,0950,,,,,,,,1051,,,,,,,,,,,,,,,,1133,,1204,,,,,,,,,,,,,1305,,,,,,1404,,,,,,,,,,,,,,,1504,,,,,,,1556,,,,,,,1621,,,1640,,,,,,,,1729,,,,,,,,,1815,,,,1839,,,,,,,,,,,,,,,,1924,1933,,,,,,,2010,,2046,,,,,,,,,2143,,,,,,,,,,,,2238,,,,,,,,,,,,,,,,,,,,,,,,,,,,,,,,,,,
鹿島_鹿島,発,,0528,0558,0631,,,0701,0720,,,0810,,,,0900,,,,,,0957,,,,,,,,1102,,,,,,,,,,,,,,,,レ,,1211,,,,,,,,,,,,,1311,,,,,,1411,,,,,,,,,,,,,,,1511,,,,,,,1602,,,,,,,レ,,,1648,,,,,,,,1737,,,,,,,,,1823,,,,1846,,,,,,,,,,,,,,,,レ,1941,,,,,,,2017,,2053,,,,,,,,,2150,,,,,,,,,,,,2245,,,,,,,,,,,,,,,,,,,,,,,,,,,,,,,,,,,
日立木_日立木,発,,0533,0603,0637,,,0706,0726,,,0816,,,,0906,,,,,,1003,,,,,,,,1108,,,,,,,,,,,,,,,,レ,,1217,,,,,,,,,,,,,1317,,,,,,1417,,,,,,,,,,,,,,,1517,,,,,,,1608,,,,,,,レ,,,1657,,,,,,,,1743,,,,,,,,,1828,,,,1856,,,,,,,,,,,,,,,,レ,1953,,,,,,,2023,,2058,,,,,,,,,2156,,,,,,,,,,,,2251,,,,,,,,,,,,,,,,,,,,,,,,,,,,,,,,,,,
相馬_相馬,発,,0538,0609,0642,,,0711,0732,,,0821,,,,0912,,,,,,1009,,,,,,,,1113,,,,,,,,,,,,,,,,1148,,1222,,,,,,,,,,,,,1322,,,,,,1422,,,,,,,,,,,,,,,1522,,,,,,,1613,,,,,,,1636,,,1703,,,,,,,,1749,,,,,,,,,1834,,,,1902,,,,,,,,,,,,,,,,1940,1959,,,,,,,2028,,2104,,,,,,,,,2202,,,,,,,,,,,,2256,,,,,,,,,,,,,,,,,,,,,,,,,,,,,,,,,,,
駒ケ嶺_駒ケ嶺,発,,0543,0613,0646,,,0716,0737,,,0826,,,,0917,,,,,,1014,,,,,,,,1118,,,,,,,,,,,,,,,,レ,,1226,,,,,,,,,,,,,1326,,,,,,1426,,,,,,,,,,,,,,,1526,,,,,,,1618,,,,,,,レ,,,1707,,,,,,,,1754,,,,,,,,,1846,,,,1906,,,,,,,,,,,,,,,,レ,2003,,,,,,,2033,,2111,,,,,,,,,2210,,,,,,,,,,,,2300,,,,,,,,,,,,,,,,,,,,,,,,,,,,,,,,,,,
新地_新地,発,,0547,0619,0651,,,0722,0742,,,0831,,,,0921,,,,,,1023,,,,,,,,1127,,,,,,,,,,,,,,,,レ,,1234,,,,,,,,,,,,,1332,,,,,,1432,,,,,,,,,,,,,,,1534,,,,,,,1623,,,,,,,レ,,,1712,,,,,,,1740,1802,,,,,,,,,1851,,,,1912,,,,,,,,,,,,,,,,レ,2008,,,,,,,2038,,2116,,,,,,,,,2215,,,,,,,,,,,2242,2304,,,,,,,,,,,,,,,,,,,,,,,,,,,,,,,,,,,
坂元_坂元,発,,0552,0624,0656,,,0727,0747,,,0836,,,,0926,,,,,,1029,,,,,,,,1132,,,,,,,,,,,,,,,,レ,,1239,,,,,,,,,,,,,1337,,,,,,1437,,,,,,,,,,,,,,,1539,,,,,,,1628,,,,,,,レ,,,1718,,,,,,,1746,1807,,,,,,,,,1856,,,,1917,,,,,,,,,,,,,,,,レ,2013,,,,,,,2043,,2121,,,,,,,,,2220,,,,,,,,,,,2247,2309,,,,,,,,,,,,,,,,,,,,,,,,,,,,,,,,,,,
山下_山下,発,0542,0557,0628,0701,,0718,0732,0751,,,0841,,,,0932,,,,,,1039,,,,,,,,1136,,,,,,,,,,,,,,,,レ,,1243,,,,,,,,,,,,,1342,,,,,,1442,,,,,,,,,,,,,,,1544,,,,,,,1637,,,,,,,レ,,,1724,,,,,,,1751,1813,,,,,,,,,1901,,,,1923,,,,,,,,,,,,,,,,レ,2018,,,,,,,2048,,2126,,,,,,,,,2226,,,,,,,,,,,2252,2314,,,,,,,,,,,,,,,,,,,,,,,,,,,,,,,,,,,
浜吉田_浜吉田,発,0547,0604,0633,0706,,0722,0736,0756,,,0848,,,,0937,,,,,,1044,,,,,,,,1140,,,,,,,,,,,,,,,,レ,,1248,,,,,,,,,,,,,1346,,,,,,1446,,,,,,,,,,,,,,,1548,,,,,,,1641,,,,,,,レ,,,1729,,,,,,,1756,1818,,,,,,,,,1905,,,,1928,,,,,,,,,,,,,,,,レ,2022,,,,,,,2052,,2131,,,,,,,,,2231,,,,,,,,,,,2256,2319,,,,,,,,,,,,,,,,,,,,,,,,,,,,,,,,,,,
亘理_亘理,発,0551,0608,0637,0711,,0727,0741,0801,,,0853,,,,0942,,,,,,1048,,,,,,,,1145,,,,,,,,,,,,,,,,レ,,1252,,,,,,,,,,,,,1351,,,,,,1451,,,,,,,,,,,,,,,1553,,,,,,,1646,,,,,,,レ,,,1739,,,,,,,1801,1827,,,,,,,,,1911,,,,1939,,,,,,,,,,,,,,,,2000,2027,,,,,,,2057,,2135,,,,,,,,,2235,,,,,,,,,,,2301,2323,,,,,,,,,,,,,,,,,,,,,,,,,,,,,,,,,,,
逢隈_逢隈,発,0557,0612,0641,0715,,0731,0746,0806,,,0856,,,,0946,,,,,,1052,,,,,,,,1149,,,,,,,,,,,,,,,,レ,,1256,,,,,,,,,,,,,1354,,,,,,1454,,,,,,,,,,,,,,,1601,,,,,,,1650,,,,,,,レ,,,1743,,,,,,,1805,1830,,,,,,,,,1915,,,,1943,,,,,,,,,,,,,,,,レ,2030,,,,,,,2100,,2140,,,,,,,,,2239,,,,,,,,,,,2311,2327,,,,,,,,,,,,,,,,,,,,,,,,,,,,,,,,,,,
岩沼_岩沼,着,0603,0618,0647,0721,,0737,0752,0812,,,0903,,,,0952,,,,,,1058,,,,,,,,1155,,,,,,,,,,,,,,,,レ,,1302,,,,,,,,,,,,,1401,,,,,,1501,,,,,,,,,,,,,,,1607,,,,,,,1656,,,,,,,レ,,,1750,,,,,,,1811,1836,,,,,,,,,1921,,,,1949,,,,,,,,,,,,,,,,2009,2037,,,,,,,2106,,2146,,,,,,,,,2245,,,,,,,,,,,2317,2333,,,,,,,,,,,,,,,,,,,,,,,,,,,,,,,,,,,
岩沼_岩沼,発,0604,0620,0648,0724,,0738,0753,0816,,,0903,,,,0956,,,,,,1102,,,,,,,,1156,,,,,,,,,,,,,,,,レ,,1303,,,,,,,,,,,,,1401,,,,,,1501,,,,,,,,,,,,,,,1608,,,,,,,1657,,,,,,,レ,,,1753,,,,,,,1813,1837,,,,,,,,,1923,,,,1952,,,,,,,,,,,,,,,,2010,2037,,,,,,,2107,,2147,,,,,,,,,2246,,,,,,,,,,,2318,2334,,,,,,,,,,,,,,,,,,,,,,,,,,,,,,,,,,,
館腰_館腰,発,0607,0624,0652,0728,,0741,0757,0820,,,0907,,,,1000,,,,,,1105,,,,,,,,1200,,,,,,,,,,,,,,,,レ,,1306,,,,,,,,,,,,,1405,,,,,,1505,,,,,,,,,,,,,,,1611,,,,,,,1700,,,,,,,レ,,,1756,,,,,,,1817,1841,,,,,,,,,1927,,,,1956,,,,,,,,,,,,,,,,レ,2041,,,,,,,2111,,2151,,,,,,,,,2250,,,,,,,,,,,2322,2338,,,,,,,,,,,,,,,,,,,,,,,,,,,,,,,,,,,
名取_名取,発,0611,0627,0656,0733,,0746,0801,0824,,,0910,,,,1003,,,,,,1109,,,,,,,,1204,,,,,,,,,,,,,,,,レ,,1310,,,,,,,,,,,,,1409,,,,,,1509,,,,,,,,,,,,,,,1615,,,,,,,1704,,,,,,,レ,,,1800,,,,,,,1820,1844,,,,,,,,,1931,,,,1959,,,,,,,,,,,,,,,,レ,2045,,,,,,,2114,,2154,,,,,,,,,2254,,,,,,,,,,,2325,2341,,,,,,,,,,,,,,,,,,,,,,,,,,,,,,,,,,,
南仙台_南仙台,発,0614,0630,0700,0736,,0750,0805,0828,,,0914,,,,1007,,,,,,1112,,,,,,,,1207,,,,,,,,,,,,,,,,レ,,1313,,,,,,,,,,,,,1412,,,,,,1512,,,,,,,,,,,,,,,1618,,,,,,,1707,,,,,,,レ,,,1803,,,,,,,1823,1847,,,,,,,,,1934,,,,2003,,,,,,,,,,,,,,,,レ,2048,,,,,,,2117,,2158,,,,,,,,,2257,,,,,,,,,,,2328,2345,,,,,,,,,,,,,,,,,,,,,,,,,,,,,,,,,,,
太子堂_太子堂,発,0617,0633,0703,0740,,0753,0808,0831,,,0917,,,,1010,,,,,,1115,,,,,,,,1210,,,,,,,,,,,,,,,,レ,,1316,,,,,,,,,,,,,1415,,,,,,1515,,,,,,,,,,,,,,,1621,,,,,,,1710,,,,,,,レ,,,1806,,,,,,,1826,1850,,,,,,,,,1937,,,,2006,,,,,,,,,,,,,,,,レ,2051,,,,,,,2120,,2201,,,,,,,,,2300,,,,,,,,,,,2331,2348,,,,,,,,,,,,,,,,,,,,,,,,,,,,,,,,,,,
長町_長町,発,0619,0635,0706,0742,,0756,0811,0834,,,0919,,,,1012,,,,,,1117,,,,,,,,1212,,,,,,,,,,,,,,,,レ,,1318,,,,,,,,,,,,,1417,,,,,,1517,,,,,,,,,,,,,,,1623,,,,,,,1712,,,,,,,レ,,,1809,,,,,,,1828,1852,,,,,,,,,1939,,,,2008,,,,,,,,,,,,,,,,レ,2053,,,,,,,2122,,2203,,,,,,,,,2302,,,,,,,,,,,2333,2350,,,,,,,,,,,,,,,,,,,,,,,,,,,,,,,,,,,
仙台_仙台,着,0624,0641,0712,0748,,0801,0817,0839,,,0924,,,,1017,,,,,,1123,,,,,,,,1218,,,,,,,,,,,,,,,,1229,,1324,,,,,,,,,,,,,1423,,,,,,1523,,,,,,,,,,,,,,,1628,,,,,,,1718,,,,,,,1725,,,1814,,,,,,,1834,1858,,,,,,,,,1944,,,,2013,,,,,,,,,,,,,,,,2028,2059,,,,,,,2128,,2208,,,,,,,,,2308,,,,,,,,,,,2339,2355,,,,,,,,,,,,,,,,,,,,,,,,,,,,,,,,,,,
仙台番線_仙台番線,,(6),(4),(6),(4),,(6),(3),(6),,,(6),,,,(6),,,,,,(6),,,,,,,,(6),,,,,,,,,,,,,,,,(1),,(5),,,,,,,,,,,,,(6),,,,,,(6),,,,,,,,,,,,,,,(5),,,,,,,(5),,,,,,,(6),,,(6),,,,,,,(4),(6),,,,,,,,,(6),,,,(6),,,,,,,,,,,,,,,,(6),(4),,,,,,,(6),,(6),,,,,,,,,(6),,,,,,,,,,,(8),(7),,,,,,,,,,,,,,,,,,,,,,,,,,,,,,,,,,,
