列車番号,,455T,509,539T,513,507,581T,603,549,545,569T,541,503H,661T,565T,647,615,663T,609,645T,651,607H,643,611,613,707,649T,649,783T,741,689T,715,651T,803,745,695T,747,711,851,809,843,753T,849,813,787T,717T,841,907,869T,945,911,865T,943,835T,1003,913,949,959T,979T,1043,1007,1011,923T,951T,1149,1017H,1103,1081T,1113,1143,1033T,1111,1249,1207,1145T,1145T,1145T,1141T,1141T,1141T,1115H,1115H,1115H,1243,1183T,1303,1213,1349,1231T,1261T,1311,1307,1343,1221H,1223T,1449,1381T,1403,1387T,1413,1443,1323H,1411,1507,1549,1375T,1459T,1493T,1543,1603,1439T,1513,1649,1547T,1605,1611,1643,1503H,1707,6649,1517H,1645,1623T,1703,1681T,1747,1713,1669T,1743,1805,1665T,1711,1849,1725T,1773T,1807,1845,1779T,1779T,1779T,1813,1847,1847,1847,1729T,1729T,1729T,1903,1717T,1717T,1717T,1943,1943,1943,1809H,1809H,1809H,5301M,5301M,5301M,1945,1945,1945,1911,1905,1855T,1855T,1855T,1867T,1949,1819H,2043,1807H,2013,2007,1937T,2045,1981T,1935T,2049,1995T,2103,1931T,6043,2011,2083T,2147,2105,2025T,2091T,2149,2113,2079T,2207,2145,2047T,2129T,2247,2109H,2203,2243,2211,2213,2245,2249,5303M,2347,2261T,2305,2237T,2343,2281T,2309H,2345,2313,2449,2447,2319T
列車名_列車名,,普通_普通,普通_普通,普通_普通,普通_普通,普通_普通,普通_普通,普通_普通,普通_普通,普通_普通,普通_普通,普通_普通,普通_普通,普通_普通,快速_快速,普通_普通,普通_普通,普通_普通,普通_普通,快速_快速,普通_普通,快速_快速,普通_普通,普通_普通,普通_普通,普通_普通,快速_快速,普通_普通,普通_普通,普通_普通,快速_快速,普通_普通,快速_快速,普通_普通,普通_普通,快速_快速,普通_普通,普通_普通,普通_普通,普通_普通,普通_普通,快速_快速,普通_普通,普通_普通,快速_快速,快速_快速,普通_普通,普通_普通,快速_快速,普通_普通,普通_普通,快速_快速,普通_普通,快速_快速,普通_普通,普通_普通,普通_普通,快速_快速,快速_快速,普通_普通,普通_普通,普通_普通,快速_快速,快速_快速,普通_普通,青梅特快_青梅特快,普通_普通,快速_快速,普通_普通,普通_普通,快速_快速,普通_普通,普通_普通,普通_普通,快速_快速,快速_快速,快速_快速,青梅特快_青梅特快,青梅特快_青梅特快,青梅特快_青梅特快,快速_快速,快速_快速,快速_快速,普通_普通,快速_快速,普通_普通,普通_普通,普通_普通,快速_快速,青梅特快_青梅特快,普通_普通,普通_普通,普通_普通,快速_快速,快速_快速,普通_普通,快速_快速,普通_普通,青梅特快_青梅特快,普通_普通,普通_普通,快速_快速,普通_普通,普通_普通,普通_普通,快速_快速,青梅特快_青梅特快,快速_快速,普通_普通,普通_普通,快速_快速,普通_普通,普通_普通,快速_快速,普通_普通,普通_普通,普通_普通,快速_快速,普通_普通,普通_普通,快速_快速,普通_普通,快速_快速,普通_普通,快速_快速,普通_普通,普通_普通,快速_快速,普通_普通,普通_普通,快速_快速,普通_普通,普通_普通,通勤快速_通勤快速,快速_快速,普通_普通,普通_普通,快速_快速,快速_快速,快速_快速,普通_普通,普通_普通,普通_普通,普通_普通,快速_快速,快速_快速,快速_快速,普通_普通,快速_快速,快速_快速,快速_快速,普通_普通,普通_普通,普通_普通,快速_快速,快速_快速,快速_快速,特急 おうめ1号_特急 おうめ1号,特急 おうめ1号_特急 おうめ1号,特急 おうめ1号_特急 おうめ1号,普通_普通,普通_普通,普通_普通,普通_普通,普通_普通,快速_快速,快速_快速,快速_快速,快速_快速,普通_普通,快速_快速,普通_普通,快速_快速,普通_普通,普通_普通,快速_快速,普通_普通,通勤快速_通勤快速,快速_快速,普通_普通,快速_快速,普通_普通,快速_快速,普通_普通,普通_普通,快速_快速,普通_普通,普通_普通,通勤快速_通勤快速,快速_快速,普通_普通,普通_普通,通勤快速_通勤快速,普通_普通,普通_普通,快速_快速,快速_快速,普通_普通,通勤快速_通勤快速,普通_普通,普通_普通,普通_普通,普通_普通,普通_普通,普通_普通,特急 おうめ3号_特急 おうめ3号,普通_普通,快速_快速,普通_普通,快速_快速,普通_普通,快速_快速,普通_普通,普通_普通,普通_普通,普通_普通,普通_普通,快速_快速
設備,,_,_,_,_,_,_,_,_,_,_,_,_,_,_,_,_,_,_,_,_,_,_,_,_,_,_,_,_,_,_,_,_,_,_,_,_,_,_,_,_,_,_,_,_,_,_,_,_,_,_,_,_,_,_,_,_,_,_,_,_,_,_,_,_,_,_,_,_,_,_,_,_,_,_,_,_,_,_,_,_,_,_,_,_,_,_,_,_,_,_,_,_,_,_,_,_,_,_,_,_,_,_,_,_,_,_,_,_,_,_,_,_,_,_,_,_,_,_,_,_,_,_,_,_,_,_,_,_,_,_,_,_,_,_,_,_,_,_,_,_,_,_,_,_,_,_,_,_,_,_,_,_,_,_,_,_,グリーン車指定席_普通車全車指定席____,グリーン車指定席_普通車全車指定席____,グリーン車指定席_普通車全車指定席____,_,_,_,_,_,_,_,_,_,_,_,_,_,_,_,_,_,_,_,_,_,_,_,_,_,_,_,_,_,_,_,_,_,_,_,_,_,_,_,_,_,_,_,_,_,グリーン車指定席_普通車全車指定席____,_,_,_,_,_,_,_,_,_,_,_,_
運転日,,平日,平日,平日,平日,平日,平日,平日,平日,平日,平日,平日,平日,平日,平日,平日,平日,平日,平日,平日,平日,平日,平日,平日,平日,平日,平日,平日,平日,平日,平日,平日,平日,平日,平日,平日,平日,平日,平日,平日,平日,平日,平日,平日,平日,平日,平日,平日,平日,平日,平日,平日,平日,平日,平日,平日,平日,平日,平日,平日,平日,平日,平日,平日,平日,平日,平日,平日,平日,平日,平日,平日,平日,平日,平日,11月30日まで・但し、土曜・休日を除くはこの時刻に変更__時変_11月30日まで・但し、土曜・休日を除くはこの時刻に変更_,12月1・4～8・11～15・18～22・25～29日・1月4・5・9～12・15～19・22～26・29日～2月2・5～9・13～16・19～22・26～29日はこの時刻に変更__時変_12月1・4～8・11～15・18～22・25～29日・1月4・5・9～12・15～19・22～26・29日～2月2・5～9・13～16・19～22・26～29日はこの時刻に変更_,平日,11月30日まで・但し、土曜・休日を除くはこの時刻に変更__時変_11月30日まで・但し、土曜・休日を除くはこの時刻に変更_,12月1・4～8・11～15・18～22・25～29日・1月4・5・9～12・15～19・22～26・29日～2月2・5～9・13～16・19～22・26～29日はこの時刻に変更__時変_12月1・4～8・11～15・18～22・25～29日・1月4・5・9～12・15～19・22～26・29日～2月2・5～9・13～16・19～22・26～29日はこの時刻に変更_,平日,11月30日まで・但し、土曜・休日を除くはこの時刻に変更__時変_11月30日まで・但し、土曜・休日を除くはこの時刻に変更_,12月1・4～8・11～15・18～22・25～29日・1月4・5・9～12・15～19・22～26・29日～2月2・5～9・13～16・19～22・26～29日はこの時刻に変更__時変_12月1・4～8・11～15・18～22・25～29日・1月4・5・9～12・15～19・22～26・29日～2月2・5～9・13～16・19～22・26～29日はこの時刻に変更_,平日,平日,平日,平日,平日,平日,平日,平日,平日,平日,平日,平日,平日,平日,平日,平日,平日,平日,平日,平日,平日,平日,平日,平日,平日,平日,平日,平日,平日,平日,平日,平日,平日,平日,平日,平日,平日,平日,平日,平日,平日,平日,平日,平日,平日,平日,平日,平日,平日,平日,平日,平日,平日,平日,平日,11月30日まで・但し、土曜・休日を除くはこの時刻に変更__時変_11月30日まで・但し、土曜・休日を除くはこの時刻に変更_,12月1・4～8・11～15・18～22・25～29日・1月4・5・9～12・15～19・22～26・29日～2月2・5～9・13～16・19～22・26～29日はこの時刻に変更__時変_12月1・4～8・11～15・18～22・25～29日・1月4・5・9～12・15～19・22～26・29日～2月2・5～9・13～16・19～22・26～29日はこの時刻に変更_,平日,平日,11月30日まで・但し、土曜・休日を除くはこの時刻に変更__時変_11月30日まで・但し、土曜・休日を除くはこの時刻に変更_,12月1・4～8・11～15・18～22・25～29日・1月4・5・9～12・15～19・22～26・29日～2月2・5～9・13～16・19～22・26～29日はこの時刻に変更__時変_12月1・4～8・11～15・18～22・25～29日・1月4・5・9～12・15～19・22～26・29日～2月2・5～9・13～16・19～22・26～29日はこの時刻に変更_,平日,11月30日まで・但し、土曜・休日を除くはこの時刻に変更__時変_11月30日まで・但し、土曜・休日を除くはこの時刻に変更_,12月1・4～8・11～15・18～22・25～29日・1月4・5・9～12・15～19・22～26・29日～2月2・5～9・13～16・19～22・26～29日はこの時刻に変更__時変_12月1・4～8・11～15・18～22・25～29日・1月4・5・9～12・15～19・22～26・29日～2月2・5～9・13～16・19～22・26～29日はこの時刻に変更_,平日,平日,11月30日まで・但し、土曜・休日を除くはこの時刻に変更__時変_11月30日まで・但し、土曜・休日を除くはこの時刻に変更_,12月1・4～8・11～15・18～22・25～29日・1月4・5・9～12・15～19・22～26・29日～2月2・5～9・13～16・19～22・26～29日はこの時刻に変更__時変_12月1・4～8・11～15・18～22・25～29日・1月4・5・9～12・15～19・22～26・29日～2月2・5～9・13～16・19～22・26～29日はこの時刻に変更_,平日,11月30日まで・但し、土曜・休日を除くはこの時刻に変更__時変_11月30日まで・但し、土曜・休日を除くはこの時刻に変更_,12月1・4～8・11～15・18～22・25～29日・1月4・5・9～12・15～19・22～26・29日～2月2・5～9・13～16・19～22・26～29日はこの時刻に変更__時変_12月1・4～8・11～15・18～22・25～29日・1月4・5・9～12・15～19・22～26・29日～2月2・5～9・13～16・19～22・26～29日はこの時刻に変更_,平日,11月30日まで・但し、土曜・休日を除くはこの時刻に変更__時変_11月30日まで・但し、土曜・休日を除くはこの時刻に変更_,12月1・4～8・11～15・18～22・25～29日・1月4・5・9～12・15～19・22～26・29日～2月2・5～9・13～16・19～22・26～29日はこの時刻に変更__時変_12月1・4～8・11～15・18～22・25～29日・1月4・5・9～12・15～19・22～26・29日～2月2・5～9・13～16・19～22・26～29日はこの時刻に変更_,平日,11月30日まで・但し、土曜・休日を除くはこの時刻に変更__時変_11月30日まで・但し、土曜・休日を除くはこの時刻に変更_,12月1・4～8・11～15・18～22・25～29日・1月4・5・9～12・15～19・22～26・29日～2月2・5～9・13～16・19～22・26～29日はこの時刻に変更__時変_12月1・4～8・11～15・18～22・25～29日・1月4・5・9～12・15～19・22～26・29日～2月2・5～9・13～16・19～22・26～29日はこの時刻に変更_,平日,11月30日まで・但し、土曜・休日を除くはこの時刻に変更__時変_11月30日まで・但し、土曜・休日を除くはこの時刻に変更_,12月1・4～8・11～15・18～22・25～29日・1月4・5・9～12・15～19・22～26・29日～2月2・5～9・13～16・19～22・26～29日はこの時刻に変更__時変_12月1・4～8・11～15・18～22・25～29日・1月4・5・9～12・15～19・22～26・29日～2月2・5～9・13～16・19～22・26～29日はこの時刻に変更_,平日,平日,平日,11月30日まで・但し、土曜・休日を除くはこの時刻に変更__時変_11月30日まで・但し、土曜・休日を除くはこの時刻に変更_,12月1・4～8・11～15・18～22・25～29日・1月4・5・9～12・15～19・22～26・29日～2月2・5～9・13～16・19～22・26～29日はこの時刻に変更__時変_12月1・4～8・11～15・18～22・25～29日・1月4・5・9～12・15～19・22～26・29日～2月2・5～9・13～16・19～22・26～29日はこの時刻に変更_,平日,平日,平日,平日,平日,平日,平日,平日,平日,平日,平日,平日,平日,平日,平日,平日,平日,平日,平日,平日,平日,平日,平日,平日,平日,平日,平日,平日,平日,平日,平日,平日,平日,平日,平日,平日,平日,平日,平日,平日,平日,平日,平日,平日,平日,平日,平日,平日,平日,平日
前の区間,,,,,,,,,,,,,,,↑,,,,,↑,,↑,,,,,↑,,,,↑,,↑,,,↑,,,,,,↑,,,↑,↑,,,↑,,,↑,,↑,,,,↑,↑,,,,↑,↑,,↑,,↑,,,↑,,,,↑,↑,↑,↑,↑,↑,↑,↑,↑,,↑,,,,↑,↑,,,,↑,↑,,↑,,↑,,,↑,,,,↑,↑,↑,,,↑,,,↑,,,,↑,,,↑,,↑,,↑,,,↑,,,↑,,,↑,↑,,,↑,↑,↑,,,,,↑,↑,↑,,↑,↑,↑,,,,↑,↑,↑,↑,↑,↑,,,,,,↑,↑,↑,↑,,↑,,↑,,,↑,,↑,↑,,↑,,↑,,,↑,,,↑,↑,,,↑,,,↑,↑,,↑,,,,,,,↑,,↑,,↑,,↑,,,,,,↑
始発,,___,___,___,___,___,___,___,___,___,___,___,___,___,武蔵小金井_0559_武蔵小金井_0559,___,___,___,___,武蔵小金井_0612_武蔵小金井_0612,___,武蔵小金井_0622_武蔵小金井_0622,___,___,___,___,武蔵小金井_0641_武蔵小金井_0641,___,___,___,武蔵小金井_0658_武蔵小金井_0658,___,東京_0637_東京_0637,___,___,東京_0652_東京_0652,___,___,___,___,___,東京_0729_東京_0729,___,___,東京_0743_東京_0743,東京_0756_東京_0756,___,___,東京_0803_東京_0803,___,___,東京_0826_東京_0826,___,東京_0840_東京_0840,___,___,___,東京_0910_東京_0910,東京_0919_東京_0919,___,___,___,東京_0940_東京_0940,東京_0953_東京_0953,___,東京_1020_東京_1020,___,東京_1015_東京_1015,___,___,東京_1038_東京_1038,___,___,___,東京_1110_東京_1110,東京_1110_東京_1110,東京_1110_東京_1110,東京_1134_東京_1134,東京_1134_東京_1134,東京_1134_東京_1134,東京_1129_東京_1129,東京_1129_東京_1129,東京_1129_東京_1129,___,東京_1143_東京_1143,___,___,___,東京_1205_東京_1205,東京_1234_東京_1234,___,___,___,東京_1243_東京_1243,東京_1255_東京_1255,___,東京_1310_東京_1310,___,東京_1334_東京_1334,___,___,東京_1339_東京_1339,___,___,___,東京_1359_東京_1359,東京_1432_東京_1432,東京_1428_東京_1428,___,___,東京_1442_東京_1442,___,___,東京_1505_東京_1505,___,___,___,東京_1529_東京_1529,___,___,東京_1545_東京_1545,___,東京_1604_東京_1604,___,東京_1617_東京_1617,___,___,東京_1636_東京_1636,___,___,東京_1650_東京_1650,___,___,東京_1720_東京_1720,東京_1717_東京_1717,___,___,東京_1734_東京_1734,東京_1734_東京_1734,東京_1734_東京_1734,___,___,___,___,東京_1746_東京_1746,東京_1746_東京_1746,東京_1746_東京_1746,___,東京_1757_東京_1757,東京_1757_東京_1757,東京_1757_東京_1757,___,___,___,東京_1814_東京_1814,東京_1814_東京_1814,東京_1814_東京_1814,東京_1831_東京_1831,東京_1831_東京_1831,東京_1831_東京_1831,___,___,___,___,___,東京_1828_東京_1828,東京_1828_東京_1828,東京_1828_東京_1828,東京_1841_東京_1841,___,東京_1848_東京_1848,___,東京_1857_東京_1857,___,___,東京_1908_東京_1908,___,東京_1922_東京_1922,東京_1919_東京_1919,___,東京_1935_東京_1935,___,東京_1944_東京_1944,___,___,東京_2003_東京_2003,___,___,東京_2024_東京_2024,東京_2017_東京_2017,___,___,東京_2048_東京_2048,___,___,東京_2044_東京_2044,東京_2101_東京_2101,___,東京_2123_東京_2123,___,___,___,___,___,___,東京_2215_東京_2215,___,東京_2208_東京_2208,___,東京_2213_東京_2213,___,東京_2225_東京_2225,___,___,___,___,___,東京_2327_東京_2327
立川_立川,発,0447,,0505,0514,,0528,,0535,,0546,0552,0556,0603,0611,0607,0614,0621,,0624,0630,0633,0640,0644,0654,,0702,0658,0711,0716,0718,0727,0730,,0738,0744,0750,0757,0805,,0810,0821,0826,0830,0838,0847,0852,,0855,0906,0912,0920,0931,0939,,0947,0957,1006,1013,,,1033,1039,1048,,1103,,1116,1128,,1138,1151,,,1202,11月30日まで・但し、土曜・休日を除くはこの時刻に変更__1207_11月30日まで・但し、土曜・休日を除くはこの時刻に変更_,12月1・4～8・11～15・18～22・25～29日・1月4・5・9～12・15～19・22～26・29日～2月2・5～9・13～16・19～22・26～29日はこの時刻に変更__1207_12月1・4～8・11～15・18～22・25～29日・1月4・5・9～12・15～19・22～26・29日～2月2・5～9・13～16・19～22・26～29日はこの時刻に変更_,1216,11月30日まで・但し、土曜・休日を除くはこの時刻に変更__1216_11月30日まで・但し、土曜・休日を除くはこの時刻に変更_,12月1・4～8・11～15・18～22・25～29日・1月4・5・9～12・15～19・22～26・29日～2月2・5～9・13～16・19～22・26～29日はこの時刻に変更__1216_12月1・4～8・11～15・18～22・25～29日・1月4・5・9～12・15～19・22～26・29日～2月2・5～9・13～16・19～22・26～29日はこの時刻に変更_,1226,11月30日まで・但し、土曜・休日を除くはこの時刻に変更__1226_11月30日まで・但し、土曜・休日を除くはこの時刻に変更_,12月1・4～8・11～15・18～22・25～29日・1月4・5・9～12・15～19・22～26・29日～2月2・5～9・13～16・19～22・26～29日はこの時刻に変更__1226_12月1・4～8・11～15・18～22・25～29日・1月4・5・9～12・15～19・22～26・29日～2月2・5～9・13～16・19～22・26～29日はこの時刻に変更_,,1242,,1251,,1301,1315,1326,,,1342,1351,,1405,,1415,1427,,1438,1451,,,1501,1516,1527,,,1541,1551,,1605,,1616,,1635,,,1647,1655,1659,,1710,1715,1722,1731,1741,,1745,1753,1800,1806,1814,,1825,1831,11月30日まで・但し、土曜・休日を除くはこの時刻に変更__1831_11月30日まで・但し、土曜・休日を除くはこの時刻に変更_,12月1・4～8・11～15・18～22・25～29日・1月4・5・9～12・15～19・22～26・29日～2月2・5～9・13～16・19～22・26～29日はこの時刻に変更__1831_12月1・4～8・11～15・18～22・25～29日・1月4・5・9～12・15～19・22～26・29日～2月2・5～9・13～16・19～22・26～29日はこの時刻に変更_,1837,1841,11月30日まで・但し、土曜・休日を除くはこの時刻に変更__1841_11月30日まで・但し、土曜・休日を除くはこの時刻に変更_,12月1・4～8・11～15・18～22・25～29日・1月4・5・9～12・15～19・22～26・29日～2月2・5～9・13～16・19～22・26～29日はこの時刻に変更__1841_12月1・4～8・11～15・18～22・25～29日・1月4・5・9～12・15～19・22～26・29日～2月2・5～9・13～16・19～22・26～29日はこの時刻に変更_,1846,11月30日まで・但し、土曜・休日を除くはこの時刻に変更__1847_11月30日まで・但し、土曜・休日を除くはこの時刻に変更_,12月1・4～8・11～15・18～22・25～29日・1月4・5・9～12・15～19・22～26・29日～2月2・5～9・13～16・19～22・26～29日はこの時刻に変更__1847_12月1・4～8・11～15・18～22・25～29日・1月4・5・9～12・15～19・22～26・29日～2月2・5～9・13～16・19～22・26～29日はこの時刻に変更_,,1853,11月30日まで・但し、土曜・休日を除くはこの時刻に変更__1854_11月30日まで・但し、土曜・休日を除くはこの時刻に変更_,12月1・4～8・11～15・18～22・25～29日・1月4・5・9～12・15～19・22～26・29日～2月2・5～9・13～16・19～22・26～29日はこの時刻に変更__1854_12月1・4～8・11～15・18～22・25～29日・1月4・5・9～12・15～19・22～26・29日～2月2・5～9・13～16・19～22・26～29日はこの時刻に変更_,1902,11月30日まで・但し、土曜・休日を除くはこの時刻に変更__1902_11月30日まで・但し、土曜・休日を除くはこの時刻に変更_,12月1・4～8・11～15・18～22・25～29日・1月4・5・9～12・15～19・22～26・29日～2月2・5～9・13～16・19～22・26～29日はこの時刻に変更__1902_12月1・4～8・11～15・18～22・25～29日・1月4・5・9～12・15～19・22～26・29日～2月2・5～9・13～16・19～22・26～29日はこの時刻に変更_,1910,11月30日まで・但し、土曜・休日を除くはこの時刻に変更__1910_11月30日まで・但し、土曜・休日を除くはこの時刻に変更_,12月1・4～8・11～15・18～22・25～29日・1月4・5・9～12・15～19・22～26・29日～2月2・5～9・13～16・19～22・26～29日はこの時刻に変更__1910_12月1・4～8・11～15・18～22・25～29日・1月4・5・9～12・15～19・22～26・29日～2月2・5～9・13～16・19～22・26～29日はこの時刻に変更_,1919,11月30日まで・但し、土曜・休日を除くはこの時刻に変更__1919_11月30日まで・但し、土曜・休日を除くはこの時刻に変更_,12月1・4～8・11～15・18～22・25～29日・1月4・5・9～12・15～19・22～26・29日～2月2・5～9・13～16・19～22・26～29日はこの時刻に変更__1919_12月1・4～8・11～15・18～22・25～29日・1月4・5・9～12・15～19・22～26・29日～2月2・5～9・13～16・19～22・26～29日はこの時刻に変更_,,,,1922,,1926,11月30日まで・但し、土曜・休日を除くはこの時刻に変更__1926_11月30日まで・但し、土曜・休日を除くはこの時刻に変更_,12月1・4～8・11～15・18～22・25～29日・1月4・5・9～12・15～19・22～26・29日～2月2・5～9・13～16・19～22・26～29日はこの時刻に変更__1926_12月1・4～8・11～15・18～22・25～29日・1月4・5・9～12・15～19・22～26・29日～2月2・5～9・13～16・19～22・26～29日はこの時刻に変更_,1936,1931,1945,,1955,2001,,2005,,2010,2019,,2031,,2043,,2053,2102,,,2109,2119,,2127,2136,,2141,2146,2158,,2208,,2215,2221,2232,,2246,2259,,2302,,2311,,2323,2337,,2355,0005,0014,0022
西立川_西立川,発,0450,,0509,0517,,0531,,0538,,0549,0556,0600,0607,0615,0610,0619,0625,,0628,0633,0638,0644,0650,0657,,0706,0701,0714,0719,0722,0730,0734,,0741,0748,0753,0800,0808,,0814,0825,0829,0834,0842,0851,0855,,0859,0910,0916,0924,0935,0943,,0950,1001,1010,1017,,,1037,1043,1052,,1107,,1119,1131,,1141,1154,,,1206,11月30日まで・但し、土曜・休日を除くはこの時刻に変更__1210_11月30日まで・但し、土曜・休日を除くはこの時刻に変更_,12月1・4～8・11～15・18～22・25～29日・1月4・5・9～12・15～19・22～26・29日～2月2・5～9・13～16・19～22・26～29日はこの時刻に変更__1210_12月1・4～8・11～15・18～22・25～29日・1月4・5・9～12・15～19・22～26・29日～2月2・5～9・13～16・19～22・26～29日はこの時刻に変更_,1219,11月30日まで・但し、土曜・休日を除くはこの時刻に変更__1219_11月30日まで・但し、土曜・休日を除くはこの時刻に変更_,1219,1230,1230,1230,,1245,,1254,,1305,1319,1329,,,1345,1354,,1409,,1419,1430,,1442,1454,,,1504,1519,1530,,,1545,1554,,1609,,1619,,1639,,,1651,1658,1704,,1714,1719,1726,1734,1744,,1749,1757,1803,1810,1818,,1828,1835,1835,1835,1840,1845,11月30日まで・但し、土曜・休日を除くはこの時刻に変更__1845_11月30日まで・但し、土曜・休日を除くはこの時刻に変更_,12月1・4～8・11～15・18～22・25～29日・1月4・5・9～12・15～19・22～26・29日～2月2・5～9・13～16・19～22・26～29日はこの時刻に変更__1845_12月1・4～8・11～15・18～22・25～29日・1月4・5・9～12・15～19・22～26・29日～2月2・5～9・13～16・19～22・26～29日はこの時刻に変更_,1850,11月30日まで・但し、土曜・休日を除くはこの時刻に変更__1851_11月30日まで・但し、土曜・休日を除くはこの時刻に変更_,12月1・4～8・11～15・18～22・25～29日・1月4・5・9～12・15～19・22～26・29日～2月2・5～9・13～16・19～22・26～29日はこの時刻に変更__1851_12月1・4～8・11～15・18～22・25～29日・1月4・5・9～12・15～19・22～26・29日～2月2・5～9・13～16・19～22・26～29日はこの時刻に変更_,,1858,11月30日まで・但し、土曜・休日を除くはこの時刻に変更__1858_11月30日まで・但し、土曜・休日を除くはこの時刻に変更_,12月1・4～8・11～15・18～22・25～29日・1月4・5・9～12・15～19・22～26・29日～2月2・5～9・13～16・19～22・26～29日はこの時刻に変更__1858_12月1・4～8・11～15・18～22・25～29日・1月4・5・9～12・15～19・22～26・29日～2月2・5～9・13～16・19～22・26～29日はこの時刻に変更_,1906,11月30日まで・但し、土曜・休日を除くはこの時刻に変更__1906_11月30日まで・但し、土曜・休日を除くはこの時刻に変更_,12月1・4～8・11～15・18～22・25～29日・1月4・5・9～12・15～19・22～26・29日～2月2・5～9・13～16・19～22・26～29日はこの時刻に変更__1906_12月1・4～8・11～15・18～22・25～29日・1月4・5・9～12・15～19・22～26・29日～2月2・5～9・13～16・19～22・26～29日はこの時刻に変更_,1914,11月30日まで・但し、土曜・休日を除くはこの時刻に変更__1914_11月30日まで・但し、土曜・休日を除くはこの時刻に変更_,12月1・4～8・11～15・18～22・25～29日・1月4・5・9～12・15～19・22～26・29日～2月2・5～9・13～16・19～22・26～29日はこの時刻に変更__1914_12月1・4～8・11～15・18～22・25～29日・1月4・5・9～12・15～19・22～26・29日～2月2・5～9・13～16・19～22・26～29日はこの時刻に変更_,レ,11月30日まで・但し、土曜・休日を除くはこの時刻に変更__レ_11月30日まで・但し、土曜・休日を除くはこの時刻に変更_,レ,,,,1925,,1930,11月30日まで・但し、土曜・休日を除くはこの時刻に変更__1930_11月30日まで・但し、土曜・休日を除くはこの時刻に変更_,1930,1940,1934,1949,,1959,2004,,2009,,2014,2023,,2035,,2047,,2057,2106,,,2113,2123,,2130,2140,,2145,2150,2202,,2212,,2219,2225,2235,,2249,レ,,2306,,2315,,2327,2340,,2358,0008,0017,0026
東中神_東中神,発,0452,,0511,0519,,0533,,0540,,0551,0557,0601,0609,0616,0612,0620,0627,,0630,0635,0640,0646,0652,0659,,0708,0703,0716,0721,0724,0732,0736,,0743,0750,0755,0802,0810,,0815,0827,0831,0835,0844,0853,0857,,0901,0912,0917,0926,0937,0945,,0952,1003,1012,1018,,,1039,1045,1054,,1109,,1121,1133,,1143,1156,,,1208,11月30日まで・但し、土曜・休日を除くはこの時刻に変更__1212_11月30日まで・但し、土曜・休日を除くはこの時刻に変更_,12月1・4～8・11～15・18～22・25～29日・1月4・5・9～12・15～19・22～26・29日～2月2・5～9・13～16・19～22・26～29日はこの時刻に変更__1212_12月1・4～8・11～15・18～22・25～29日・1月4・5・9～12・15～19・22～26・29日～2月2・5～9・13～16・19～22・26～29日はこの時刻に変更_,1221,11月30日まで・但し、土曜・休日を除くはこの時刻に変更__1221_11月30日まで・但し、土曜・休日を除くはこの時刻に変更_,1221,1232,1232,1232,,1247,,1256,,1307,1321,1331,,,1347,1356,,1411,,1421,1432,,1443,1456,,,1506,1521,1532,,,1547,1556,,1611,,1621,,1641,,,1653,1700,1706,,1715,1721,1728,1736,1746,,1751,1759,1805,1812,1820,,1831,1837,1837,1837,1843,1847,11月30日まで・但し、土曜・休日を除くはこの時刻に変更__1847_11月30日まで・但し、土曜・休日を除くはこの時刻に変更_,12月1・4～8・11～15・18～22・25～29日・1月4・5・9～12・15～19・22～26・29日～2月2・5～9・13～16・19～22・26～29日はこの時刻に変更__1847_12月1・4～8・11～15・18～22・25～29日・1月4・5・9～12・15～19・22～26・29日～2月2・5～9・13～16・19～22・26～29日はこの時刻に変更_,1853,11月30日まで・但し、土曜・休日を除くはこの時刻に変更__1853_11月30日まで・但し、土曜・休日を除くはこの時刻に変更_,12月1・4～8・11～15・18～22・25～29日・1月4・5・9～12・15～19・22～26・29日～2月2・5～9・13～16・19～22・26～29日はこの時刻に変更__1853_12月1・4～8・11～15・18～22・25～29日・1月4・5・9～12・15～19・22～26・29日～2月2・5～9・13～16・19～22・26～29日はこの時刻に変更_,,1900,11月30日まで・但し、土曜・休日を除くはこの時刻に変更__1900_11月30日まで・但し、土曜・休日を除くはこの時刻に変更_,12月1・4～8・11～15・18～22・25～29日・1月4・5・9～12・15～19・22～26・29日～2月2・5～9・13～16・19～22・26～29日はこの時刻に変更__1900_12月1・4～8・11～15・18～22・25～29日・1月4・5・9～12・15～19・22～26・29日～2月2・5～9・13～16・19～22・26～29日はこの時刻に変更_,1908,11月30日まで・但し、土曜・休日を除くはこの時刻に変更__1908_11月30日まで・但し、土曜・休日を除くはこの時刻に変更_,12月1・4～8・11～15・18～22・25～29日・1月4・5・9～12・15～19・22～26・29日～2月2・5～9・13～16・19～22・26～29日はこの時刻に変更__1908_12月1・4～8・11～15・18～22・25～29日・1月4・5・9～12・15～19・22～26・29日～2月2・5～9・13～16・19～22・26～29日はこの時刻に変更_,1916,11月30日まで・但し、土曜・休日を除くはこの時刻に変更__1917_11月30日まで・但し、土曜・休日を除くはこの時刻に変更_,12月1・4～8・11～15・18～22・25～29日・1月4・5・9～12・15～19・22～26・29日～2月2・5～9・13～16・19～22・26～29日はこの時刻に変更__1917_12月1・4～8・11～15・18～22・25～29日・1月4・5・9～12・15～19・22～26・29日～2月2・5～9・13～16・19～22・26～29日はこの時刻に変更_,レ,11月30日まで・但し、土曜・休日を除くはこの時刻に変更__レ_11月30日まで・但し、土曜・休日を除くはこの時刻に変更_,レ,,,,1928,,1932,11月30日まで・但し、土曜・休日を除くはこの時刻に変更__1932_11月30日まで・但し、土曜・休日を除くはこの時刻に変更_,1932,1943,1937,1951,,2001,2007,,2011,,2016,2026,,2037,,2049,,2059,2108,,,2115,2124,,2132,2142,,2147,2152,2204,,2214,,2220,2226,2237,,2251,レ,,2308,,2317,,2329,2342,,0000,0010,0019,0028
中神_中神,発,0454,,0512,0521,,0535,,0542,,0553,0559,0603,0611,0618,0614,0622,0628,,0632,0637,0642,0647,0654,0701,,0710,0705,0718,0723,0726,0734,0738,,0745,0751,0757,0804,0812,,0817,0829,0833,0837,0846,0855,0859,,0903,0913,0919,0928,0938,0947,,0954,1004,1013,1020,,,1040,1046,1056,,1111,,1123,1135,,1145,1158,,,1209,11月30日まで・但し、土曜・休日を除くはこの時刻に変更__1214_11月30日まで・但し、土曜・休日を除くはこの時刻に変更_,12月1・4～8・11～15・18～22・25～29日・1月4・5・9～12・15～19・22～26・29日～2月2・5～9・13～16・19～22・26～29日はこの時刻に変更__1214_12月1・4～8・11～15・18～22・25～29日・1月4・5・9～12・15～19・22～26・29日～2月2・5～9・13～16・19～22・26～29日はこの時刻に変更_,1223,11月30日まで・但し、土曜・休日を除くはこの時刻に変更__1223_11月30日まで・但し、土曜・休日を除くはこの時刻に変更_,1223,1234,1234,1234,,1249,,1258,,1309,1322,1333,,,1349,1358,,1412,,1423,1434,,1445,1458,,,1508,1523,1534,,,1548,1558,,1613,,1623,,1643,,,1654,1702,1708,,1717,1722,1729,1738,1748,,1753,1800,1807,1814,1822,,1833,1839,1839,1839,1845,1849,11月30日まで・但し、土曜・休日を除くはこの時刻に変更__1849_11月30日まで・但し、土曜・休日を除くはこの時刻に変更_,12月1・4～8・11～15・18～22・25～29日・1月4・5・9～12・15～19・22～26・29日～2月2・5～9・13～16・19～22・26～29日はこの時刻に変更__1849_12月1・4～8・11～15・18～22・25～29日・1月4・5・9～12・15～19・22～26・29日～2月2・5～9・13～16・19～22・26～29日はこの時刻に変更_,1855,11月30日まで・但し、土曜・休日を除くはこの時刻に変更__1855_11月30日まで・但し、土曜・休日を除くはこの時刻に変更_,12月1・4～8・11～15・18～22・25～29日・1月4・5・9～12・15～19・22～26・29日～2月2・5～9・13～16・19～22・26～29日はこの時刻に変更__1855_12月1・4～8・11～15・18～22・25～29日・1月4・5・9～12・15～19・22～26・29日～2月2・5～9・13～16・19～22・26～29日はこの時刻に変更_,,1902,11月30日まで・但し、土曜・休日を除くはこの時刻に変更__1902_11月30日まで・但し、土曜・休日を除くはこの時刻に変更_,12月1・4～8・11～15・18～22・25～29日・1月4・5・9～12・15～19・22～26・29日～2月2・5～9・13～16・19～22・26～29日はこの時刻に変更__1902_12月1・4～8・11～15・18～22・25～29日・1月4・5・9～12・15～19・22～26・29日～2月2・5～9・13～16・19～22・26～29日はこの時刻に変更_,1910,11月30日まで・但し、土曜・休日を除くはこの時刻に変更__1910_11月30日まで・但し、土曜・休日を除くはこの時刻に変更_,12月1・4～8・11～15・18～22・25～29日・1月4・5・9～12・15～19・22～26・29日～2月2・5～9・13～16・19～22・26～29日はこの時刻に変更__1910_12月1・4～8・11～15・18～22・25～29日・1月4・5・9～12・15～19・22～26・29日～2月2・5～9・13～16・19～22・26～29日はこの時刻に変更_,1918,11月30日まで・但し、土曜・休日を除くはこの時刻に変更__1919_11月30日まで・但し、土曜・休日を除くはこの時刻に変更_,12月1・4～8・11～15・18～22・25～29日・1月4・5・9～12・15～19・22～26・29日～2月2・5～9・13～16・19～22・26～29日はこの時刻に変更__1919_12月1・4～8・11～15・18～22・25～29日・1月4・5・9～12・15～19・22～26・29日～2月2・5～9・13～16・19～22・26～29日はこの時刻に変更_,レ,11月30日まで・但し、土曜・休日を除くはこの時刻に変更__レ_11月30日まで・但し、土曜・休日を除くはこの時刻に変更_,レ,,,,1930,,1934,11月30日まで・但し、土曜・休日を除くはこの時刻に変更__1934_11月30日まで・但し、土曜・休日を除くはこの時刻に変更_,1934,1945,1939,1953,,2003,2009,,2013,,2018,2028,,2039,,2050,,2100,2110,,,2117,2126,,2134,2144,,2148,2154,2205,,2216,,2222,2228,2239,,2253,レ,,2310,,2319,,2331,2344,,0002,0012,0021,0030
昭島_昭島,発,0456,,0514,0523,,0537,,0544,,0555,0602,0606,0613,0621,0616,0625,0631,,0634,0639,0644,0650,0656,0703,,0712,0707,0720,0725,0728,0736,0740,,0747,0754,0759,0806,0814,,0820,0831,0835,0840,0848,0857,0901,,0905,0916,0922,0930,0941,0949,,0956,1007,1015,1022,,,1042,1048,1058,,1113,,1125,1137,,1147,1200,,,1211,11月30日まで・但し、土曜・休日を除くはこの時刻に変更__1216_11月30日まで・但し、土曜・休日を除くはこの時刻に変更_,12月1・4～8・11～15・18～22・25～29日・1月4・5・9～12・15～19・22～26・29日～2月2・5～9・13～16・19～22・26～29日はこの時刻に変更__1216_12月1・4～8・11～15・18～22・25～29日・1月4・5・9～12・15～19・22～26・29日～2月2・5～9・13～16・19～22・26～29日はこの時刻に変更_,1225,11月30日まで・但し、土曜・休日を除くはこの時刻に変更__1225_11月30日まで・但し、土曜・休日を除くはこの時刻に変更_,1225,1236,1236,1236,,1251,,1300,,1311,1325,1335,,,1351,1400,,1414,,1425,1436,,1447,1500,,,1510,1525,1536,,,1551,1600,,1615,,1625,,1645,,,1657,1704,1710,,1720,1725,1732,1740,1750,,1755,1803,1810,1817,1825,,1835,1841,1841,1841,1847,1852,11月30日まで・但し、土曜・休日を除くはこの時刻に変更__1852_11月30日まで・但し、土曜・休日を除くはこの時刻に変更_,12月1・4～8・11～15・18～22・25～29日・1月4・5・9～12・15～19・22～26・29日～2月2・5～9・13～16・19～22・26～29日はこの時刻に変更__1852_12月1・4～8・11～15・18～22・25～29日・1月4・5・9～12・15～19・22～26・29日～2月2・5～9・13～16・19～22・26～29日はこの時刻に変更_,1857,11月30日まで・但し、土曜・休日を除くはこの時刻に変更__1858_11月30日まで・但し、土曜・休日を除くはこの時刻に変更_,12月1・4～8・11～15・18～22・25～29日・1月4・5・9～12・15～19・22～26・29日～2月2・5～9・13～16・19～22・26～29日はこの時刻に変更__1858_12月1・4～8・11～15・18～22・25～29日・1月4・5・9～12・15～19・22～26・29日～2月2・5～9・13～16・19～22・26～29日はこの時刻に変更_,,1905,11月30日まで・但し、土曜・休日を除くはこの時刻に変更__1905_11月30日まで・但し、土曜・休日を除くはこの時刻に変更_,12月1・4～8・11～15・18～22・25～29日・1月4・5・9～12・15～19・22～26・29日～2月2・5～9・13～16・19～22・26～29日はこの時刻に変更__1905_12月1・4～8・11～15・18～22・25～29日・1月4・5・9～12・15～19・22～26・29日～2月2・5～9・13～16・19～22・26～29日はこの時刻に変更_,1913,11月30日まで・但し、土曜・休日を除くはこの時刻に変更__1913_11月30日まで・但し、土曜・休日を除くはこの時刻に変更_,12月1・4～8・11～15・18～22・25～29日・1月4・5・9～12・15～19・22～26・29日～2月2・5～9・13～16・19～22・26～29日はこの時刻に変更__1913_12月1・4～8・11～15・18～22・25～29日・1月4・5・9～12・15～19・22～26・29日～2月2・5～9・13～16・19～22・26～29日はこの時刻に変更_,1921,11月30日まで・但し、土曜・休日を除くはこの時刻に変更__1921_11月30日まで・但し、土曜・休日を除くはこの時刻に変更_,12月1・4～8・11～15・18～22・25～29日・1月4・5・9～12・15～19・22～26・29日～2月2・5～9・13～16・19～22・26～29日はこの時刻に変更__1921_12月1・4～8・11～15・18～22・25～29日・1月4・5・9～12・15～19・22～26・29日～2月2・5～9・13～16・19～22・26～29日はこの時刻に変更_,レ,11月30日まで・但し、土曜・休日を除くはこの時刻に変更__レ_11月30日まで・但し、土曜・休日を除くはこの時刻に変更_,レ,,,,1932,,1936,11月30日まで・但し、土曜・休日を除くはこの時刻に変更__1936_11月30日まで・但し、土曜・休日を除くはこの時刻に変更_,1936,1947,1941,1956,,2005,2011,,2016,,2021,2030,,2041,,2053,,2103,2112,,,2119,2129,,2136,2146,,2151,2156,2208,,2218,,2225,2231,2241,,2255,レ,,2312,,2321,,2333,2346,,0004,0014,0023,0032
拝島_拝島,着,0459,,0518,0526,,0540,,0548,,0558,0605,0609,0616,0624,0620,0628,0634,,0637,0643,0648,0653,0659,0706,,0715,0711,0723,0728,0731,0739,0743,,0751,0757,0803,0809,0818,,0823,0835,0838,0843,0851,0901,0904,,0909,0919,0925,0933,0944,0952,,0959,1010,1018,1025,,,1045,1052,1101,,1116,,1128,1140,,1150,1203,,,1214,11月30日まで・但し、土曜・休日を除くはこの時刻に変更__1219_11月30日まで・但し、土曜・休日を除くはこの時刻に変更_,12月1・4～8・11～15・18～22・25～29日・1月4・5・9～12・15～19・22～26・29日～2月2・5～9・13～16・19～22・26～29日はこの時刻に変更__1219_12月1・4～8・11～15・18～22・25～29日・1月4・5・9～12・15～19・22～26・29日～2月2・5～9・13～16・19～22・26～29日はこの時刻に変更_,1228,11月30日まで・但し、土曜・休日を除くはこの時刻に変更__1228_11月30日まで・但し、土曜・休日を除くはこの時刻に変更_,1228,1239,1239,1239,,1254,,1303,,1314,1327,1338,,,1354,1403,,1417,,1428,1439,,1450,1503,,,1513,1528,1539,,,1553,1603,,1618,,1628,,1648,,,1700,1707,1713,,1723,1728,1735,1744,1754,,1758,1806,1813,1820,1828,,1839,1844,1844,1844,1851,1855,11月30日まで・但し、土曜・休日を除くはこの時刻に変更__1855_11月30日まで・但し、土曜・休日を除くはこの時刻に変更_,12月1・4～8・11～15・18～22・25～29日・1月4・5・9～12・15～19・22～26・29日～2月2・5～9・13～16・19～22・26～29日はこの時刻に変更__1855_12月1・4～8・11～15・18～22・25～29日・1月4・5・9～12・15～19・22～26・29日～2月2・5～9・13～16・19～22・26～29日はこの時刻に変更_,1901,11月30日まで・但し、土曜・休日を除くはこの時刻に変更__1901_11月30日まで・但し、土曜・休日を除くはこの時刻に変更_,12月1・4～8・11～15・18～22・25～29日・1月4・5・9～12・15～19・22～26・29日～2月2・5～9・13～16・19～22・26～29日はこの時刻に変更__1901_12月1・4～8・11～15・18～22・25～29日・1月4・5・9～12・15～19・22～26・29日～2月2・5～9・13～16・19～22・26～29日はこの時刻に変更_,,1908,11月30日まで・但し、土曜・休日を除くはこの時刻に変更__1908_11月30日まで・但し、土曜・休日を除くはこの時刻に変更_,12月1・4～8・11～15・18～22・25～29日・1月4・5・9～12・15～19・22～26・29日～2月2・5～9・13～16・19～22・26～29日はこの時刻に変更__1908_12月1・4～8・11～15・18～22・25～29日・1月4・5・9～12・15～19・22～26・29日～2月2・5～9・13～16・19～22・26～29日はこの時刻に変更_,1916,11月30日まで・但し、土曜・休日を除くはこの時刻に変更__1916_11月30日まで・但し、土曜・休日を除くはこの時刻に変更_,12月1・4～8・11～15・18～22・25～29日・1月4・5・9～12・15～19・22～26・29日～2月2・5～9・13～16・19～22・26～29日はこの時刻に変更__1916_12月1・4～8・11～15・18～22・25～29日・1月4・5・9～12・15～19・22～26・29日～2月2・5～9・13～16・19～22・26～29日はこの時刻に変更_,1924,11月30日まで・但し、土曜・休日を除くはこの時刻に変更__1924_11月30日まで・但し、土曜・休日を除くはこの時刻に変更_,12月1・4～8・11～15・18～22・25～29日・1月4・5・9～12・15～19・22～26・29日～2月2・5～9・13～16・19～22・26～29日はこの時刻に変更__1924_12月1・4～8・11～15・18～22・25～29日・1月4・5・9～12・15～19・22～26・29日～2月2・5～9・13～16・19～22・26～29日はこの時刻に変更_,1930,11月30日まで・但し、土曜・休日を除くはこの時刻に変更__1930_11月30日まで・但し、土曜・休日を除くはこの時刻に変更_,1930,,,,1936,,1940,11月30日まで・但し、土曜・休日を除くはこの時刻に変更__1940_11月30日まで・但し、土曜・休日を除くはこの時刻に変更_,1940,1951,1945,1959,,2008,2015,,2019,,2024,2034,,2045,,2056,,2106,2115,,,2122,2132,,2139,2149,,2154,2200,2211,,2222,,2228,2234,2245,,2258,2308,,2315,,2324,,2336,2349,,0007,0018,0026,0035
拝島_拝島,発,0459,,0520,0530,,0544,,0548,0555,0559,0606,0609,0617,0624,0627,0630,0635,,0639,0644,0650,0658,0700,0707,,0716,0717,0724,0730,0732,0739,0744,,0752,0757,,0813,0818,,0825,0835,0841,0843,0852,0901,0905,,0910,0923,0925,0935,0944,0953,,1000,1013,1019,1032,1040,,1046,1052,1104,1110,1116,,1128,1140,1142,1154,1203,1210,,1215,11月30日まで・但し、土曜・休日を除くはこの時刻に変更__1219_11月30日まで・但し、土曜・休日を除くはこの時刻に変更_,12月1・4～8・11～15・18～22・25～29日・1月4・5・9～12・15～19・22～26・29日～2月2・5～9・13～16・19～22・26～29日はこの時刻に変更__1219_12月1・4～8・11～15・18～22・25～29日・1月4・5・9～12・15～19・22～26・29日～2月2・5～9・13～16・19～22・26～29日はこの時刻に変更_,1228,11月30日まで・但し、土曜・休日を除くはこの時刻に変更__1228_11月30日まで・但し、土曜・休日を除くはこの時刻に変更_,1228,1239,1239,1239,1242,1254,,1303,1310,1315,1328,1338,,1342,1354,1403,1410,1418,,1428,1439,1442,1450,1503,,1510,1514,1528,1539,1542,,1554,1603,1606,1618,,1630,1631,1649,,1655,1702,1712,1713,,1725,1728,1735,1749,1754,,1800,1812,1814,1820,1833,,1842,1845,1845,1845,1854,1902,11月30日まで・但し、土曜・休日を除くはこの時刻に変更__1903_11月30日まで・但し、土曜・休日を除くはこの時刻に変更_,12月1・4～8・11～15・18～22・25～29日・1月4・5・9～12・15～19・22～26・29日～2月2・5～9・13～16・19～22・26～29日はこの時刻に変更__1903_12月1・4～8・11～15・18～22・25～29日・1月4・5・9～12・15～19・22～26・29日～2月2・5～9・13～16・19～22・26～29日はこの時刻に変更_,1905,11月30日まで・但し、土曜・休日を除くはこの時刻に変更__1905_11月30日まで・但し、土曜・休日を除くはこの時刻に変更_,12月1・4～8・11～15・18～22・25～29日・1月4・5・9～12・15～19・22～26・29日～2月2・5～9・13～16・19～22・26～29日はこの時刻に変更__1905_12月1・4～8・11～15・18～22・25～29日・1月4・5・9～12・15～19・22～26・29日～2月2・5～9・13～16・19～22・26～29日はこの時刻に変更_,,1912,11月30日まで・但し、土曜・休日を除くはこの時刻に変更__1912_11月30日まで・但し、土曜・休日を除くはこの時刻に変更_,12月1・4～8・11～15・18～22・25～29日・1月4・5・9～12・15～19・22～26・29日～2月2・5～9・13～16・19～22・26～29日はこの時刻に変更__1912_12月1・4～8・11～15・18～22・25～29日・1月4・5・9～12・15～19・22～26・29日～2月2・5～9・13～16・19～22・26～29日はこの時刻に変更_,1918,11月30日まで・但し、土曜・休日を除くはこの時刻に変更__1918_11月30日まで・但し、土曜・休日を除くはこの時刻に変更_,12月1・4～8・11～15・18～22・25～29日・1月4・5・9～12・15～19・22～26・29日～2月2・5～9・13～16・19～22・26～29日はこの時刻に変更__1918_12月1・4～8・11～15・18～22・25～29日・1月4・5・9～12・15～19・22～26・29日～2月2・5～9・13～16・19～22・26～29日はこの時刻に変更_,1924,11月30日まで・但し、土曜・休日を除くはこの時刻に変更__1925_11月30日まで・但し、土曜・休日を除くはこの時刻に変更_,12月1・4～8・11～15・18～22・25～29日・1月4・5・9～12・15～19・22～26・29日～2月2・5～9・13～16・19～22・26～29日はこの時刻に変更__1925_12月1・4～8・11～15・18～22・25～29日・1月4・5・9～12・15～19・22～26・29日～2月2・5～9・13～16・19～22・26～29日はこの時刻に変更_,1932,11月30日まで・但し、土曜・休日を除くはこの時刻に変更__1932_11月30日まで・但し、土曜・休日を除くはこの時刻に変更_,1932,1935,11月30日まで・但し、土曜・休日を除くはこの時刻に変更__1935_11月30日まで・但し、土曜・休日を除くはこの時刻に変更_,12月1・4～8・11～15・18～22・25～29日・1月4・5・9～12・15～19・22～26・29日～2月2・5～9・13～16・19～22・26～29日はこの時刻に変更__1935_12月1・4～8・11～15・18～22・25～29日・1月4・5・9～12・15～19・22～26・29日～2月2・5～9・13～16・19～22・26～29日はこの時刻に変更_,1936,,1941,11月30日まで・但し、土曜・休日を除くはこの時刻に変更__1941_11月30日まで・但し、土曜・休日を除くはこの時刻に変更_,1941,1951,1953,2000,2008,2009,2015,,2019,2027,2028,2034,2043,2046,,2056,2059,2106,2116,2118,,2126,2134,2135,2139,2149,,2155,2203,2212,2214,2223,,2228,2234,2245,2256,2259,2309,2314,2316,,2326,2329,2339,2349,2358,0008,0018,0027,0036
熊川_熊川,発,||,,||,||,,||,,0550,0557,||,0608,||,||,||,0629,||,||,,||,0647,||,0700,||,||,,||,0719,||,0732,||,||,||,,0754,||,,||,0820,,||,||,0843,||,||,||,0907,,||,0925,||,||,0946,||,,||,1015,||,||,1042,,||,||,||,1111,||,,||,||,1144,||,||,1211,,||,||,||,||,||,||,||,||,||,1244,||,,||,1311,||,||,||,,1344,||,||,1411,||,,||,||,1444,||,||,,1511,||,||,||,1544,,||,||,1608,||,,||,1633,||,,1657,||,1714,||,,||,1731,||,||,1756,,||,||,1816,||,||,,1844,||,||,||,||,1904,11月30日まで・但し、土曜・休日を除くはこの時刻に変更__1905_11月30日まで・但し、土曜・休日を除くはこの時刻に変更_,12月1・4～8・11～15・18～22・25～29日・1月4・5・9～12・15～19・22～26・29日～2月2・5～9・13～16・19～22・26～29日はこの時刻に変更__1905_12月1・4～8・11～15・18～22・25～29日・1月4・5・9～12・15～19・22～26・29日～2月2・5～9・13～16・19～22・26～29日はこの時刻に変更_,||,||,||,,||,||,||,1921,11月30日まで・但し、土曜・休日を除くはこの時刻に変更__1921_11月30日まで・但し、土曜・休日を除くはこの時刻に変更_,12月1・4～8・11～15・18～22・25～29日・1月4・5・9～12・15～19・22～26・29日～2月2・5～9・13～16・19～22・26～29日はこの時刻に変更__1921_12月1・4～8・11～15・18～22・25～29日・1月4・5・9～12・15～19・22～26・29日～2月2・5～9・13～16・19～22・26～29日はこの時刻に変更_,||,||,||,||,||,||,1937,11月30日まで・但し、土曜・休日を除くはこの時刻に変更__1937_11月30日まで・但し、土曜・休日を除くはこの時刻に変更_,12月1・4～8・11～15・18～22・25～29日・1月4・5・9～12・15～19・22～26・29日～2月2・5～9・13～16・19～22・26～29日はこの時刻に変更__1937_12月1・4～8・11～15・18～22・25～29日・1月4・5・9～12・15～19・22～26・29日～2月2・5～9・13～16・19～22・26～29日はこの時刻に変更_,||,,||,||,||,||,1955,||,2010,||,||,,||,2029,||,||,2045,||,,||,2101,||,||,2119,,||,||,2137,||,||,,2157,||,||,2216,||,,2231,||,||,2258,||,||,2315,||,,||,2331,||,||,0000,||,0020,||,||
東秋留_東秋留,発,||,,||,||,,||,,0553,0601,||,0611,||,||,||,0633,||,||,,||,0651,||,0703,||,||,,||,0723,||,0736,||,||,||,,0758,||,,||,0823,,||,||,0846,||,||,||,0910,,||,0928,||,||,0950,||,,||,1018,||,||,1045,,||,||,||,1114,||,,||,||,1147,||,||,1214,,||,||,||,||,||,||,||,||,||,1247,||,,||,1314,||,||,||,,1347,||,||,1414,||,,||,||,1447,||,||,,1514,||,||,||,1547,,||,||,1611,||,,||,1636,||,,1700,||,1717,||,,||,1734,||,||,1800,,||,||,1819,||,||,,1847,||,||,||,||,1907,11月30日まで・但し、土曜・休日を除くはこの時刻に変更__1908_11月30日まで・但し、土曜・休日を除くはこの時刻に変更_,12月1・4～8・11～15・18～22・25～29日・1月4・5・9～12・15～19・22～26・29日～2月2・5～9・13～16・19～22・26～29日はこの時刻に変更__1908_12月1・4～8・11～15・18～22・25～29日・1月4・5・9～12・15～19・22～26・29日～2月2・5～9・13～16・19～22・26～29日はこの時刻に変更_,||,||,||,,||,||,||,1924,11月30日まで・但し、土曜・休日を除くはこの時刻に変更__1925_11月30日まで・但し、土曜・休日を除くはこの時刻に変更_,12月1・4～8・11～15・18～22・25～29日・1月4・5・9～12・15～19・22～26・29日～2月2・5～9・13～16・19～22・26～29日はこの時刻に変更__1925_12月1・4～8・11～15・18～22・25～29日・1月4・5・9～12・15～19・22～26・29日～2月2・5～9・13～16・19～22・26～29日はこの時刻に変更_,||,||,||,||,||,||,1941,11月30日まで・但し、土曜・休日を除くはこの時刻に変更__1942_11月30日まで・但し、土曜・休日を除くはこの時刻に変更_,12月1・4～8・11～15・18～22・25～29日・1月4・5・9～12・15～19・22～26・29日～2月2・5～9・13～16・19～22・26～29日はこの時刻に変更__1942_12月1・4～8・11～15・18～22・25～29日・1月4・5・9～12・15～19・22～26・29日～2月2・5～9・13～16・19～22・26～29日はこの時刻に変更_,||,,||,||,||,||,1958,||,2015,||,||,,||,2032,||,||,2049,||,,||,2106,||,||,2123,,||,||,2141,||,||,,2201,||,||,2219,||,,2236,||,||,2302,||,||,2319,||,,||,2336,||,||,0006,||,0023,||,||
秋川_秋川,発,||,,||,||,,||,,0556,0604,||,0616,||,||,||,0636,||,||,,||,0654,||,0707,||,||,,||,0729,||,0742,||,||,||,,0801,||,,||,0829,,||,||,0852,||,||,||,0914,,||,0931,||,||,0953,||,,||,1022,||,||,1049,,||,||,||,1118,||,,||,||,1151,||,||,1218,,||,||,||,||,||,||,||,||,||,1251,||,,||,1318,||,||,||,,1351,||,||,1418,||,,||,||,1451,||,||,,1518,||,||,||,1551,,||,||,1615,||,,||,1640,||,,1703,||,1721,||,,||,1738,||,||,1804,,||,||,1822,||,||,,1851,||,||,||,||,1911,11月30日まで・但し、土曜・休日を除くはこの時刻に変更__1911_11月30日まで・但し、土曜・休日を除くはこの時刻に変更_,12月1・4～8・11～15・18～22・25～29日・1月4・5・9～12・15～19・22～26・29日～2月2・5～9・13～16・19～22・26～29日はこの時刻に変更__1911_12月1・4～8・11～15・18～22・25～29日・1月4・5・9～12・15～19・22～26・29日～2月2・5～9・13～16・19～22・26～29日はこの時刻に変更_,||,||,||,,||,||,||,1928,11月30日まで・但し、土曜・休日を除くはこの時刻に変更__1928_11月30日まで・但し、土曜・休日を除くはこの時刻に変更_,12月1・4～8・11～15・18～22・25～29日・1月4・5・9～12・15～19・22～26・29日～2月2・5～9・13～16・19～22・26～29日はこの時刻に変更__1928_12月1・4～8・11～15・18～22・25～29日・1月4・5・9～12・15～19・22～26・29日～2月2・5～9・13～16・19～22・26～29日はこの時刻に変更_,||,||,||,||,||,||,1944,11月30日まで・但し、土曜・休日を除くはこの時刻に変更__1945_11月30日まで・但し、土曜・休日を除くはこの時刻に変更_,12月1・4～8・11～15・18～22・25～29日・1月4・5・9～12・15～19・22～26・29日～2月2・5～9・13～16・19～22・26～29日はこの時刻に変更__1945_12月1・4～8・11～15・18～22・25～29日・1月4・5・9～12・15～19・22～26・29日～2月2・5～9・13～16・19～22・26～29日はこの時刻に変更_,||,,||,||,||,||,2002,||,2019,||,||,,||,2035,||,||,2052,||,,||,2109,||,||,2126,,||,||,2144,||,||,,2204,||,||,2223,||,,2239,||,||,2305,||,||,2322,||,,||,2339,||,||,0009,||,0027,||,||
武蔵引田_武蔵引田,発,||,,||,||,,||,,0559,0606,||,0618,||,||,||,0638,||,||,,||,0656,||,0709,||,||,,||,0732,||,0744,||,||,||,,0804,||,,||,0831,,||,||,0854,||,||,||,0917,,||,0934,||,||,0955,||,,||,1024,||,||,1051,,||,||,||,1120,||,,||,||,1153,||,||,1220,,||,||,||,||,||,||,||,||,||,1253,||,,||,1320,||,||,||,,1353,||,||,1420,||,,||,||,1453,||,||,,1520,||,||,||,1553,,||,||,1617,||,,||,1642,||,,1706,||,1723,||,,||,1740,||,||,1806,,||,||,1825,||,||,,1854,||,||,||,||,1913,11月30日まで・但し、土曜・休日を除くはこの時刻に変更__1914_11月30日まで・但し、土曜・休日を除くはこの時刻に変更_,12月1・4～8・11～15・18～22・25～29日・1月4・5・9～12・15～19・22～26・29日～2月2・5～9・13～16・19～22・26～29日はこの時刻に変更__1914_12月1・4～8・11～15・18～22・25～29日・1月4・5・9～12・15～19・22～26・29日～2月2・5～9・13～16・19～22・26～29日はこの時刻に変更_,||,||,||,,||,||,||,1930,11月30日まで・但し、土曜・休日を除くはこの時刻に変更__1931_11月30日まで・但し、土曜・休日を除くはこの時刻に変更_,12月1・4～8・11～15・18～22・25～29日・1月4・5・9～12・15～19・22～26・29日～2月2・5～9・13～16・19～22・26～29日はこの時刻に変更__1931_12月1・4～8・11～15・18～22・25～29日・1月4・5・9～12・15～19・22～26・29日～2月2・5～9・13～16・19～22・26～29日はこの時刻に変更_,||,||,||,||,||,||,1947,11月30日まで・但し、土曜・休日を除くはこの時刻に変更__1947_11月30日まで・但し、土曜・休日を除くはこの時刻に変更_,12月1・4～8・11～15・18～22・25～29日・1月4・5・9～12・15～19・22～26・29日～2月2・5～9・13～16・19～22・26～29日はこの時刻に変更__1947_12月1・4～8・11～15・18～22・25～29日・1月4・5・9～12・15～19・22～26・29日～2月2・5～9・13～16・19～22・26～29日はこの時刻に変更_,||,,||,||,||,||,2004,||,2021,||,||,,||,2038,||,||,2055,||,,||,2111,||,||,2129,,||,||,2146,||,||,,2206,||,||,2225,||,,2242,||,||,2307,||,||,2325,||,,||,2341,||,||,0011,||,0029,||,||
武蔵増戸_武蔵増戸,発,||,,||,||,,||,,0601,0610,||,0623,||,||,||,0641,||,||,,||,0659,||,0713,||,||,,||,0735,||,0750,||,||,||,,0808,||,,||,0834,,||,||,0856,||,||,||,0919,,||,0937,||,||,0958,||,,||,1027,||,||,1053,,||,||,||,1123,||,,||,||,1155,||,||,1223,,||,||,||,||,||,||,||,||,||,1255,||,,||,1323,||,||,||,,1355,||,||,1423,||,,||,||,1455,||,||,,1523,||,||,||,1555,,||,||,1619,||,,||,1644,||,,1709,||,1726,||,,||,1742,||,||,1809,,||,||,1828,||,||,,1856,||,||,||,||,1916,11月30日まで・但し、土曜・休日を除くはこの時刻に変更__1917_11月30日まで・但し、土曜・休日を除くはこの時刻に変更_,12月1・4～8・11～15・18～22・25～29日・1月4・5・9～12・15～19・22～26・29日～2月2・5～9・13～16・19～22・26～29日はこの時刻に変更__1917_12月1・4～8・11～15・18～22・25～29日・1月4・5・9～12・15～19・22～26・29日～2月2・5～9・13～16・19～22・26～29日はこの時刻に変更_,||,||,||,,||,||,||,1933,11月30日まで・但し、土曜・休日を除くはこの時刻に変更__1933_11月30日まで・但し、土曜・休日を除くはこの時刻に変更_,12月1・4～8・11～15・18～22・25～29日・1月4・5・9～12・15～19・22～26・29日～2月2・5～9・13～16・19～22・26～29日はこの時刻に変更__1933_12月1・4～8・11～15・18～22・25～29日・1月4・5・9～12・15～19・22～26・29日～2月2・5～9・13～16・19～22・26～29日はこの時刻に変更_,||,||,||,||,||,||,1950,11月30日まで・但し、土曜・休日を除くはこの時刻に変更__1950_11月30日まで・但し、土曜・休日を除くはこの時刻に変更_,12月1・4～8・11～15・18～22・25～29日・1月4・5・9～12・15～19・22～26・29日～2月2・5～9・13～16・19～22・26～29日はこの時刻に変更__1950_12月1・4～8・11～15・18～22・25～29日・1月4・5・9～12・15～19・22～26・29日～2月2・5～9・13～16・19～22・26～29日はこの時刻に変更_,||,,||,||,||,||,2007,||,2024,||,||,,||,2041,||,||,2058,||,,||,2114,||,||,2132,,||,||,2150,||,||,,2209,||,||,2228,||,,2244,||,||,2311,||,||,2327,||,,||,2344,||,||,0014,||,0031,||,||
武蔵五日市_武蔵五日市,着,||,,||,||,,||,,0605,0614,||,0627,||,||,||,0645,||,||,,||,0703,||,0717,||,||,,||,0739,||,0753,||,||,||,,0812,||,,||,0837,,||,||,0900,||,||,||,0923,,||,0941,||,||,1002,||,,||,1031,||,||,1057,,||,||,||,1127,||,,||,||,1159,||,||,1227,,||,||,||,||,||,||,||,||,||,1259,||,,||,1327,||,||,||,,1359,||,||,1427,||,,||,||,1459,||,||,,1527,||,||,||,1559,,||,||,1623,||,,||,1648,||,,1712,||,1730,||,,||,1746,||,||,1813,,||,||,1832,||,||,,1900,||,||,||,||,1920,11月30日まで・但し、土曜・休日を除くはこの時刻に変更__1921_11月30日まで・但し、土曜・休日を除くはこの時刻に変更_,12月1・4～8・11～15・18～22・25～29日・1月4・5・9～12・15～19・22～26・29日～2月2・5～9・13～16・19～22・26～29日はこの時刻に変更__1921_12月1・4～8・11～15・18～22・25～29日・1月4・5・9～12・15～19・22～26・29日～2月2・5～9・13～16・19～22・26～29日はこの時刻に変更_,||,||,||,,||,||,||,1937,11月30日まで・但し、土曜・休日を除くはこの時刻に変更__1937_11月30日まで・但し、土曜・休日を除くはこの時刻に変更_,12月1・4～8・11～15・18～22・25～29日・1月4・5・9～12・15～19・22～26・29日～2月2・5～9・13～16・19～22・26～29日はこの時刻に変更__1937_12月1・4～8・11～15・18～22・25～29日・1月4・5・9～12・15～19・22～26・29日～2月2・5～9・13～16・19～22・26～29日はこの時刻に変更_,||,||,||,||,||,||,1954,11月30日まで・但し、土曜・休日を除くはこの時刻に変更__1954_11月30日まで・但し、土曜・休日を除くはこの時刻に変更_,12月1・4～8・11～15・18～22・25～29日・1月4・5・9～12・15～19・22～26・29日～2月2・5～9・13～16・19～22・26～29日はこの時刻に変更__1954_12月1・4～8・11～15・18～22・25～29日・1月4・5・9～12・15～19・22～26・29日～2月2・5～9・13～16・19～22・26～29日はこの時刻に変更_,||,,||,||,||,||,2011,||,2028,||,||,,||,2045,||,||,2102,||,,||,2118,||,||,2136,,||,||,2154,||,||,,2213,||,||,2232,||,,2248,||,||,2315,||,||,2331,||,,||,2348,||,||,0017,||,0035,||,||
牛浜_牛浜,発,0502,,0523,0533,,0546,,,,0601,,0612,0619,0627,,0633,0637,,0642,,0653,,0703,0709,,0719,,0726,,0734,0742,0746,,,0800,,0815,,,0828,0838,,0846,0854,0903,,,0913,,0928,0938,,0955,,1003,,1021,1035,,,1048,1055,1107,,1118,,1131,1143,,1157,1206,,,1217,11月30日まで・但し、土曜・休日を除くはこの時刻に変更__1222_11月30日まで・但し、土曜・休日を除くはこの時刻に変更_,12月1・4～8・11～15・18～22・25～29日・1月4・5・9～12・15～19・22～26・29日～2月2・5～9・13～16・19～22・26～29日はこの時刻に変更__1222_12月1・4～8・11～15・18～22・25～29日・1月4・5・9～12・15～19・22～26・29日～2月2・5～9・13～16・19～22・26～29日はこの時刻に変更_,1231,11月30日まで・但し、土曜・休日を除くはこの時刻に変更__1231_11月30日まで・但し、土曜・休日を除くはこの時刻に変更_,1231,1241,1241,1241,,1257,,1306,,1317,1330,1341,,,1357,1406,,1420,,1430,1441,,1453,1505,,,1517,1531,1542,,,1556,1606,,1620,,1632,,1651,,,1705,,1715,,1728,,1738,1751,,,1803,1814,,1823,1836,,,1848,1848,1848,1857,,,,1908,11月30日まで・但し、土曜・休日を除くはこの時刻に変更__1908_11月30日まで・但し、土曜・休日を除くはこの時刻に変更_,12月1・4～8・11～15・18～22・25～29日・1月4・5・9～12・15～19・22～26・29日～2月2・5～9・13～16・19～22・26～29日はこの時刻に変更__1908_12月1・4～8・11～15・18～22・25～29日・1月4・5・9～12・15～19・22～26・29日～2月2・5～9・13～16・19～22・26～29日はこの時刻に変更_,,1915,11月30日まで・但し、土曜・休日を除くはこの時刻に変更__1915_11月30日まで・但し、土曜・休日を除くはこの時刻に変更_,12月1・4～8・11～15・18～22・25～29日・1月4・5・9～12・15～19・22～26・29日～2月2・5～9・13～16・19～22・26～29日はこの時刻に変更__1915_12月1・4～8・11～15・18～22・25～29日・1月4・5・9～12・15～19・22～26・29日～2月2・5～9・13～16・19～22・26～29日はこの時刻に変更_,,,,1927,11月30日まで・但し、土曜・休日を除くはこの時刻に変更__1927_11月30日まで・但し、土曜・休日を除くはこの時刻に変更_,12月1・4～8・11～15・18～22・25～29日・1月4・5・9～12・15～19・22～26・29日～2月2・5～9・13～16・19～22・26～29日はこの時刻に変更__1927_12月1・4～8・11～15・18～22・25～29日・1月4・5・9～12・15～19・22～26・29日～2月2・5～9・13～16・19～22・26～29日はこの時刻に変更_,レ,11月30日まで・但し、土曜・休日を除くはこの時刻に変更__レ_11月30日まで・但し、土曜・休日を除くはこの時刻に変更_,レ,,,,1939,,1944,11月30日まで・但し、土曜・休日を除くはこの時刻に変更__1944_11月30日まで・但し、土曜・休日を除くはこの時刻に変更_,1944,1954,,2003,,2012,2018,,2022,,2031,2037,,2048,,2059,,2109,2119,,,2128,2137,,2142,2152,,,2205,2214,,2226,,,2237,2248,,2301,レ,,2318,,2329,,2342,2352,,0010,,0029,0038
福生_福生,発,0504,,0525,0535,,0548,,,,0603,,0614,0621,0629,,0635,0639,,0644,,0655,,0705,0711,,0721,,0728,,0736,0744,0748,,,0802,,0817,,,0830,0840,,0848,0856,0905,,,0915,,0930,0940,,0957,,1005,,1023,1036,,,1050,1056,1109,,1120,,1133,1145,,1159,1208,,,1219,11月30日まで・但し、土曜・休日を除くはこの時刻に変更__1223_11月30日まで・但し、土曜・休日を除くはこの時刻に変更_,12月1・4～8・11～15・18～22・25～29日・1月4・5・9～12・15～19・22～26・29日～2月2・5～9・13～16・19～22・26～29日はこの時刻に変更__1223_12月1・4～8・11～15・18～22・25～29日・1月4・5・9～12・15～19・22～26・29日～2月2・5～9・13～16・19～22・26～29日はこの時刻に変更_,1233,11月30日まで・但し、土曜・休日を除くはこの時刻に変更__1233_11月30日まで・但し、土曜・休日を除くはこの時刻に変更_,1233,1243,1243,1243,,1259,,1308,,1319,1332,1342,,,1359,1408,,1422,,1432,1443,,1455,1507,,,1519,1532,1544,,,1558,1608,,1622,,1634,,1653,,,1707,,1717,,1730,,1740,1753,,,1805,1816,,1825,1838,,,1850,1850,1850,1859,,,,1910,11月30日まで・但し、土曜・休日を除くはこの時刻に変更__1910_11月30日まで・但し、土曜・休日を除くはこの時刻に変更_,12月1・4～8・11～15・18～22・25～29日・1月4・5・9～12・15～19・22～26・29日～2月2・5～9・13～16・19～22・26～29日はこの時刻に変更__1910_12月1・4～8・11～15・18～22・25～29日・1月4・5・9～12・15～19・22～26・29日～2月2・5～9・13～16・19～22・26～29日はこの時刻に変更_,,1917,11月30日まで・但し、土曜・休日を除くはこの時刻に変更__1917_11月30日まで・但し、土曜・休日を除くはこの時刻に変更_,12月1・4～8・11～15・18～22・25～29日・1月4・5・9～12・15～19・22～26・29日～2月2・5～9・13～16・19～22・26～29日はこの時刻に変更__1917_12月1・4～8・11～15・18～22・25～29日・1月4・5・9～12・15～19・22～26・29日～2月2・5～9・13～16・19～22・26～29日はこの時刻に変更_,,,,1929,11月30日まで・但し、土曜・休日を除くはこの時刻に変更__1930_11月30日まで・但し、土曜・休日を除くはこの時刻に変更_,12月1・4～8・11～15・18～22・25～29日・1月4・5・9～12・15～19・22～26・29日～2月2・5～9・13～16・19～22・26～29日はこの時刻に変更__1930_12月1・4～8・11～15・18～22・25～29日・1月4・5・9～12・15～19・22～26・29日～2月2・5～9・13～16・19～22・26～29日はこの時刻に変更_,レ,11月30日まで・但し、土曜・休日を除くはこの時刻に変更__レ_11月30日まで・但し、土曜・休日を除くはこの時刻に変更_,レ,,,,1941,,1946,11月30日まで・但し、土曜・休日を除くはこの時刻に変更__1946_11月30日まで・但し、土曜・休日を除くはこの時刻に変更_,1946,1956,,2005,,2014,2020,,2024,,2033,2039,,2050,,2101,,2111,2121,,,2130,2139,,2144,2154,,,2207,2216,,2228,,,2239,2250,,2303,レ,,2320,,2331,,2344,2354,,0012,,0031,0040
羽村_羽村,発,0506,,0527,0537,,0550,,,,0606,,0616,0624,0632,,0637,0642,,0646,,0657,,0707,0714,,0724,,0731,,0739,0747,0751,,,0804,,0820,,,0833,0843,,0850,0859,0908,,,0917,,0932,0943,,1000,,1008,,1025,1039,,,1052,1059,1111,,1123,,1135,1147,,1201,1210,,,1221,11月30日まで・但し、土曜・休日を除くはこの時刻に変更__1226_11月30日まで・但し、土曜・休日を除くはこの時刻に変更_,12月1・4～8・11～15・18～22・25～29日・1月4・5・9～12・15～19・22～26・29日～2月2・5～9・13～16・19～22・26～29日はこの時刻に変更__1226_12月1・4～8・11～15・18～22・25～29日・1月4・5・9～12・15～19・22～26・29日～2月2・5～9・13～16・19～22・26～29日はこの時刻に変更_,1235,11月30日まで・但し、土曜・休日を除くはこの時刻に変更__1235_11月30日まで・但し、土曜・休日を除くはこの時刻に変更_,1235,1246,1246,1246,,1301,,1310,,1322,1335,1345,,,1401,1410,,1424,,1435,1446,,1457,1510,,,1521,1535,1546,,,1601,1610,,1625,,1637,,1656,,,1709,,1720,,1732,,1742,1756,,,1808,1819,,1828,1841,,,1853,1853,1853,1902,,,,1913,11月30日まで・但し、土曜・休日を除くはこの時刻に変更__1913_11月30日まで・但し、土曜・休日を除くはこの時刻に変更_,12月1・4～8・11～15・18～22・25～29日・1月4・5・9～12・15～19・22～26・29日～2月2・5～9・13～16・19～22・26～29日はこの時刻に変更__1913_12月1・4～8・11～15・18～22・25～29日・1月4・5・9～12・15～19・22～26・29日～2月2・5～9・13～16・19～22・26～29日はこの時刻に変更_,,1920,11月30日まで・但し、土曜・休日を除くはこの時刻に変更__1920_11月30日まで・但し、土曜・休日を除くはこの時刻に変更_,12月1・4～8・11～15・18～22・25～29日・1月4・5・9～12・15～19・22～26・29日～2月2・5～9・13～16・19～22・26～29日はこの時刻に変更__1920_12月1・4～8・11～15・18～22・25～29日・1月4・5・9～12・15～19・22～26・29日～2月2・5～9・13～16・19～22・26～29日はこの時刻に変更_,,,,1932,11月30日まで・但し、土曜・休日を除くはこの時刻に変更__1933_11月30日まで・但し、土曜・休日を除くはこの時刻に変更_,12月1・4～8・11～15・18～22・25～29日・1月4・5・9～12・15～19・22～26・29日～2月2・5～9・13～16・19～22・26～29日はこの時刻に変更__1933_12月1・4～8・11～15・18～22・25～29日・1月4・5・9～12・15～19・22～26・29日～2月2・5～9・13～16・19～22・26～29日はこの時刻に変更_,レ,11月30日まで・但し、土曜・休日を除くはこの時刻に変更__レ_11月30日まで・但し、土曜・休日を除くはこの時刻に変更_,レ,,,,1944,,1949,11月30日まで・但し、土曜・休日を除くはこの時刻に変更__1949_11月30日まで・但し、土曜・休日を除くはこの時刻に変更_,1949,1959,,2008,,2017,2023,,2027,,2036,2042,,2053,,2103,,2113,2124,,,2133,2142,,2147,2157,,,2210,2219,,2230,,,2241,2253,,2306,レ,,2323,,2334,,2347,2357,,0015,,0034,0043
小作_小作,発,0509,,0530,0540,,0553,,,,0609,,0619,0627,0635,,0640,0645,,0649,,0700,,0710,0717,,0727,,0734,,0742,0750,0754,,,0807,,0823,,,0836,0846,,0853,0902,0911,,,0920,,0935,0946,,1003,,1011,,1028,1042,,,1055,1102,1114,,1126,,1138,1150,,1204,1213,,,1224,11月30日まで・但し、土曜・休日を除くはこの時刻に変更__1229_11月30日まで・但し、土曜・休日を除くはこの時刻に変更_,12月1・4～8・11～15・18～22・25～29日・1月4・5・9～12・15～19・22～26・29日～2月2・5～9・13～16・19～22・26～29日はこの時刻に変更__1229_12月1・4～8・11～15・18～22・25～29日・1月4・5・9～12・15～19・22～26・29日～2月2・5～9・13～16・19～22・26～29日はこの時刻に変更_,1238,11月30日まで・但し、土曜・休日を除くはこの時刻に変更__1238_11月30日まで・但し、土曜・休日を除くはこの時刻に変更_,1238,1249,1249,1249,,1304,,1313,,1325,1337,1348,,,1404,1413,,1427,,1438,1449,,1500,1513,,,1524,1538,1549,,,1603,1613,,1628,,1640,,1658,,,1712,,1723,,1735,,1745,1759,,,1811,1822,,1831,1844,,,1856,1856,1856,1906,,,,1916,11月30日まで・但し、土曜・休日を除くはこの時刻に変更__1916_11月30日まで・但し、土曜・休日を除くはこの時刻に変更_,12月1・4～8・11～15・18～22・25～29日・1月4・5・9～12・15～19・22～26・29日～2月2・5～9・13～16・19～22・26～29日はこの時刻に変更__1916_12月1・4～8・11～15・18～22・25～29日・1月4・5・9～12・15～19・22～26・29日～2月2・5～9・13～16・19～22・26～29日はこの時刻に変更_,,1923,11月30日まで・但し、土曜・休日を除くはこの時刻に変更__1923_11月30日まで・但し、土曜・休日を除くはこの時刻に変更_,12月1・4～8・11～15・18～22・25～29日・1月4・5・9～12・15～19・22～26・29日～2月2・5～9・13～16・19～22・26～29日はこの時刻に変更__1923_12月1・4～8・11～15・18～22・25～29日・1月4・5・9～12・15～19・22～26・29日～2月2・5～9・13～16・19～22・26～29日はこの時刻に変更_,,,,1936,11月30日まで・但し、土曜・休日を除くはこの時刻に変更__1936_11月30日まで・但し、土曜・休日を除くはこの時刻に変更_,12月1・4～8・11～15・18～22・25～29日・1月4・5・9～12・15～19・22～26・29日～2月2・5～9・13～16・19～22・26～29日はこの時刻に変更__1936_12月1・4～8・11～15・18～22・25～29日・1月4・5・9～12・15～19・22～26・29日～2月2・5～9・13～16・19～22・26～29日はこの時刻に変更_,レ,11月30日まで・但し、土曜・休日を除くはこの時刻に変更__レ_11月30日まで・但し、土曜・休日を除くはこの時刻に変更_,レ,,,,1947,,1952,11月30日まで・但し、土曜・休日を除くはこの時刻に変更__1952_11月30日まで・但し、土曜・休日を除くはこの時刻に変更_,1952,2002,,2011,,2020,2026,,2030,,2039,2045,,2056,,2106,,2116,2127,,,2136,2145,,2150,2200,,,2213,2222,,2233,,,2244,2256,,2309,レ,,2326,,2337,,2350,0000,,0018,,0037,0046
河辺_河辺,発,0512,,0534,0543,,0556,,,,0612,,0622,0630,0638,,0644,0648,,0656,,0703,,0713,0721,,0730,,0737,,0745,0753,0757,,,0811,,0826,,,0839,0849,,0856,0905,0914,,,0924,,0938,0949,,1006,,1014,,1031,1045,,,1058,1105,1117,,1129,,1141,1153,,1207,1216,,,1227,11月30日まで・但し、土曜・休日を除くはこの時刻に変更__1232_11月30日まで・但し、土曜・休日を除くはこの時刻に変更_,12月1・4～8・11～15・18～22・25～29日・1月4・5・9～12・15～19・22～26・29日～2月2・5～9・13～16・19～22・26～29日はこの時刻に変更__1232_12月1・4～8・11～15・18～22・25～29日・1月4・5・9～12・15～19・22～26・29日～2月2・5～9・13～16・19～22・26～29日はこの時刻に変更_,1241,11月30日まで・但し、土曜・休日を除くはこの時刻に変更__1241_11月30日まで・但し、土曜・休日を除くはこの時刻に変更_,1241,1252,1252,1252,,1307,,1316,,1328,1341,1351,,,1407,1416,,1430,,1441,1452,,1503,1516,,,1527,1541,1552,,,1607,1616,,1631,,1643,,1702,,,1715,,1726,,1739,,1749,1802,,,1816,1825,,1835,1848,,,1859,1859,1859,1909,,,,1920,11月30日まで・但し、土曜・休日を除くはこの時刻に変更__1920_11月30日まで・但し、土曜・休日を除くはこの時刻に変更_,12月1・4～8・11～15・18～22・25～29日・1月4・5・9～12・15～19・22～26・29日～2月2・5～9・13～16・19～22・26～29日はこの時刻に変更__1920_12月1・4～8・11～15・18～22・25～29日・1月4・5・9～12・15～19・22～26・29日～2月2・5～9・13～16・19～22・26～29日はこの時刻に変更_,,1928,11月30日まで・但し、土曜・休日を除くはこの時刻に変更__1928_11月30日まで・但し、土曜・休日を除くはこの時刻に変更_,12月1・4～8・11～15・18～22・25～29日・1月4・5・9～12・15～19・22～26・29日～2月2・5～9・13～16・19～22・26～29日はこの時刻に変更__1928_12月1・4～8・11～15・18～22・25～29日・1月4・5・9～12・15～19・22～26・29日～2月2・5～9・13～16・19～22・26～29日はこの時刻に変更_,,,,1939,11月30日まで・但し、土曜・休日を除くはこの時刻に変更__1939_11月30日まで・但し、土曜・休日を除くはこの時刻に変更_,12月1・4～8・11～15・18～22・25～29日・1月4・5・9～12・15～19・22～26・29日～2月2・5～9・13～16・19～22・26～29日はこの時刻に変更__1939_12月1・4～8・11～15・18～22・25～29日・1月4・5・9～12・15～19・22～26・29日～2月2・5～9・13～16・19～22・26～29日はこの時刻に変更_,1948,11月30日まで・但し、土曜・休日を除くはこの時刻に変更__1948_11月30日まで・但し、土曜・休日を除くはこの時刻に変更_,1948,,,,1951,,1955,11月30日まで・但し、土曜・休日を除くはこの時刻に変更__1955_11月30日まで・但し、土曜・休日を除くはこの時刻に変更_,1955,2009,,2014,,2025,2030,,2034,,2042,2050,,2059,,2110,,2120,2130,,,2139,2148,,2153,2203,,,2218,2225,,2236,,,2247,2259,,2312,2321,,2329,,2340,,2353,0003,,0021,,0040,0049
東青梅_東青梅,発,0514,,0536,0545,,0559,,,,0614,,0625,0632,0640,,＝,0650,,0658,,0706,,＝,0723,,0732,,0740,,0747,＝,0759,,,0813,,0828,,,0842,0851,,0859,0907,0916,,,0926,,0941,0951,,1008,,1016,,1034,1047,,,1101,1107,1119,,1131,,1143,1155,,1209,1218,,,1230,11月30日まで・但し、土曜・休日を除くはこの時刻に変更__1234_11月30日まで・但し、土曜・休日を除くはこの時刻に変更_,12月1・4～8・11～15・18～22・25～29日・1月4・5・9～12・15～19・22～26・29日～2月2・5～9・13～16・19～22・26～29日はこの時刻に変更__1234_12月1・4～8・11～15・18～22・25～29日・1月4・5・9～12・15～19・22～26・29日～2月2・5～9・13～16・19～22・26～29日はこの時刻に変更_,1243,11月30日まで・但し、土曜・休日を除くはこの時刻に変更__1243_11月30日まで・但し、土曜・休日を除くはこの時刻に変更_,1243,1254,1254,1254,,1309,,1318,,1330,1343,1353,,,1409,1418,,1433,,1443,1454,,1505,1518,,,1529,1543,1554,,,1609,1618,,1633,,1645,,1704,,,1717,,1728,,1741,,1751,1804,,,1818,1827,,1837,1850,,,1902,1902,1902,1911,,,,1922,11月30日まで・但し、土曜・休日を除くはこの時刻に変更__1922_11月30日まで・但し、土曜・休日を除くはこの時刻に変更_,12月1・4～8・11～15・18～22・25～29日・1月4・5・9～12・15～19・22～26・29日～2月2・5～9・13～16・19～22・26～29日はこの時刻に変更__1922_12月1・4～8・11～15・18～22・25～29日・1月4・5・9～12・15～19・22～26・29日～2月2・5～9・13～16・19～22・26～29日はこの時刻に変更_,,1930,11月30日まで・但し、土曜・休日を除くはこの時刻に変更__1930_11月30日まで・但し、土曜・休日を除くはこの時刻に変更_,12月1・4～8・11～15・18～22・25～29日・1月4・5・9～12・15～19・22～26・29日～2月2・5～9・13～16・19～22・26～29日はこの時刻に変更__1930_12月1・4～8・11～15・18～22・25～29日・1月4・5・9～12・15～19・22～26・29日～2月2・5～9・13～16・19～22・26～29日はこの時刻に変更_,,,,1941,11月30日まで・但し、土曜・休日を除くはこの時刻に変更__1941_11月30日まで・但し、土曜・休日を除くはこの時刻に変更_,12月1・4～8・11～15・18～22・25～29日・1月4・5・9～12・15～19・22～26・29日～2月2・5～9・13～16・19～22・26～29日はこの時刻に変更__1941_12月1・4～8・11～15・18～22・25～29日・1月4・5・9～12・15～19・22～26・29日～2月2・5～9・13～16・19～22・26～29日はこの時刻に変更_,レ,11月30日まで・但し、土曜・休日を除くはこの時刻に変更__レ_11月30日まで・但し、土曜・休日を除くはこの時刻に変更_,レ,,,,＝,,1958,11月30日まで・但し、土曜・休日を除くはこの時刻に変更__1958_11月30日まで・但し、土曜・休日を除くはこの時刻に変更_,1958,2011,,2017,,2028,＝,,2036,,2045,2052,,2101,,2112,,2122,2132,,,2141,2150,,＝,2205,,,2220,2227,,2239,,,2250,2301,,2314,レ,,2331,,2342,,2355,0005,,0023,,0042,0051
青梅_青梅,着,0517,,0539,0548,,0601,,,,0617,,0627,0635,0642,,,0653,,0700,,0708,,,0725,,0734,,0742,,0750,,0802,,,0815,,0831,,,0844,0853,,0901,0910,0919,,,0928,,0943,0953,,1011,,1018,,1036,1049,,,1103,1109,1122,,1133,,1146,1158,,1212,1221,,,1232,11月30日まで・但し、土曜・休日を除くはこの時刻に変更__1236_11月30日まで・但し、土曜・休日を除くはこの時刻に変更_,12月1・4～8・11～15・18～22・25～29日・1月4・5・9～12・15～19・22～26・29日～2月2・5～9・13～16・19～22・26～29日はこの時刻に変更__1236_12月1・4～8・11～15・18～22・25～29日・1月4・5・9～12・15～19・22～26・29日～2月2・5～9・13～16・19～22・26～29日はこの時刻に変更_,1246,11月30日まで・但し、土曜・休日を除くはこの時刻に変更__1246_11月30日まで・但し、土曜・休日を除くはこの時刻に変更_,1246,1256,1256,1256,,1312,,1321,,1332,1345,1355,,,1412,1421,,1435,,1445,1456,,1508,1520,,,1532,1545,1557,,,1611,1621,,1635,,1647,,1706,,,1720,,1730,,1743,,1753,1807,,,1820,1830,,1839,1852,,,1904,1904,1904,1914,,,,1924,11月30日まで・但し、土曜・休日を除くはこの時刻に変更__1924_11月30日まで・但し、土曜・休日を除くはこの時刻に変更_,12月1・4～8・11～15・18～22・25～29日・1月4・5・9～12・15～19・22～26・29日～2月2・5～9・13～16・19～22・26～29日はこの時刻に変更__1924_12月1・4～8・11～15・18～22・25～29日・1月4・5・9～12・15～19・22～26・29日～2月2・5～9・13～16・19～22・26～29日はこの時刻に変更_,,1933,11月30日まで・但し、土曜・休日を除くはこの時刻に変更__1933_11月30日まで・但し、土曜・休日を除くはこの時刻に変更_,12月1・4～8・11～15・18～22・25～29日・1月4・5・9～12・15～19・22～26・29日～2月2・5～9・13～16・19～22・26～29日はこの時刻に変更__1933_12月1・4～8・11～15・18～22・25～29日・1月4・5・9～12・15～19・22～26・29日～2月2・5～9・13～16・19～22・26～29日はこの時刻に変更_,,,,1944,11月30日まで・但し、土曜・休日を除くはこの時刻に変更__1944_11月30日まで・但し、土曜・休日を除くはこの時刻に変更_,12月1・4～8・11～15・18～22・25～29日・1月4・5・9～12・15～19・22～26・29日～2月2・5～9・13～16・19～22・26～29日はこの時刻に変更__1944_12月1・4～8・11～15・18～22・25～29日・1月4・5・9～12・15～19・22～26・29日～2月2・5～9・13～16・19～22・26～29日はこの時刻に変更_,1952,11月30日まで・但し、土曜・休日を除くはこの時刻に変更__1952_11月30日まで・但し、土曜・休日を除くはこの時刻に変更_,1952,,,,,,2000,11月30日まで・但し、土曜・休日を除くはこの時刻に変更__2000_11月30日まで・但し、土曜・休日を除くはこの時刻に変更_,2000,2014,,2019,,2030,,,2038,,2047,2055,,2104,,2114,,2124,2134,,,2144,2152,,,2207,,,2223,2230,,2241,,,2252,2303,,2317,2325,,2334,,2344,,2357,0007,,0026,,0045,0054
青梅_青梅,発,,0518,,,0549,,0604,,,,,,,,,,,0654,,,,,,,0727,,,,,,,,0803,,,,,,0837,,,,,,,,0923,,,,,,,1014,,,,,,1057,,,,,,1142,,,,,,,1227,,,,,,,,,,,,1314,,,,,,1357,,,,,,1440,,,,,,1522,,,,,,1608,,,,,1639,,,,1709,,,,,1740,,,,,,1814,,,,,,1854,,,,,,,,,,,,1926,,,,,,,,,,,,,,,,,1956,,,,,,,,,,2032,,,,,,,2105,,,,,,2138,,,,,,2210,,,,,,2243,,,,,,,,,2338,,,,,,,,,
宮ノ平_宮ノ平,発,,0521,,,0552,,0607,,,,,,,,,,,0657,,,,,,,0732,,,,,,,,0806,,,,,,0843,,,,,,,,0929,,,,,,,1017,,,,,,1100,,,,,,1145,,,,,,,1230,,,,,,,,,,,,1316,,,,,,1400,,,,,,1443,,,,,,1525,,,,,,1610,,,,,1642,,,,1712,,,,,1743,,,,,,1816,,,,,,1857,,,,,,,,,,,,1929,,,,,,,,,,,,,,,,,1959,,,,,,,,,,2035,,,,,,,2108,,,,,,2141,,,,,,2213,,,,,,2246,,,,,,,,,2341,,,,,,,,,
日向和田_日向和田,発,,0523,,,0554,,0609,,,,,,,,,,,0659,,,,,,,0734,,,,,,,,0808,,,,,,0845,,,,,,,,0931,,,,,,,1019,,,,,,1102,,,,,,1147,,,,,,,1232,,,,,,,,,,,,1319,,,,,,1402,,,,,,1445,,,,,,1527,,,,,,1613,,,,,1644,,,,1714,,,,,1745,,,,,,1819,,,,,,1859,,,,,,,,,,,,1931,,,,,,,,,,,,,,,,,2001,,,,,,,,,,2037,,,,,,,2110,,,,,,2143,,,,,,2215,,,,,,2248,,,,,,,,,2343,,,,,,,,,
石神前_石神前,発,,0525,,,0556,,0611,,,,,,,,,,,0702,,,,,,,0736,,,,,,,,0810,,,,,,0848,,,,,,,,0934,,,,,,,1021,,,,,,1104,,,,,,1149,,,,,,,1234,,,,,,,,,,,,1321,,,,,,1404,,,,,,1447,,,,,,1529,,,,,,1615,,,,,1646,,,,1716,,,,,1747,,,,,,1821,,,,,,1901,,,,,,,,,,,,1934,,,,,,,,,,,,,,,,,2004,,,,,,,,,,2039,,,,,,,2112,,,,,,2145,,,,,,2217,,,,,,2250,,,,,,,,,2345,,,,,,,,,
二俣尾_二俣尾,発,,0530,,,0558,,0616,,,,,,,,,,,0704,,,,,,,0738,,,,,,,,0812,,,,,,0850,,,,,,,,0936,,,,,,,1024,,,,,,1107,,,,,,1152,,,,,,,1237,,,,,,,,,,,,1323,,,,,,1406,,,,,,1449,,,,,,1532,,,,,,1617,,,,,1649,,,,1721,,,,,1754,,,,,,1826,,,,,,1903,,,,,,,,,,,,1938,,,,,,,,,,,,,,,,,2011,,,,,,,,,,2044,,,,,,,2117,,,,,,2150,,,,,,2222,,,,,,2255,,,,,,,,,2347,,,,,,,,,
軍畑_軍畑,発,,0533,,,0601,,0619,,,,,,,,,,,0707,,,,,,,0741,,,,,,,,0815,,,,,,0852,,,,,,,,0938,,,,,,,1026,,,,,,1109,,,,,,1154,,,,,,,1239,,,,,,,,,,,,1325,,,,,,1409,,,,,,1452,,,,,,1534,,,,,,1619,,,,,1651,,,,1723,,,,,1756,,,,,,1828,,,,,,1906,,,,,,,,,,,,1941,,,,,,,,,,,,,,,,,2013,,,,,,,,,,2046,,,,,,,2120,,,,,,2152,,,,,,2225,,,,,,2257,,,,,,,,,2350,,,,,,,,,
沢井_沢井,発,,0535,,,0603,,0621,,,,,,,,,,,0709,,,,,,,0743,,,,,,,,0817,,,,,,0855,,,,,,,,0941,,,,,,,1028,,,,,,1111,,,,,,1156,,,,,,,1241,,,,,,,,,,,,1328,,,,,,1411,,,,,,1454,,,,,,1537,,,,,,1622,,,,,1653,,,,1726,,,,,1758,,,,,,1831,,,,,,1908,,,,,,,,,,,,1943,,,,,,,,,,,,,,,,,2016,,,,,,,,,,2049,,,,,,,2122,,,,,,2155,,,,,,2227,,,,,,2300,,,,,,,,,2352,,,,,,,,,
御嶽_御嶽,発,,0538,,,0606,,0624,,,,,,,,,,,0712,,,,,,,0746,,,,,,,,0829,,,,,,0858,,,,,,,,0950,,,,,,,1034,,,,,,1117,,,,,,1202,,,,,,,1248,,,,,,,,,,,,1331,,,,,,1414,,,,,,1457,,,,,,1540,,,,,,1625,,,,,1657,,,,1729,,,,,1802,,,,,,1834,,,,,,1911,,,,,,,,,,,,1946,,,,,,,,,,,,,,,,,2019,,,,,,,,,,2052,,,,,,,2125,,,,,,2158,,,,,,2230,,,,,,2303,,,,,,,,,2355,,,,,,,,,
川井_川井,発,,0543,,,0611,,0629,,,,,,,,,,,0717,,,,,,,0751,,,,,,,,0833,,,,,,0902,,,,,,,,0954,,,,,,,1039,,,,,,1122,,,,,,1207,,,,,,,1253,,,,,,,,,,,,1336,,,,,,1419,,,,,,1502,,,,,,1544,,,,,,1630,,,,,1701,,,,1734,,,,,1806,,,,,,1839,,,,,,1916,,,,,,,,,,,,1951,,,,,,,,,,,,,,,,,2024,,,,,,,,,,2057,,,,,,,2130,,,,,,2202,,,,,,2235,,,,,,2307,,,,,,,,,0000,,,,,,,,,
古里_古里,発,,0546,,,0615,,0641,,,,,,,,,,,0721,,,,,,,0755,,,,,,,,0837,,,,,,0907,,,,,,,,0958,,,,,,,1042,,,,,,1125,,,,,,1210,,,,,,,1256,,,,,,,,,,,,1339,,,,,,1422,,,,,,1505,,,,,,1548,,,,,,1633,,,,,1706,,,,1738,,,,,1811,,,,,,1843,,,,,,1921,,,,,,,,,,,,1955,,,,,,,,,,,,,,,,,2028,,,,,,,,,,2101,,,,,,,2134,,,,,,2207,,,,,,2239,,,,,,2312,,,,,,,,,0003,,,,,,,,,
鳩ノ巣_鳩ノ巣,発,,0550,,,0619,,0645,,,,,,,,,,,0725,,,,,,,0759,,,,,,,,0841,,,,,,0911,,,,,,,,1001,,,,,,,1046,,,,,,1129,,,,,,1214,,,,,,,1300,,,,,,,,,,,,1343,,,,,,1426,,,,,,1509,,,,,,1552,,,,,,1637,,,,,1709,,,,1742,,,,,1814,,,,,,1847,,,,,,1925,,,,,,,,,,,,1959,,,,,,,,,,,,,,,,,2032,,,,,,,,,,2105,,,,,,,2138,,,,,,2211,,,,,,2243,,,,,,2316,,,,,,,,,0007,,,,,,,,,
白丸_白丸,発,,0553,,,0622,,0648,,,,,,,,,,,0728,,,,,,,0802,,,,,,,,0843,,,,,,0913,,,,,,,,1004,,,,,,,1049,,,,,,1132,,,,,,1217,,,,,,,1303,,,,,,,,,,,,1346,,,,,,1429,,,,,,1512,,,,,,1554,,,,,,1640,,,,,1712,,,,1745,,,,,1817,,,,,,1850,,,,,,1928,,,,,,,,,,,,2002,,,,,,,,,,,,,,,,,2035,,,,,,,,,,2108,,,,,,,2141,,,,,,2213,,,,,,2246,,,,,,2318,,,,,,,,,0010,,,,,,,,,
奥多摩_奥多摩,着,,0556,,,0625,,0651,,,,,,,,,,,0731,,,,,,,0805,,,,,,,,0846,,,,,,0916,,,,,,,,1007,,,,,,,1052,,,,,,1135,,,,,,1220,,,,,,,1306,,,,,,,,,,,,1349,,,,,,1432,,,,,,1515,,,,,,1557,,,,,,1643,,,,,1715,,,,1748,,,,,1820,,,,,,1853,,,,,,1931,,,,,,,,,,,,2005,,,,,,,,,,,,,,,,,2038,,,,,,,,,,2111,,,,,,,2144,,,,,,2216,,,,,,2249,,,,,,2321,,,,,,,,,0013,,,,,,,,,
