列車番号,,420T,580T,548,546,554T,514,506,508H,550,538T,612,642,680T,5302M,648,504,692T,668T,602H,640,608,660T,614,664T,644,762T,710H,746,744T,606,710,706H,750,736T,742,704,712,748T,748,782T,702,814,888T,840,850T,844,708,894T,810,850,806,842,952T,948,912,986T,916T,916T,940,802,968T,968T,968T,944,910,910,1064T,908,1042,1034T,1012,1048,1058T,1006,1078T,1142,1110,1122T,1002,1150T,1148,1116H,1180T,1242,1212,1106,1232T,1210,1210,1210,1248,1244T,1240T,1202,1342,1314H,1382T,1312,1348,1330T,1306,1360T,1442,1410,1420H,1302,1422T,1448,1480T,1486T,1542,1512,1406,1522H,1510,1548,1574T,1502,1558T,1642,1644,1692T,1638T,1638T,1638T,1648,1646,1612,1606,1646T,1646T,1646T,1610,1742,1702H,1702H,1702H,1748,1602,1716H,1722T,1744,1780T,1812,1704,1846,1868T,1842,1864T,1706,1810,1848,1824T,1972T,1944,1944,1944,1802,1978T,1912,1946,1946,1946,1928T,1928T,1928T,1916T,1942,1942,1942,1904,1908H,2044,2054T,2010,2048,1906,2066T,2018H,2042,2012,2036T,6044,2002,2080T,2148,2194T,2004,2130T,2142,2110,2182T,2146,2112,2106,2224T,2278T,2244,2102,2246T,2228T,2246,2208H,2204,2310,2342,2312,2344,2348,2306,2346,6342,2336T
列車名_列車名,,快速_快速,普通_普通,普通_普通,普通_普通,快速_快速,普通_普通,普通_普通,青梅特快_青梅特快,普通_普通,快速_快速,普通_普通,普通_普通,快速_快速,特急 おうめ2号_特急 おうめ2号,普通_普通,普通_普通,快速_快速,快速_快速,通勤特別快速_通勤特別快速,普通_普通,普通_普通,快速_快速,普通_普通,快速_快速,普通_普通,快速_快速,快速_快速,普通_普通,快速_快速,普通_普通,普通_普通,快速_快速,普通_普通,快速_快速,普通_普通,普通_普通,普通_普通,快速_快速,普通_普通,通勤特別快速_通勤特別快速,普通_普通,普通_普通,快速_快速,普通_普通,快速_快速,普通_普通,普通_普通,快速_快速,普通_普通,普通_普通,普通_普通,普通_普通,快速_快速,普通_普通,普通_普通,快速_快速,青梅特快_青梅特快,青梅特快_青梅特快,普通_普通,普通_普通,快速_快速,快速_快速,快速_快速,普通_普通,普通_普通,普通_普通,快速_快速,普通_普通,普通_普通,快速_快速,普通_普通,普通_普通,青梅特快_青梅特快,普通_普通,快速_快速,普通_普通,普通_普通,快速_快速,普通_普通,快速_快速,普通_普通,快速_快速,青梅特快_青梅特快,普通_普通,普通_普通,普通_普通,快速_快速,普通_普通,普通_普通,普通_普通,普通_普通,快速_快速,青梅特快_青梅特快,普通_普通,普通_普通,快速_快速,快速_快速,普通_普通,普通_普通,快速_快速,普通_普通,青梅特快_青梅特快,普通_普通,普通_普通,快速_快速,普通_普通,快速_快速,普通_普通,快速_快速,青梅特快_青梅特快,普通_普通,普通_普通,普通_普通,快速_快速,普通_普通,普通_普通,快速_快速,普通_普通,快速_快速,普通_普通,普通_普通,快速_快速,快速_快速,快速_快速,快速_快速,普通_普通,普通_普通,普通_普通,普通_普通,快速_快速,快速_快速,快速_快速,普通_普通,普通_普通,快速_快速,快速_快速,快速_快速,普通_普通,普通_普通,快速_快速,快速_快速,普通_普通,快速_快速,普通_普通,普通_普通,普通_普通,青梅特快_青梅特快,普通_普通,快速_快速,普通_普通,普通_普通,普通_普通,快速_快速,快速_快速,普通_普通,普通_普通,普通_普通,普通_普通,快速_快速,普通_普通,普通_普通,普通_普通,普通_普通,快速_快速,快速_快速,快速_快速,快速_快速,普通_普通,普通_普通,普通_普通,普通_普通,快速_快速,普通_普通,快速_快速,普通_普通,普通_普通,普通_普通,普通_普通,快速_快速,普通_普通,普通_普通,快速_快速,普通_普通,普通_普通,快速_快速,普通_普通,快速_快速,普通_普通,快速_快速,普通_普通,普通_普通,快速_快速,普通_普通,普通_普通,普通_普通,快速_快速,普通_普通,普通_普通,普通_普通,快速_快速,快速_快速,普通_普通,普通_普通,普通_普通,普通_普通,普通_普通,普通_普通,普通_普通,普通_普通,普通_普通,普通_普通,普通_普通,普通_普通
設備,,_,_,_,_,_,_,_,_,_,_,_,_,_,グリーン車指定席_普通車全車指定席____,_,_,_,_,_,_,_,_,_,_,_,_,_,_,_,_,_,_,_,_,_,_,_,_,_,_,_,_,_,_,_,_,_,_,_,_,_,_,_,_,_,_,_,_,_,_,_,_,_,_,_,_,_,_,_,_,_,_,_,_,_,_,_,_,_,_,_,_,_,_,_,_,_,_,_,_,_,_,_,_,_,_,_,_,_,_,_,_,_,_,_,_,_,_,_,_,_,_,_,_,_,_,_,_,_,_,_,_,_,_,_,_,_,_,_,_,_,_,_,_,_,_,_,_,_,_,_,_,_,_,_,_,_,_,_,_,_,_,_,_,_,_,_,_,_,_,_,_,_,_,_,_,_,_,_,_,_,_,_,_,_,_,_,_,_,_,_,_,_,_,_,_,_,_,_,_,_,_,_,_,_,_,_,_,_,_,_,_,_,_,_,_,_,_,_,_,_,_,_
運転日,,平日,平日,平日,平日,平日,平日,平日,平日,平日,平日,平日,平日,平日,平日,平日,平日,平日,平日,平日,平日,平日,平日,平日,平日,平日,平日,平日,平日,平日,平日,平日,平日,平日,平日,平日,平日,平日,平日,平日,平日,平日,平日,平日,平日,平日,平日,平日,平日,平日,平日,平日,平日,平日,平日,平日,平日,平日,2月16日はこの時刻に変更__時変_2月16日はこの時刻に変更_,平日,平日,平日,12月1・4～8・11～15・18～22・25～29日・1月4・5・9～12・15～19・22～26・29日～2月2・5～9・13～16・19～22・26～29日はこの時刻に変更__時変_12月1・4～8・11～15・18～22・25～29日・1月4・5・9～12・15～19・22～26・29日～2月2・5～9・13～16・19～22・26～29日はこの時刻に変更_,11月30日まで・但し、土曜・休日を除くはこの時刻に変更__時変_11月30日まで・但し、土曜・休日を除くはこの時刻に変更_,平日,平日,11月30日まで・但し、土曜・休日を除くはこの時刻に変更__時変_11月30日まで・但し、土曜・休日を除くはこの時刻に変更_,平日,平日,平日,平日,平日,平日,平日,平日,平日,平日,平日,平日,平日,平日,平日,平日,平日,平日,平日,平日,平日,平日,11月30日まで・但し、土曜・休日を除くはこの時刻に変更__時変_11月30日まで・但し、土曜・休日を除くはこの時刻に変更_,12月1・4～8・11～15・18～22・25～29日・1月4・5・9～12・15～19・22～26・29日～2月2・5～9・13～16・19～22・26～29日はこの時刻に変更__時変_12月1・4～8・11～15・18～22・25～29日・1月4・5・9～12・15～19・22～26・29日～2月2・5～9・13～16・19～22・26～29日はこの時刻に変更_,平日,平日,平日,平日,平日,平日,平日,平日,平日,平日,平日,平日,平日,平日,平日,平日,平日,平日,平日,平日,平日,平日,平日,平日,平日,平日,平日,平日,平日,平日,平日,平日,平日,12月1・4～8・11～15・18～22・25～29日・1月4・5・9～12・15～19・22～26・29日～2月2・5～9・13～16・19～22・26～29日はこの時刻に変更__時変_12月1・4～8・11～15・18～22・25～29日・1月4・5・9～12・15～19・22～26・29日～2月2・5～9・13～16・19～22・26～29日はこの時刻に変更_,11月30日まで・但し、土曜・休日を除くはこの時刻に変更__時変_11月30日まで・但し、土曜・休日を除くはこの時刻に変更_,平日,平日,平日,平日,平日,11月30日まで・但し、土曜・休日を除くはこの時刻に変更__時変_11月30日まで・但し、土曜・休日を除くはこの時刻に変更_,12月1・4～8・11～15・18～22・25～29日・1月4・5・9～12・15～19・22～26・29日～2月2・5～9・13～16・19～22・26～29日はこの時刻に変更__時変_12月1・4～8・11～15・18～22・25～29日・1月4・5・9～12・15～19・22～26・29日～2月2・5～9・13～16・19～22・26～29日はこの時刻に変更_,平日,平日,平日,11月30日まで・但し、土曜・休日を除くはこの時刻に変更__時変_11月30日まで・但し、土曜・休日を除くはこの時刻に変更_,12月1・4～8・11～15・18～22・25～29日・1月4・5・9～12・15～19・22～26・29日～2月2・5～9・13～16・19～22・26～29日はこの時刻に変更__時変_12月1・4～8・11～15・18～22・25～29日・1月4・5・9～12・15～19・22～26・29日～2月2・5～9・13～16・19～22・26～29日はこの時刻に変更_,平日,平日,平日,平日,平日,平日,平日,平日,平日,平日,平日,平日,平日,平日,平日,平日,平日,平日,11月30日まで・但し、土曜・休日を除くはこの時刻に変更__時変_11月30日まで・但し、土曜・休日を除くはこの時刻に変更_,12月1・4～8・11～15・18～22・25～29日・1月4・5・9～12・15～19・22～26・29日～2月2・5～9・13～16・19～22・26～29日はこの時刻に変更__時変_12月1・4～8・11～15・18～22・25～29日・1月4・5・9～12・15～19・22～26・29日～2月2・5～9・13～16・19～22・26～29日はこの時刻に変更_,平日,平日,平日,平日,11月30日まで・但し、土曜・休日を除くはこの時刻に変更__時変_11月30日まで・但し、土曜・休日を除くはこの時刻に変更_,12月1・4～8・11～15・18～22・25～29日・1月4・5・9～12・15～19・22～26・29日～2月2・5～9・13～16・19～22・26～29日はこの時刻に変更__時変_12月1・4～8・11～15・18～22・25～29日・1月4・5・9～12・15～19・22～26・29日～2月2・5～9・13～16・19～22・26～29日はこの時刻に変更_,平日,11月30日まで・但し、土曜・休日を除くはこの時刻に変更__時変_11月30日まで・但し、土曜・休日を除くはこの時刻に変更_,12月1・4～8・11～15・18～22・25～29日・1月4・5・9～12・15～19・22～26・29日～2月2・5～9・13～16・19～22・26～29日はこの時刻に変更__時変_12月1・4～8・11～15・18～22・25～29日・1月4・5・9～12・15～19・22～26・29日～2月2・5～9・13～16・19～22・26～29日はこの時刻に変更_,平日,平日,11月30日まで・但し、土曜・休日を除くはこの時刻に変更__時変_11月30日まで・但し、土曜・休日を除くはこの時刻に変更_,12月1・4～8・11～15・18～22・25～29日・1月4・5・9～12・15～19・22～26・29日～2月2・5～9・13～16・19～22・26～29日はこの時刻に変更__時変_12月1・4～8・11～15・18～22・25～29日・1月4・5・9～12・15～19・22～26・29日～2月2・5～9・13～16・19～22・26～29日はこの時刻に変更_,平日,平日,平日,平日,平日,平日,平日,平日,平日,平日,平日,平日,平日,平日,平日,平日,平日,平日,平日,平日,平日,平日,平日,平日,平日,平日,平日,平日,平日,平日,平日,平日,平日,平日,平日,平日,平日,平日,平日,平日,平日,平日,平日
奥多摩_奥多摩,発,,,,,,,0505,,,,,,,,,0542,,,,,0604,,,,,,,,,0631,,,,,,,,,,,0710,,,,,,0744,,,,0811,,,,,,,,,0856,,,,,,,,0932,,,,,,1016,,,,,1059,,,,,,,1144,,,,,,,,1230,,,,,,,1312,,,,,1355,,,,,,,1438,,,,,1521,,,,,,,,,,,1606,,,,,,,,,,1654,,,,,,1727,,,,,1759,,,,,,,,1832,,,,,,,,,,,,,1911,,,,,,1944,,,,,,,2018,,,,2050,,,,,,,2123,,,,2156,,,,,2228,,,,,,2300,,,
白丸_白丸,発,,,,,,,0508,,,,,,,,,0545,,,,,0607,,,,,,,,,0634,,,,,,,,,,,0713,,,,,,0747,,,,0814,,,,,,,,,0859,,,,,,,,0935,,,,,,1019,,,,,1102,,,,,,,1147,,,,,,,,1233,,,,,,,1315,,,,,1358,,,,,,,1441,,,,,1524,,,,,,,,,,,1609,,,,,,,,,,1657,,,,,,1730,,,,,1802,,,,,,,,1835,,,,,,,,,,,,,1914,,,,,,1947,,,,,,,2021,,,,2053,,,,,,,2126,,,,2159,,,,,2231,,,,,,2303,,,
鳩ノ巣_鳩ノ巣,発,,,,,,,0510,,,,,,,,,0551,,,,,0610,,,,,,,,,0636,,,,,,,,,,,0716,,,,,,0750,,,,0817,,,,,,,,,0901,,,,,,,,0938,,,,,,1022,,,,,1105,,,,,,,1150,,,,,,,,1236,,,,,,,1318,,,,,1401,,,,,,,1444,,,,,1526,,,,,,,,,,,1612,,,,,,,,,,1700,,,,,,1733,,,,,1805,,,,,,,,1838,,,,,,,,,,,,,1917,,,,,,1950,,,,,,,2023,,,,2056,,,,,,,2129,,,,2201,,,,,2234,,,,,,2306,,,
古里_古里,発,,,,,,,0514,,,,,,,,,0554,,,,,0615,,,,,,,,,0640,,,,,,,,,,,0721,,,,,,0755,,,,0821,,,,,,,,,0906,,,,,,,,0941,,,,,,1026,,,,,1109,,,,,,,1154,,,,,,,,1240,,,,,,,1321,,,,,1405,,,,,,,1448,,,,,1530,,,,,,,,,,,1615,,,,,,,,,,1705,,,,,,1738,,,,,1810,,,,,,,,1843,,,,,,,,,,,,,1922,,,,,,1955,,,,,,,2028,,,,2101,,,,,,,2134,,,,2206,,,,,2239,,,,,,2312,,,
川井_川井,発,,,,,,,0517,,,,,,,,,0558,,,,,0618,,,,,,,,,0643,,,,,,,,,,,0724,,,,,,0758,,,,0824,,,,,,,,,0909,,,,,,,,0945,,,,,,1029,,,,,1112,,,,,,,1157,,,,,,,,1243,,,,,,,1325,,,,,1408,,,,,,,1451,,,,,1533,,,,,,,,,,,1619,,,,,,,,,,1708,,,,,,1741,,,,,1813,,,,,,,,1846,,,,,,,,,,,,,1926,,,,,,1958,,,,,,,2031,,,,2104,,,,,,,2137,,,,2209,,,,,2242,,,,,,2315,,,
御嶽_御嶽,発,,,,,,,0522,,,,,,,,,0607,,,,,0625,,,,,,,,,0648,,,,,,0714,,,,,0729,,,,,,0803,,,,0828,,,,,,,,,0914,,,,,,,,0949,,,,,,1034,,,,,1117,,,,,,,1202,,,,,,,,1248,,,,,,,1332,,,,,1415,,,,,,,1458,,,,,1540,,,,,,,,,,,1626,,,,,,,,,,1713,,,,,,1745,,,,,1818,,,,,,,,1851,,,,,,,,,,,,,1930,,,,,,2003,,,,,,,2036,,,,2109,,,,,,,2141,,,,2214,,,,,2246,,,,,,2320,,,
沢井_沢井,発,,,,,,,0525,,,,,,,,,0610,,,,,0628,,,,,,,,,0651,,,,,,0717,,,,,0732,,,,,,0806,,,,0831,,,,,,,,,0917,,,,,,,,0952,,,,,,1037,,,,,1120,,,,,,,1205,,,,,,,,1251,,,,,,,1335,,,,,1418,,,,,,,1501,,,,,1543,,,,,,,,,,,1629,,,,,,,,,,1716,,,,,,1748,,,,,1821,,,,,,,,1854,,,,,,,,,,,,,1933,,,,,,2006,,,,,,,2039,,,,2112,,,,,,,2144,,,,2217,,,,,2249,,,,,,2323,,,
軍畑_軍畑,発,,,,,,,0527,,,,,,,,,0613,,,,,0630,,,,,,,,,0653,,,,,,0719,,,,,0734,,,,,,0808,,,,0834,,,,,,,,,0919,,,,,,,,0955,,,,,,1039,,,,,1122,,,,,,,1207,,,,,,,,1253,,,,,,,1338,,,,,1420,,,,,,,1503,,,,,1546,,,,,,,,,,,1631,,,,,,,,,,1718,,,,,,1751,,,,,1823,,,,,,,,1856,,,,,,,,,,,,,1936,,,,,,2008,,,,,,,2041,,,,2114,,,,,,,2147,,,,2219,,,,,2252,,,,,,2325,,,
二俣尾_二俣尾,発,,,,,,,0530,,,,,,,,,0615,,,,,0633,,,,,,,,,0704,,,,,,0722,,,,,0739,,,,,,0813,,,,0836,,,,,,,,,0922,,,,,,,,0957,,,,,,1041,,,,,1124,,,,,,,1209,,,,,,,,1255,,,,,,,1340,,,,,1423,,,,,,,1506,,,,,1548,,,,,,,,,,,1633,,,,,,,,,,1721,,,,,,1753,,,,,1826,,,,,,,,1904,,,,,,,,,,,,,1938,,,,,,2010,,,,,,,2044,,,,2117,,,,,,,2149,,,,2222,,,,,2254,,,,,,2328,,,
石神前_石神前,発,,,,,,,0532,,,,,,,,,0618,,,,,0635,,,,,,,,,0707,,,,,,0724,,,,,0741,,,,,,0815,,,,0838,,,,,,,,,0924,,,,,,,,0959,,,,,,1044,,,,,1127,,,,,,,1212,,,,,,,,1258,,,,,,,1342,,,,,1425,,,,,,,1508,,,,,1550,,,,,,,,,,,1636,,,,,,,,,,1723,,,,,,1755,,,,,1828,,,,,,,,1906,,,,,,,,,,,,,1940,,,,,,2013,,,,,,,2046,,,,2119,,,,,,,2152,,,,2224,,,,,2257,,,,,,2330,,,
日向和田_日向和田,発,,,,,,,0534,,,,,,,,,0620,,,,,0637,,,,,,,,,0709,,,,,,0726,,,,,0744,,,,,,0818,,,,0841,,,,,,,,,0926,,,,,,,,1002,,,,,,1046,,,,,1129,,,,,,,1214,,,,,,,,1300,,,,,,,1345,,,,,1427,,,,,,,1510,,,,,1553,,,,,,,,,,,1638,,,,,,,,,,1725,,,,,,1758,,,,,1830,,,,,,,,1908,,,,,,,,,,,,,1943,,,,,,2015,,,,,,,2048,,,,2121,,,,,,,2154,,,,2226,,,,,2259,,,,,,2332,,,
宮ノ平_宮ノ平,発,,,,,,,0536,,,,,,,,,0622,,,,,0639,,,,,,,,,0711,,,,,,0731,,,,,0746,,,,,,0819,,,,0843,,,,,,,,,0928,,,,,,,,1003,,,,,,1048,,,,,1131,,,,,,,1216,,,,,,,,1302,,,,,,,1346,,,,,1429,,,,,,,1512,,,,,1555,,,,,,,,,,,1643,,,,,,,,,,1727,,,,,,1800,,,,,1832,,,,,,,,1910,,,,,,,,,,,,,1944,,,,,,2017,,,,,,,2050,,,,2123,,,,,,,2156,,,,2228,,,,,2301,,,,,,2334,,,
青梅_青梅,着,,,,,,,0539,,,,,,,,,0624,,,,,0642,,,,,,,,,0714,,,,,,0733,,,,,0748,,,,,,0822,,,,0845,,,,,,,,,0931,,,,,,,,1006,,,,,,1051,,,,,1134,,,,,,,1219,,,,,,,,1305,,,,,,,1349,,,,,1432,,,,,,,1515,,,,,1557,,,,,,,,,,,1645,,,,,,,,,,1730,,,,,,1802,,,,,1835,,,,,,,,1913,,,,,,,,,,,,,1947,,,,,,2020,,,,,,,2053,,,,2126,,,,,,,2158,,,,2231,,,,,2303,,,,,,2337,,,
青梅_青梅,発,0435,,0501,,0523,0531,,0540,,0550,0602,,0610,0617,,,,0628,0635,,,0643,,0653,,0701,,,0709,,,0718,,0726,,,0735,0743,,0750,,,0802,,0816,,,0824,0837,,,0854,0902,,0910,0921,0932,2月16日はこの時刻に変更__0932_2月16日はこの時刻に変更_,,,0944,0944,0944,,0954,11月30日まで・但し、土曜・休日を除くはこの時刻に変更__0954_11月30日まで・但し、土曜・休日を除くはこの時刻に変更_,1004,,,1019,1028,,1042,,1056,,1112,1122,,1135,,1146,1158,,1212,,1222,1235,11月30日まで・但し、土曜・休日を除くはこの時刻に変更__1237_11月30日まで・但し、土曜・休日を除くはこの時刻に変更_,12月1・4～8・11～15・18～22・25～29日・1月4・5・9～12・15～19・22～26・29日～2月2・5～9・13～16・19～22・26～29日はこの時刻に変更__1237_12月1・4～8・11～15・18～22・25～29日・1月4・5・9～12・15～19・22～26・29日～2月2・5～9・13～16・19～22・26～29日はこの時刻に変更_,,1246,1257,,,1312,1322,1335,,1346,,1357,,1412,1422,,1436,,1446,1457,,1510,,1521,1534,,1546,,1559,,,1612,1623,12月1・4～8・11～15・18～22・25～29日・1月4・5・9～12・15～19・22～26・29日～2月2・5～9・13～16・19～22・26～29日はこの時刻に変更__1623_12月1・4～8・11～15・18～22・25～29日・1月4・5・9～12・15～19・22～26・29日～2月2・5～9・13～16・19～22・26～29日はこの時刻に変更_,11月30日まで・但し、土曜・休日を除くはこの時刻に変更__1623_11月30日まで・但し、土曜・休日を除くはこの時刻に変更_,,,1636,,1648,11月30日まで・但し、土曜・休日を除くはこの時刻に変更__1648_11月30日まで・但し、土曜・休日を除くはこの時刻に変更_,12月1・4～8・11～15・18～22・25～29日・1月4・5・9～12・15～19・22～26・29日～2月2・5～9・13～16・19～22・26～29日はこの時刻に変更__1648_12月1・4～8・11～15・18～22・25～29日・1月4・5・9～12・15～19・22～26・29日～2月2・5～9・13～16・19～22・26～29日はこの時刻に変更_,1659,,1713,1713,1713,,,1731,1744,,1754,1800,,,1813,,1830,,1840,,1853,1905,,,,,1915,1925,,,,1935,11月30日まで・但し、土曜・休日を除くはこの時刻に変更__1935_11月30日まで・但し、土曜・休日を除くはこの時刻に変更_,12月1・4～8・11～15・18～22・25～29日・1月4・5・9～12・15～19・22～26・29日～2月2・5～9・13～16・19～22・26～29日はこの時刻に変更__1935_12月1・4～8・11～15・18～22・25～29日・1月4・5・9～12・15～19・22～26・29日～2月2・5～9・13～16・19～22・26～29日はこの時刻に変更_,1945,,,,,1952,,2007,,,,2022,2031,,,2048,,,2056,,2115,,2127,,2135,2145,,,,2200,2216,,,2232,2242,,2253,,2304,,2317,,2326,,,,2358
東青梅_東青梅,発,0437,,0503,,0526,0534,,0543,,0552,0604,,0612,レ,,,,0630,0638,,,0645,,0656,,0703,,,0711,,,0720,,0728,,,0737,0745,,0753,,,0805,,0818,,,0826,0839,,,0856,0904,,0913,0923,0935,2月16日はこの時刻に変更__0935_2月16日はこの時刻に変更_,,,0946,0946,0946,,0956,11月30日まで・但し、土曜・休日を除くはこの時刻に変更__0956_11月30日まで・但し、土曜・休日を除くはこの時刻に変更_,1006,,,1021,1030,,1045,,1058,,1115,1125,,1137,,1149,1201,,1215,,1224,1237,11月30日まで・但し、土曜・休日を除くはこの時刻に変更__1239_11月30日まで・但し、土曜・休日を除くはこの時刻に変更_,12月1・4～8・11～15・18～22・25～29日・1月4・5・9～12・15～19・22～26・29日～2月2・5～9・13～16・19～22・26～29日はこの時刻に変更__1239_12月1・4～8・11～15・18～22・25～29日・1月4・5・9～12・15～19・22～26・29日～2月2・5～9・13～16・19～22・26～29日はこの時刻に変更_,,1249,1259,,,1315,1324,1337,,1348,,1400,,1415,1424,,1438,,1448,1459,,1512,,1523,1536,,1549,,1601,,,1614,1625,12月1・4～8・11～15・18～22・25～29日・1月4・5・9～12・15～19・22～26・29日～2月2・5～9・13～16・19～22・26～29日はこの時刻に変更__1625_12月1・4～8・11～15・18～22・25～29日・1月4・5・9～12・15～19・22～26・29日～2月2・5～9・13～16・19～22・26～29日はこの時刻に変更_,11月30日まで・但し、土曜・休日を除くはこの時刻に変更__1625_11月30日まで・但し、土曜・休日を除くはこの時刻に変更_,,,1638,,1650,11月30日まで・但し、土曜・休日を除くはこの時刻に変更__1650_11月30日まで・但し、土曜・休日を除くはこの時刻に変更_,12月1・4～8・11～15・18～22・25～29日・1月4・5・9～12・15～19・22～26・29日～2月2・5～9・13～16・19～22・26～29日はこの時刻に変更__1650_12月1・4～8・11～15・18～22・25～29日・1月4・5・9～12・15～19・22～26・29日～2月2・5～9・13～16・19～22・26～29日はこの時刻に変更_,1701,,1715,1715,1715,,,1733,1747,,1756,1802,,,1815,,1833,,1842,,1855,1907,,,,,1917,1927,,,,1937,11月30日まで・但し、土曜・休日を除くはこの時刻に変更__1938_11月30日まで・但し、土曜・休日を除くはこの時刻に変更_,12月1・4～8・11～15・18～22・25～29日・1月4・5・9～12・15～19・22～26・29日～2月2・5～9・13～16・19～22・26～29日はこの時刻に変更__1938_12月1・4～8・11～15・18～22・25～29日・1月4・5・9～12・15～19・22～26・29日～2月2・5～9・13～16・19～22・26～29日はこの時刻に変更_,1947,,,,,1955,,2009,,,,2024,2033,,,2050,,,2059,,2117,,2129,,2137,2148,,,,2203,2218,,,2235,2244,,2255,,2307,,2320,,2328,,,,0000
河辺_河辺,発,0439,,0505,,0528,0536,,0545,,0556,0606,,0614,0623,,,0627,0636,0640,,,0648,0653,0658,,0706,0710,,0717,,0721,0724,,0733,,,0740,0747,,0755,,0801,0807,,0820,,,0831,0841,,,0859,0906,,0915,0925,0937,2月16日はこの時刻に変更__0937_2月16日はこの時刻に変更_,,,0948,0948,0948,,0959,11月30日まで・但し、土曜・休日を除くはこの時刻に変更__0959_11月30日まで・但し、土曜・休日を除くはこの時刻に変更_,1010,,,1024,1032,,1047,,1100,,1117,1127,,1139,,1151,1203,,1217,,1226,1239,11月30日まで・但し、土曜・休日を除くはこの時刻に変更__1242_11月30日まで・但し、土曜・休日を除くはこの時刻に変更_,12月1・4～8・11～15・18～22・25～29日・1月4・5・9～12・15～19・22～26・29日～2月2・5～9・13～16・19～22・26～29日はこの時刻に変更__1242_12月1・4～8・11～15・18～22・25～29日・1月4・5・9～12・15～19・22～26・29日～2月2・5～9・13～16・19～22・26～29日はこの時刻に変更_,,1251,1301,,,1317,1326,1339,,1350,,1402,,1417,1426,,1440,,1450,1502,,1514,,1525,1538,,1551,,1603,,,1616,1627,12月1・4～8・11～15・18～22・25～29日・1月4・5・9～12・15～19・22～26・29日～2月2・5～9・13～16・19～22・26～29日はこの時刻に変更__1627_12月1・4～8・11～15・18～22・25～29日・1月4・5・9～12・15～19・22～26・29日～2月2・5～9・13～16・19～22・26～29日はこの時刻に変更_,11月30日まで・但し、土曜・休日を除くはこの時刻に変更__1627_11月30日まで・但し、土曜・休日を除くはこの時刻に変更_,,,1641,,1653,11月30日まで・但し、土曜・休日を除くはこの時刻に変更__1653_11月30日まで・但し、土曜・休日を除くはこの時刻に変更_,12月1・4～8・11～15・18～22・25～29日・1月4・5・9～12・15～19・22～26・29日～2月2・5～9・13～16・19～22・26～29日はこの時刻に変更__1653_12月1・4～8・11～15・18～22・25～29日・1月4・5・9～12・15～19・22～26・29日～2月2・5～9・13～16・19～22・26～29日はこの時刻に変更_,1704,,1717,1717,1717,,,1736,1749,,1758,1804,,,1818,,1835,,1845,,1858,1909,,,,,1920,1930,,,,1939,11月30日まで・但し、土曜・休日を除くはこの時刻に変更__1940_11月30日まで・但し、土曜・休日を除くはこの時刻に変更_,12月1・4～8・11～15・18～22・25～29日・1月4・5・9～12・15～19・22～26・29日～2月2・5～9・13～16・19～22・26～29日はこの時刻に変更__1940_12月1・4～8・11～15・18～22・25～29日・1月4・5・9～12・15～19・22～26・29日～2月2・5～9・13～16・19～22・26～29日はこの時刻に変更_,1949,,,,,1957,,2011,2019,,,2027,2035,,2043,2052,,,2101,,2119,,2132,,2140,2150,,2159,,2205,2220,,,2237,2247,,2257,,2309,,2322,,2330,,,,0003
小作_小作,発,0442,,0508,,0531,0539,,0548,,0559,0609,,0617,レ,,,0630,0639,0643,,,0651,0656,0701,,0709,0713,,0720,,0724,0727,,0736,,,0743,0750,,0758,,0804,0810,,0823,,,0834,0844,,,0902,0909,,0918,0928,0940,2月16日はこの時刻に変更__0940_2月16日はこの時刻に変更_,,,0951,0951,0951,,1002,11月30日まで・但し、土曜・休日を除くはこの時刻に変更__1002_11月30日まで・但し、土曜・休日を除くはこの時刻に変更_,1013,,,1027,1035,,1050,,1103,,1120,1130,,1142,,1154,1206,,1220,,1229,1242,11月30日まで・但し、土曜・休日を除くはこの時刻に変更__1245_11月30日まで・但し、土曜・休日を除くはこの時刻に変更_,12月1・4～8・11～15・18～22・25～29日・1月4・5・9～12・15～19・22～26・29日～2月2・5～9・13～16・19～22・26～29日はこの時刻に変更__1245_12月1・4～8・11～15・18～22・25～29日・1月4・5・9～12・15～19・22～26・29日～2月2・5～9・13～16・19～22・26～29日はこの時刻に変更_,,1254,1304,,,1320,1329,1342,,1353,,1405,,1420,1429,,1443,,1453,1505,,1517,,1528,1541,,1554,,1606,,,1619,1630,12月1・4～8・11～15・18～22・25～29日・1月4・5・9～12・15～19・22～26・29日～2月2・5～9・13～16・19～22・26～29日はこの時刻に変更__1630_12月1・4～8・11～15・18～22・25～29日・1月4・5・9～12・15～19・22～26・29日～2月2・5～9・13～16・19～22・26～29日はこの時刻に変更_,11月30日まで・但し、土曜・休日を除くはこの時刻に変更__1630_11月30日まで・但し、土曜・休日を除くはこの時刻に変更_,,,1644,,1656,11月30日まで・但し、土曜・休日を除くはこの時刻に変更__1656_11月30日まで・但し、土曜・休日を除くはこの時刻に変更_,12月1・4～8・11～15・18～22・25～29日・1月4・5・9～12・15～19・22～26・29日～2月2・5～9・13～16・19～22・26～29日はこの時刻に変更__1656_12月1・4～8・11～15・18～22・25～29日・1月4・5・9～12・15～19・22～26・29日～2月2・5～9・13～16・19～22・26～29日はこの時刻に変更_,1707,,1720,1720,1720,,,1739,1752,,1801,1807,,,1821,,1838,,1848,,1901,1912,,,,,1923,1933,,,,1942,11月30日まで・但し、土曜・休日を除くはこの時刻に変更__1943_11月30日まで・但し、土曜・休日を除くはこの時刻に変更_,12月1・4～8・11～15・18～22・25～29日・1月4・5・9～12・15～19・22～26・29日～2月2・5～9・13～16・19～22・26～29日はこの時刻に変更__1943_12月1・4～8・11～15・18～22・25～29日・1月4・5・9～12・15～19・22～26・29日～2月2・5～9・13～16・19～22・26～29日はこの時刻に変更_,1952,,,,,2000,,2014,2022,,,2030,2038,,2046,2055,,,2104,,2122,,2135,,2143,2153,,2202,,2208,2223,,,2240,2250,,2300,,2312,,2325,,2333,,,,0006
羽村_羽村,発,0445,,0511,,0534,0542,,0551,,0602,0612,,0620,レ,,,0633,0642,0646,,,0654,0659,0704,,0712,0716,,0723,,0727,0730,,0739,,,0746,0754,,0801,,0808,0813,,0827,,,0838,0847,,,0905,0912,,0921,0931,0943,2月16日はこの時刻に変更__0943_2月16日はこの時刻に変更_,,,0954,0954,0954,,1005,11月30日まで・但し、土曜・休日を除くはこの時刻に変更__1005_11月30日まで・但し、土曜・休日を除くはこの時刻に変更_,1016,,,1029,1038,,1053,,1106,,1122,1133,,1145,,1157,1208,,1222,,1232,1245,11月30日まで・但し、土曜・休日を除くはこの時刻に変更__1247_11月30日まで・但し、土曜・休日を除くはこの時刻に変更_,12月1・4～8・11～15・18～22・25～29日・1月4・5・9～12・15～19・22～26・29日～2月2・5～9・13～16・19～22・26～29日はこの時刻に変更__1247_12月1・4～8・11～15・18～22・25～29日・1月4・5・9～12・15～19・22～26・29日～2月2・5～9・13～16・19～22・26～29日はこの時刻に変更_,,1256,1307,,,1322,1332,1345,,1356,,1407,,1422,1432,,1446,,1456,1507,,1520,,1531,1544,,1557,,1609,,,1622,1633,12月1・4～8・11～15・18～22・25～29日・1月4・5・9～12・15～19・22～26・29日～2月2・5～9・13～16・19～22・26～29日はこの時刻に変更__1633_12月1・4～8・11～15・18～22・25～29日・1月4・5・9～12・15～19・22～26・29日～2月2・5～9・13～16・19～22・26～29日はこの時刻に変更_,11月30日まで・但し、土曜・休日を除くはこの時刻に変更__1633_11月30日まで・但し、土曜・休日を除くはこの時刻に変更_,,,1646,,1658,11月30日まで・但し、土曜・休日を除くはこの時刻に変更__1658_11月30日まで・但し、土曜・休日を除くはこの時刻に変更_,12月1・4～8・11～15・18～22・25～29日・1月4・5・9～12・15～19・22～26・29日～2月2・5～9・13～16・19～22・26～29日はこの時刻に変更__1658_12月1・4～8・11～15・18～22・25～29日・1月4・5・9～12・15～19・22～26・29日～2月2・5～9・13～16・19～22・26～29日はこの時刻に変更_,1709,,1723,1723,1723,,,1742,1755,,1804,1810,,,1824,,1841,,1851,,1904,1915,,,,,1926,1936,,,,1945,11月30日まで・但し、土曜・休日を除くはこの時刻に変更__1946_11月30日まで・但し、土曜・休日を除くはこの時刻に変更_,12月1・4～8・11～15・18～22・25～29日・1月4・5・9～12・15～19・22～26・29日～2月2・5～9・13～16・19～22・26～29日はこの時刻に変更__1946_12月1・4～8・11～15・18～22・25～29日・1月4・5・9～12・15～19・22～26・29日～2月2・5～9・13～16・19～22・26～29日はこの時刻に変更_,1955,,,,,2003,,2017,2025,,,2033,2041,,2049,2058,,,2107,,2125,,2138,,2146,2156,,2205,,2211,2226,,,2243,2253,,2303,,2315,,2328,,2336,,,,0009
福生_福生,発,0447,,0513,,0537,0545,,0554,,0605,0615,,0623,レ,,,0635,0645,0649,,,0657,0702,0707,,0715,0719,,0726,,0730,0733,,0742,,,0749,0757,,0804,,0811,0816,,0830,,,0841,0850,,,0907,0915,,0924,0934,0946,2月16日はこの時刻に変更__0946_2月16日はこの時刻に変更_,,,0957,0957,0957,,1007,11月30日まで・但し、土曜・休日を除くはこの時刻に変更__1007_11月30日まで・但し、土曜・休日を除くはこの時刻に変更_,1018,,,1032,1040,,1055,,1109,,1125,1135,,1147,,1159,1211,,1225,,1234,1247,11月30日まで・但し、土曜・休日を除くはこの時刻に変更__1250_11月30日まで・但し、土曜・休日を除くはこの時刻に変更_,12月1・4～8・11～15・18～22・25～29日・1月4・5・9～12・15～19・22～26・29日～2月2・5～9・13～16・19～22・26～29日はこの時刻に変更__1250_12月1・4～8・11～15・18～22・25～29日・1月4・5・9～12・15～19・22～26・29日～2月2・5～9・13～16・19～22・26～29日はこの時刻に変更_,,1259,1310,,,1325,1334,1347,,1358,,1410,,1425,1434,,1448,,1459,1510,,1522,,1534,1546,,1559,,1611,,,1624,1635,12月1・4～8・11～15・18～22・25～29日・1月4・5・9～12・15～19・22～26・29日～2月2・5～9・13～16・19～22・26～29日はこの時刻に変更__1635_12月1・4～8・11～15・18～22・25～29日・1月4・5・9～12・15～19・22～26・29日～2月2・5～9・13～16・19～22・26～29日はこの時刻に変更_,11月30日まで・但し、土曜・休日を除くはこの時刻に変更__1635_11月30日まで・但し、土曜・休日を除くはこの時刻に変更_,,,1649,,1701,11月30日まで・但し、土曜・休日を除くはこの時刻に変更__1701_11月30日まで・但し、土曜・休日を除くはこの時刻に変更_,12月1・4～8・11～15・18～22・25～29日・1月4・5・9～12・15～19・22～26・29日～2月2・5～9・13～16・19～22・26～29日はこの時刻に変更__1701_12月1・4～8・11～15・18～22・25～29日・1月4・5・9～12・15～19・22～26・29日～2月2・5～9・13～16・19～22・26～29日はこの時刻に変更_,1712,,1726,1726,1726,,,1744,1758,,1807,1813,,,1826,,1844,,1853,,1906,1918,,,,,1928,1938,,,,1948,11月30日まで・但し、土曜・休日を除くはこの時刻に変更__1949_11月30日まで・但し、土曜・休日を除くはこの時刻に変更_,12月1・4～8・11～15・18～22・25～29日・1月4・5・9～12・15～19・22～26・29日～2月2・5～9・13～16・19～22・26～29日はこの時刻に変更__1949_12月1・4～8・11～15・18～22・25～29日・1月4・5・9～12・15～19・22～26・29日～2月2・5～9・13～16・19～22・26～29日はこの時刻に変更_,1958,,,,,2006,,2020,2028,,,2035,2044,,2052,2101,,,2110,,2128,,2140,,2148,2159,,2208,,2214,2229,,,2246,2255,,2306,,2318,,2331,,2339,,,,0011
牛浜_牛浜,発,0449,,0515,,0538,0546,,0556,,0606,0617,,0625,レ,,,0637,0646,0650,,,0659,0705,0710,,0717,0721,,0728,,0732,0736,,0744,,,0751,0759,,0807,,0813,0819,,0832,,,0843,0852,,,0909,0917,,0925,0936,0948,2月16日はこの時刻に変更__0948_2月16日はこの時刻に変更_,,,0959,0959,0959,,1009,11月30日まで・但し、土曜・休日を除くはこの時刻に変更__1009_11月30日まで・但し、土曜・休日を除くはこの時刻に変更_,1020,,,1034,1042,,1057,,1110,,1127,1137,,1149,,1201,1213,,1227,,1236,1249,11月30日まで・但し、土曜・休日を除くはこの時刻に変更__1252_11月30日まで・但し、土曜・休日を除くはこの時刻に変更_,12月1・4～8・11～15・18～22・25～29日・1月4・5・9～12・15～19・22～26・29日～2月2・5～9・13～16・19～22・26～29日はこの時刻に変更__1252_12月1・4～8・11～15・18～22・25～29日・1月4・5・9～12・15～19・22～26・29日～2月2・5～9・13～16・19～22・26～29日はこの時刻に変更_,,1301,1311,,,1327,1336,1349,,1400,,1412,,1427,1436,,1450,,1500,1512,,1524,,1535,1548,,1601,,1613,,,1626,1637,12月1・4～8・11～15・18～22・25～29日・1月4・5・9～12・15～19・22～26・29日～2月2・5～9・13～16・19～22・26～29日はこの時刻に変更__1637_12月1・4～8・11～15・18～22・25～29日・1月4・5・9～12・15～19・22～26・29日～2月2・5～9・13～16・19～22・26～29日はこの時刻に変更_,11月30日まで・但し、土曜・休日を除くはこの時刻に変更__1637_11月30日まで・但し、土曜・休日を除くはこの時刻に変更_,,,1651,,1703,11月30日まで・但し、土曜・休日を除くはこの時刻に変更__1703_11月30日まで・但し、土曜・休日を除くはこの時刻に変更_,12月1・4～8・11～15・18～22・25～29日・1月4・5・9～12・15～19・22～26・29日～2月2・5～9・13～16・19～22・26～29日はこの時刻に変更__1703_12月1・4～8・11～15・18～22・25～29日・1月4・5・9～12・15～19・22～26・29日～2月2・5～9・13～16・19～22・26～29日はこの時刻に変更_,1714,,1728,1728,1728,,,1746,1800,,1809,1815,,,1828,,1845,,1855,,1908,1920,,,,,1930,1940,,,,1950,11月30日まで・但し、土曜・休日を除くはこの時刻に変更__1950_11月30日まで・但し、土曜・休日を除くはこの時刻に変更_,12月1・4～8・11～15・18～22・25～29日・1月4・5・9～12・15～19・22～26・29日～2月2・5～9・13～16・19～22・26～29日はこの時刻に変更__1950_12月1・4～8・11～15・18～22・25～29日・1月4・5・9～12・15～19・22～26・29日～2月2・5～9・13～16・19～22・26～29日はこの時刻に変更_,2000,,,,,2007,,2022,2030,,,2037,2046,,2054,2103,,,2112,,2130,,2142,,2150,2201,,2209,,2216,2231,,,2248,2257,,2308,,2320,,2333,,2341,,,,0013
武蔵五日市_武蔵五日市,発,||,,||,0520,||,||,,||,0547,||,||,0605,||,||,0618,,||,||,||,0637,,||,||,||,0654,||,||,0708,||,,||,||,0720,||,0731,,||,||,0745,||,,||,||,0803,||,0820,,||,||,0842,,||,||,0905,||,||,||,||,0932,,||,||,||,0953,||,||,||,,1013,||,||,1040,||,,||,1109,||,||,,||,1142,||,||,1209,||,,||,||,||,||,1242,||,||,,1309,||,||,||,1342,||,,||,1409,||,||,,||,1442,||,||,1509,||,,||,||,1542,||,,||,1606,,||,||,||,||,1631,,||,,||,||,||,||,1703,||,||,||,1721,,||,||,1747,||,||,,1805,||,1823,||,,||,1842,||,||,1911,11月30日まで・但し、土曜・休日を除くはこの時刻に変更__1911_11月30日まで・但し、土曜・休日を除くはこの時刻に変更_,12月1・4～8・11～15・18～22・25～29日・1月4・5・9～12・15～19・22～26・29日～2月2・5～9・13～16・19～22・26～29日はこの時刻に変更__1911_12月1・4～8・11～15・18～22・25～29日・1月4・5・9～12・15～19・22～26・29日～2月2・5～9・13～16・19～22・26～29日はこの時刻に変更_,,||,||,1928,11月30日まで・但し、土曜・休日を除くはこの時刻に変更__1928_11月30日まで・但し、土曜・休日を除くはこの時刻に変更_,12月1・4～8・11～15・18～22・25～29日・1月4・5・9～12・15～19・22～26・29日～2月2・5～9・13～16・19～22・26～29日はこの時刻に変更__1928_12月1・4～8・11～15・18～22・25～29日・1月4・5・9～12・15～19・22～26・29日～2月2・5～9・13～16・19～22・26～29日はこの時刻に変更_,||,||,||,||,1945,11月30日まで・但し、土曜・休日を除くはこの時刻に変更__1945_11月30日まで・但し、土曜・休日を除くはこの時刻に変更_,12月1・4～8・11～15・18～22・25～29日・1月4・5・9～12・15～19・22～26・29日～2月2・5～9・13～16・19～22・26～29日はこの時刻に変更__1945_12月1・4～8・11～15・18～22・25～29日・1月4・5・9～12・15～19・22～26・29日～2月2・5～9・13～16・19～22・26～29日はこの時刻に変更_,,||,2002,||,||,2019,,||,||,2036,||,||,2052,,||,2109,||,,||,2127,||,||,2145,||,,||,||,2223,,||,||,2249,||,,||,2305,||,2322,||,,2338,2353,||
武蔵増戸_武蔵増戸,発,||,,||,0524,||,||,,||,0551,||,||,0610,||,||,0624,,||,||,||,0641,,||,||,||,0700,||,||,0713,||,,||,||,0724,||,0736,,||,||,0750,||,,||,||,0809,||,0824,,||,||,0847,,||,||,0909,||,||,||,||,0938,,||,||,||,0958,||,||,||,,1017,||,||,1044,||,,||,1113,||,||,,||,1146,||,||,1213,||,,||,||,||,||,1246,||,||,,1313,||,||,||,1346,||,,||,1413,||,||,,||,1446,||,||,1513,||,,||,||,1546,||,,||,1610,,||,||,||,||,1635,,||,,||,||,||,||,1709,||,||,||,1726,,||,||,1751,||,||,,1810,||,1828,||,,||,1846,||,||,1916,11月30日まで・但し、土曜・休日を除くはこの時刻に変更__1917_11月30日まで・但し、土曜・休日を除くはこの時刻に変更_,12月1・4～8・11～15・18～22・25～29日・1月4・5・9～12・15～19・22～26・29日～2月2・5～9・13～16・19～22・26～29日はこの時刻に変更__1917_12月1・4～8・11～15・18～22・25～29日・1月4・5・9～12・15～19・22～26・29日～2月2・5～9・13～16・19～22・26～29日はこの時刻に変更_,,||,||,1933,11月30日まで・但し、土曜・休日を除くはこの時刻に変更__1933_11月30日まで・但し、土曜・休日を除くはこの時刻に変更_,12月1・4～8・11～15・18～22・25～29日・1月4・5・9～12・15～19・22～26・29日～2月2・5～9・13～16・19～22・26～29日はこの時刻に変更__1933_12月1・4～8・11～15・18～22・25～29日・1月4・5・9～12・15～19・22～26・29日～2月2・5～9・13～16・19～22・26～29日はこの時刻に変更_,||,||,||,||,1950,11月30日まで・但し、土曜・休日を除くはこの時刻に変更__1950_11月30日まで・但し、土曜・休日を除くはこの時刻に変更_,12月1・4～8・11～15・18～22・25～29日・1月4・5・9～12・15～19・22～26・29日～2月2・5～9・13～16・19～22・26～29日はこの時刻に変更__1950_12月1・4～8・11～15・18～22・25～29日・1月4・5・9～12・15～19・22～26・29日～2月2・5～9・13～16・19～22・26～29日はこの時刻に変更_,,||,2007,||,||,2024,,||,||,2041,||,||,2058,,||,2114,||,,||,2132,||,||,2150,||,,||,||,2228,,||,||,2253,||,,||,2310,||,2327,||,,2344,2357,||
武蔵引田_武蔵引田,発,||,,||,0526,||,||,,||,0553,||,||,0612,||,||,0626,,||,||,||,0644,,||,||,||,0703,||,||,0715,||,,||,||,0726,||,0739,,||,||,0752,||,,||,||,0811,||,0826,,||,||,0849,,||,||,0911,||,||,||,||,0940,,||,||,||,1000,||,||,||,,1019,||,||,1046,||,,||,1115,||,||,,||,1148,||,||,1215,||,,||,||,||,||,1248,||,||,,1315,||,||,||,1348,||,,||,1415,||,||,,||,1448,||,||,1515,||,,||,||,1548,||,,||,1612,,||,||,||,||,1637,,||,,||,||,||,||,1711,||,||,||,1728,,||,||,1754,||,||,,1812,||,1830,||,,||,1849,||,||,1918,11月30日まで・但し、土曜・休日を除くはこの時刻に変更__1919_11月30日まで・但し、土曜・休日を除くはこの時刻に変更_,12月1・4～8・11～15・18～22・25～29日・1月4・5・9～12・15～19・22～26・29日～2月2・5～9・13～16・19～22・26～29日はこの時刻に変更__1919_12月1・4～8・11～15・18～22・25～29日・1月4・5・9～12・15～19・22～26・29日～2月2・5～9・13～16・19～22・26～29日はこの時刻に変更_,,||,||,1935,11月30日まで・但し、土曜・休日を除くはこの時刻に変更__1936_11月30日まで・但し、土曜・休日を除くはこの時刻に変更_,12月1・4～8・11～15・18～22・25～29日・1月4・5・9～12・15～19・22～26・29日～2月2・5～9・13～16・19～22・26～29日はこの時刻に変更__1936_12月1・4～8・11～15・18～22・25～29日・1月4・5・9～12・15～19・22～26・29日～2月2・5～9・13～16・19～22・26～29日はこの時刻に変更_,||,||,||,||,1952,11月30日まで・但し、土曜・休日を除くはこの時刻に変更__1952_11月30日まで・但し、土曜・休日を除くはこの時刻に変更_,12月1・4～8・11～15・18～22・25～29日・1月4・5・9～12・15～19・22～26・29日～2月2・5～9・13～16・19～22・26～29日はこの時刻に変更__1952_12月1・4～8・11～15・18～22・25～29日・1月4・5・9～12・15～19・22～26・29日～2月2・5～9・13～16・19～22・26～29日はこの時刻に変更_,,||,2009,||,||,2026,,||,||,2043,||,||,2100,,||,2116,||,,||,2134,||,||,2152,||,,||,||,2230,,||,||,2255,||,,||,2312,||,2330,||,,2346,0000,||
秋川_秋川,発,||,,||,0529,||,||,,||,0556,||,||,0615,||,||,0628,,||,||,||,0646,,||,||,||,0706,||,||,0717,||,,||,||,0728,||,0741,,||,||,0754,||,,||,||,0816,||,0831,,||,||,0852,,||,||,0914,||,||,||,||,0942,,||,||,||,1003,||,||,||,,1022,||,||,1049,||,,||,1118,||,||,,||,1151,||,||,1218,||,,||,||,||,||,1251,||,||,,1318,||,||,||,1351,||,,||,1418,||,||,,||,1451,||,||,1518,||,,||,||,1551,||,,||,1615,,||,||,||,||,1640,,||,,||,||,||,||,1713,||,||,||,1730,,||,||,1756,||,||,,1814,||,1832,||,,||,1852,||,||,1921,11月30日まで・但し、土曜・休日を除くはこの時刻に変更__1921_11月30日まで・但し、土曜・休日を除くはこの時刻に変更_,12月1・4～8・11～15・18～22・25～29日・1月4・5・9～12・15～19・22～26・29日～2月2・5～9・13～16・19～22・26～29日はこの時刻に変更__1921_12月1・4～8・11～15・18～22・25～29日・1月4・5・9～12・15～19・22～26・29日～2月2・5～9・13～16・19～22・26～29日はこの時刻に変更_,,||,||,1937,11月30日まで・但し、土曜・休日を除くはこの時刻に変更__1938_11月30日まで・但し、土曜・休日を除くはこの時刻に変更_,12月1・4～8・11～15・18～22・25～29日・1月4・5・9～12・15～19・22～26・29日～2月2・5～9・13～16・19～22・26～29日はこの時刻に変更__1938_12月1・4～8・11～15・18～22・25～29日・1月4・5・9～12・15～19・22～26・29日～2月2・5～9・13～16・19～22・26～29日はこの時刻に変更_,||,||,||,||,1954,11月30日まで・但し、土曜・休日を除くはこの時刻に変更__1955_11月30日まで・但し、土曜・休日を除くはこの時刻に変更_,12月1・4～8・11～15・18～22・25～29日・1月4・5・9～12・15～19・22～26・29日～2月2・5～9・13～16・19～22・26～29日はこの時刻に変更__1955_12月1・4～8・11～15・18～22・25～29日・1月4・5・9～12・15～19・22～26・29日～2月2・5～9・13～16・19～22・26～29日はこの時刻に変更_,,||,2012,||,||,2028,,||,||,2045,||,||,2102,,||,2119,||,,||,2136,||,||,2155,||,,||,||,2232,,||,||,2258,||,,||,2315,||,2332,||,,2349,0002,||
東秋留_東秋留,発,||,,||,0532,||,||,,||,0600,||,||,0618,||,||,0632,,||,||,||,0652,,||,||,||,0710,||,||,0723,||,,||,||,0737,||,0745,,||,||,0800,||,,||,||,0824,||,0834,,||,||,0855,,||,||,0917,||,||,||,||,0950,,||,||,||,1006,||,||,||,,1025,||,||,1052,||,,||,1121,||,||,,||,1154,||,||,1221,||,,||,||,||,||,1254,||,||,,1321,||,||,||,1354,||,,||,1421,||,||,,||,1454,||,||,1521,||,,||,||,1554,||,,||,1618,,||,||,||,||,1643,,||,,||,||,||,||,1717,||,||,||,1734,,||,||,1800,||,||,,1819,||,1835,||,,||,1856,||,||,1924,11月30日まで・但し、土曜・休日を除くはこの時刻に変更__1925_11月30日まで・但し、土曜・休日を除くはこの時刻に変更_,12月1・4～8・11～15・18～22・25～29日・1月4・5・9～12・15～19・22～26・29日～2月2・5～9・13～16・19～22・26～29日はこの時刻に変更__1925_12月1・4～8・11～15・18～22・25～29日・1月4・5・9～12・15～19・22～26・29日～2月2・5～9・13～16・19～22・26～29日はこの時刻に変更_,,||,||,1941,11月30日まで・但し、土曜・休日を除くはこの時刻に変更__1942_11月30日まで・但し、土曜・休日を除くはこの時刻に変更_,12月1・4～8・11～15・18～22・25～29日・1月4・5・9～12・15～19・22～26・29日～2月2・5～9・13～16・19～22・26～29日はこの時刻に変更__1942_12月1・4～8・11～15・18～22・25～29日・1月4・5・9～12・15～19・22～26・29日～2月2・5～9・13～16・19～22・26～29日はこの時刻に変更_,||,||,||,||,1959,11月30日まで・但し、土曜・休日を除くはこの時刻に変更__1959_11月30日まで・但し、土曜・休日を除くはこの時刻に変更_,12月1・4～8・11～15・18～22・25～29日・1月4・5・9～12・15～19・22～26・29日～2月2・5～9・13～16・19～22・26～29日はこの時刻に変更__1959_12月1・4～8・11～15・18～22・25～29日・1月4・5・9～12・15～19・22～26・29日～2月2・5～9・13～16・19～22・26～29日はこの時刻に変更_,,||,2016,||,||,2032,,||,||,2049,||,||,2106,,||,2123,||,,||,2142,||,||,2201,||,,||,||,2236,,||,||,2301,||,,||,2319,||,2336,||,,2352,0006,||
熊川_熊川,発,||,,||,0535,||,||,,||,0603,||,||,0621,||,||,0635,,||,||,||,0655,,||,||,||,0713,||,||,0725,||,,||,||,0739,||,0748,,||,||,0803,||,,||,||,0827,||,0837,,||,||,0858,,||,||,0920,||,||,||,||,0952,,||,||,||,1009,||,||,||,,1028,||,||,1055,||,,||,1124,||,||,,||,1157,||,||,1224,||,,||,||,||,||,1257,||,||,,1324,||,||,||,1357,||,,||,1424,||,||,,||,1457,||,||,1524,||,,||,||,1557,||,,||,1621,,||,||,||,||,1646,,||,,||,||,||,||,1720,||,||,||,1737,,||,||,1803,||,||,,1822,||,1838,||,,||,1858,||,||,1927,11月30日まで・但し、土曜・休日を除くはこの時刻に変更__1928_11月30日まで・但し、土曜・休日を除くはこの時刻に変更_,12月1・4～8・11～15・18～22・25～29日・1月4・5・9～12・15～19・22～26・29日～2月2・5～9・13～16・19～22・26～29日はこの時刻に変更__1928_12月1・4～8・11～15・18～22・25～29日・1月4・5・9～12・15～19・22～26・29日～2月2・5～9・13～16・19～22・26～29日はこの時刻に変更_,,||,||,1944,11月30日まで・但し、土曜・休日を除くはこの時刻に変更__1944_11月30日まで・但し、土曜・休日を除くはこの時刻に変更_,12月1・4～8・11～15・18～22・25～29日・1月4・5・9～12・15～19・22～26・29日～2月2・5～9・13～16・19～22・26～29日はこの時刻に変更__1944_12月1・4～8・11～15・18～22・25～29日・1月4・5・9～12・15～19・22～26・29日～2月2・5～9・13～16・19～22・26～29日はこの時刻に変更_,||,||,||,||,2002,11月30日まで・但し、土曜・休日を除くはこの時刻に変更__2002_11月30日まで・但し、土曜・休日を除くはこの時刻に変更_,12月1・4～8・11～15・18～22・25～29日・1月4・5・9～12・15～19・22～26・29日～2月2・5～9・13～16・19～22・26～29日はこの時刻に変更__2002_12月1・4～8・11～15・18～22・25～29日・1月4・5・9～12・15～19・22～26・29日～2月2・5～9・13～16・19～22・26～29日はこの時刻に変更_,,||,2019,||,||,2035,,||,||,2052,||,||,2109,,||,2126,||,,||,2145,||,||,2203,||,,||,||,2239,,||,||,2304,||,,||,2322,||,2338,||,,2355,0008,||
拝島_拝島,着,0451,,0518,0537,0541,0549,,0558,0605,0609,0619,0624,0627,0633,0637,,0640,0649,0653,0657,,0702,0707,0712,0716,0720,0724,0728,0731,,0735,0739,0742,0747,0750,,0754,0801,0805,0809,,0816,0821,0829,0835,0840,,0846,0854,0900,,0911,0919,0923,0928,0938,0950,2月16日はこの時刻に変更__0950_2月16日はこの時刻に変更_,0954,,1001,1001,1001,1010,1012,11月30日まで・但し、土曜・休日を除くはこの時刻に変更__1012_11月30日まで・但し、土曜・休日を除くはこの時刻に変更_,1023,,1030,1036,1045,1057,1059,,1113,1126,1129,1139,,1151,1159,1203,1215,1226,1229,,1238,1251,11月30日まで・但し、土曜・休日を除くはこの時刻に変更__1254_11月30日まで・但し、土曜・休日を除くはこの時刻に変更_,12月1・4～8・11～15・18～22・25～29日・1月4・5・9～12・15～19・22～26・29日～2月2・5～9・13～16・19～22・26～29日はこの時刻に変更__1254_12月1・4～8・11～15・18～22・25～29日・1月4・5・9～12・15～19・22～26・29日～2月2・5～9・13～16・19～22・26～29日はこの時刻に変更_,1259,1303,1314,,1326,1329,1338,1351,1359,1402,,1414,1426,1429,1438,,1452,1459,1503,1514,1526,1527,,1538,1550,1559,1603,,1615,1622,,1629,1639,12月1・4～8・11～15・18～22・25～29日・1月4・5・9～12・15～19・22～26・29日～2月2・5～9・13～16・19～22・26～29日はこの時刻に変更__1639_12月1・4～8・11～15・18～22・25～29日・1月4・5・9～12・15～19・22～26・29日～2月2・5～9・13～16・19～22・26～29日はこの時刻に変更_,11月30日まで・但し、土曜・休日を除くはこの時刻に変更__1639_11月30日まで・但し、土曜・休日を除くはこの時刻に変更_,1647,,1653,,1705,11月30日まで・但し、土曜・休日を除くはこの時刻に変更__1705_11月30日まで・但し、土曜・休日を除くはこの時刻に変更_,12月1・4～8・11～15・18～22・25～29日・1月4・5・9～12・15～19・22～26・29日～2月2・5～9・13～16・19～22・26～29日はこの時刻に変更__1705_12月1・4～8・11～15・18～22・25～29日・1月4・5・9～12・15～19・22～26・29日～2月2・5～9・13～16・19～22・26～29日はこの時刻に変更_,1716,1723,1730,1730,1730,1740,,1749,1802,1805,1811,1817,,1825,1831,1841,1848,,1858,1901,1911,1922,1929,11月30日まで・但し、土曜・休日を除くはこの時刻に変更__1929_11月30日まで・但し、土曜・休日を除くはこの時刻に変更_,12月1・4～8・11～15・18～22・25～29日・1月4・5・9～12・15～19・22～26・29日～2月2・5～9・13～16・19～22・26～29日はこの時刻に変更__1929_12月1・4～8・11～15・18～22・25～29日・1月4・5・9～12・15～19・22～26・29日～2月2・5～9・13～16・19～22・26～29日はこの時刻に変更_,,1933,1943,1946,11月30日まで・但し、土曜・休日を除くはこの時刻に変更__1947_11月30日まで・但し、土曜・休日を除くはこの時刻に変更_,12月1・4～8・11～15・18～22・25～29日・1月4・5・9～12・15～19・22～26・29日～2月2・5～9・13～16・19～22・26～29日はこの時刻に変更__1947_12月1・4～8・11～15・18～22・25～29日・1月4・5・9～12・15～19・22～26・29日～2月2・5～9・13～16・19～22・26～29日はこの時刻に変更_,1953,11月30日まで・但し、土曜・休日を除くはこの時刻に変更__1953_11月30日まで・但し、土曜・休日を除くはこの時刻に変更_,12月1・4～8・11～15・18～22・25～29日・1月4・5・9～12・15～19・22～26・29日～2月2・5～9・13～16・19～22・26～29日はこの時刻に変更__1953_12月1・4～8・11～15・18～22・25～29日・1月4・5・9～12・15～19・22～26・29日～2月2・5～9・13～16・19～22・26～29日はこの時刻に変更_,2002,2003,11月30日まで・但し、土曜・休日を除くはこの時刻に変更__2003_11月30日まで・但し、土曜・休日を除くはこの時刻に変更_,12月1・4～8・11～15・18～22・25～29日・1月4・5・9～12・15～19・22～26・29日～2月2・5～9・13～16・19～22・26～29日はこの時刻に変更__2003_12月1・4～8・11～15・18～22・25～29日・1月4・5・9～12・15～19・22～26・29日～2月2・5～9・13～16・19～22・26～29日はこの時刻に変更_,,2010,2020,2024,2032,2037,,2040,2048,2053,2056,2105,2111,,2114,2127,2133,,2144,2148,2153,2203,2205,2212,,2218,2233,2241,,2250,2300,2306,2310,,2322,2324,2335,2340,2343,,2357,0010,0015
拝島_拝島,発,0452,0508,0518,0538,0545,0549,,0559,0606,0609,0620,0624,0627,0636,0639,,0642,0650,0654,0658,,0702,0708,0713,0717,0720,0724,0728,0732,,0735,0739,0744,0747,0750,,0756,0802,0806,0811,,0816,0823,0830,0836,0842,,0848,0855,0900,,0912,0919,0924,0928,0939,0950,2月16日はこの時刻に変更__0950_2月16日はこの時刻に変更_,0955,,1001,1001,1001,,1012,11月30日まで・但し、土曜・休日を除くはこの時刻に変更__1013_11月30日まで・但し、土曜・休日を除くはこの時刻に変更_,1026,,,1036,1046,,1100,,1113,,1132,1143,,1152,,1203,1215,,1232,,1239,1252,11月30日まで・但し、土曜・休日を除くはこの時刻に変更__1254_11月30日まで・但し、土曜・休日を除くはこの時刻に変更_,12月1・4～8・11～15・18～22・25～29日・1月4・5・9～12・15～19・22～26・29日～2月2・5～9・13～16・19～22・26～29日はこの時刻に変更__1254_12月1・4～8・11～15・18～22・25～29日・1月4・5・9～12・15～19・22～26・29日～2月2・5～9・13～16・19～22・26～29日はこの時刻に変更_,,1303,1314,,,1329,1339,1352,,1403,,1414,,1432,1439,,1453,,1503,1514,,1528,,1538,1551,,1603,,1616,,1625,1630,1640,12月1・4～8・11～15・18～22・25～29日・1月4・5・9～12・15～19・22～26・29日～2月2・5～9・13～16・19～22・26～29日はこの時刻に変更__1640_12月1・4～8・11～15・18～22・25～29日・1月4・5・9～12・15～19・22～26・29日～2月2・5～9・13～16・19～22・26～29日はこの時刻に変更_,11月30日まで・但し、土曜・休日を除くはこの時刻に変更__1640_11月30日まで・但し、土曜・休日を除くはこの時刻に変更_,,1650,1655,,1707,11月30日まで・但し、土曜・休日を除くはこの時刻に変更__1710_11月30日まで・但し、土曜・休日を除くはこの時刻に変更_,12月1・4～8・11～15・18～22・25～29日・1月4・5・9～12・15～19・22～26・29日～2月2・5～9・13～16・19～22・26～29日はこの時刻に変更__1710_12月1・4～8・11～15・18～22・25～29日・1月4・5・9～12・15～19・22～26・29日～2月2・5～9・13～16・19～22・26～29日はこの時刻に変更_,1717,1724,1734,1734,1734,1740,,1752,1802,1806,1812,1818,,1825,1833,1841,1849,,1858,1905,1914,1923,,,,,1935,1943,,,,1954,11月30日まで・但し、土曜・休日を除くはこの時刻に変更__1954_11月30日まで・但し、土曜・休日を除くはこの時刻に変更_,12月1・4～8・11～15・18～22・25～29日・1月4・5・9～12・15～19・22～26・29日～2月2・5～9・13～16・19～22・26～29日はこの時刻に変更__1954_12月1・4～8・11～15・18～22・25～29日・1月4・5・9～12・15～19・22～26・29日～2月2・5～9・13～16・19～22・26～29日はこの時刻に変更_,2003,,,,,2010,,2027,2033,,,2041,2049,,2056,2106,2111,,2114,,2135,,2145,2149,2156,2208,,2213,,2224,2234,,,2251,2300,,2310,,2322,,2335,,2344,,2357,,0016
昭島_昭島,発,0455,0511,0521,0541,0548,0552,,0602,0609,0612,0623,0627,0630,レ,0642,,0645,0653,0657,0701,,0705,0711,0716,0720,0723,0728,0732,0735,,0739,0742,0747,0751,0754,,0759,0805,0809,0814,,0820,0827,0833,0839,0846,,0852,0858,0903,,0915,0922,0927,0931,0942,0953,2月16日はこの時刻に変更__0953_2月16日はこの時刻に変更_,0958,,1004,1004,1004,,1015,11月30日まで・但し、土曜・休日を除くはこの時刻に変更__1016_11月30日まで・但し、土曜・休日を除くはこの時刻に変更_,1029,,,1039,1049,,1103,,1116,,1135,1146,,1155,,1206,1218,,1235,,1242,1255,11月30日まで・但し、土曜・休日を除くはこの時刻に変更__1257_11月30日まで・但し、土曜・休日を除くはこの時刻に変更_,12月1・4～8・11～15・18～22・25～29日・1月4・5・9～12・15～19・22～26・29日～2月2・5～9・13～16・19～22・26～29日はこの時刻に変更__1257_12月1・4～8・11～15・18～22・25～29日・1月4・5・9～12・15～19・22～26・29日～2月2・5～9・13～16・19～22・26～29日はこの時刻に変更_,,1306,1317,,,1332,1342,1355,,1406,,1417,,1435,1442,,1456,,1506,1517,,1531,,1541,1554,,1606,,1619,,1628,1633,1643,12月1・4～8・11～15・18～22・25～29日・1月4・5・9～12・15～19・22～26・29日～2月2・5～9・13～16・19～22・26～29日はこの時刻に変更__1643_12月1・4～8・11～15・18～22・25～29日・1月4・5・9～12・15～19・22～26・29日～2月2・5～9・13～16・19～22・26～29日はこの時刻に変更_,11月30日まで・但し、土曜・休日を除くはこの時刻に変更__1643_11月30日まで・但し、土曜・休日を除くはこの時刻に変更_,,1653,1658,,1710,11月30日まで・但し、土曜・休日を除くはこの時刻に変更__1713_11月30日まで・但し、土曜・休日を除くはこの時刻に変更_,12月1・4～8・11～15・18～22・25～29日・1月4・5・9～12・15～19・22～26・29日～2月2・5～9・13～16・19～22・26～29日はこの時刻に変更__1713_12月1・4～8・11～15・18～22・25～29日・1月4・5・9～12・15～19・22～26・29日～2月2・5～9・13～16・19～22・26～29日はこの時刻に変更_,1720,1727,1737,1737,1737,1743,,1755,1805,1809,1815,1821,,1828,1836,1844,1852,,1901,1908,1917,1926,,,,,1938,1946,,,,1957,11月30日まで・但し、土曜・休日を除くはこの時刻に変更__1957_11月30日まで・但し、土曜・休日を除くはこの時刻に変更_,12月1・4～8・11～15・18～22・25～29日・1月4・5・9～12・15～19・22～26・29日～2月2・5～9・13～16・19～22・26～29日はこの時刻に変更__1957_12月1・4～8・11～15・18～22・25～29日・1月4・5・9～12・15～19・22～26・29日～2月2・5～9・13～16・19～22・26～29日はこの時刻に変更_,2006,,,,,2013,,2030,2036,,,2044,2052,,2059,2109,2114,,2117,,2138,,2148,2152,2159,2211,,2216,,2227,2237,,,2254,2303,,2313,,2325,,2338,,2347,,0000,,0019
中神_中神,発,0457,0513,0523,0543,0551,0554,,0604,0611,0614,0625,0629,0633,レ,0644,,0647,0655,0659,0704,,0708,0714,0719,0723,0726,0730,0734,0738,,0741,0745,0750,0753,0756,,0802,0808,0812,0817,,0822,0829,0836,0842,0848,,0854,0900,0905,,0917,0925,0929,0933,0944,0955,2月16日はこの時刻に変更__0955_2月16日はこの時刻に変更_,1000,,1007,1007,1007,,1018,11月30日まで・但し、土曜・休日を除くはこの時刻に変更__1018_11月30日まで・但し、土曜・休日を除くはこの時刻に変更_,1031,,,1041,1051,,1105,,1118,,1137,1148,,1157,,1208,1220,,1237,,1244,1257,11月30日まで・但し、土曜・休日を除くはこの時刻に変更__1259_11月30日まで・但し、土曜・休日を除くはこの時刻に変更_,12月1・4～8・11～15・18～22・25～29日・1月4・5・9～12・15～19・22～26・29日～2月2・5～9・13～16・19～22・26～29日はこの時刻に変更__1259_12月1・4～8・11～15・18～22・25～29日・1月4・5・9～12・15～19・22～26・29日～2月2・5～9・13～16・19～22・26～29日はこの時刻に変更_,,1308,1319,,,1334,1344,1357,,1408,,1419,,1437,1444,,1458,,1508,1519,,1533,,1543,1556,,1608,,1621,,1630,1635,1645,12月1・4～8・11～15・18～22・25～29日・1月4・5・9～12・15～19・22～26・29日～2月2・5～9・13～16・19～22・26～29日はこの時刻に変更__1645_12月1・4～8・11～15・18～22・25～29日・1月4・5・9～12・15～19・22～26・29日～2月2・5～9・13～16・19～22・26～29日はこの時刻に変更_,11月30日まで・但し、土曜・休日を除くはこの時刻に変更__1645_11月30日まで・但し、土曜・休日を除くはこの時刻に変更_,,1655,1700,,1712,11月30日まで・但し、土曜・休日を除くはこの時刻に変更__1715_11月30日まで・但し、土曜・休日を除くはこの時刻に変更_,12月1・4～8・11～15・18～22・25～29日・1月4・5・9～12・15～19・22～26・29日～2月2・5～9・13～16・19～22・26～29日はこの時刻に変更__1715_12月1・4～8・11～15・18～22・25～29日・1月4・5・9～12・15～19・22～26・29日～2月2・5～9・13～16・19～22・26～29日はこの時刻に変更_,1722,1729,1739,1739,1739,1745,,1757,1807,1811,1817,1824,,1830,1838,1846,1855,,1903,1910,1920,1928,,,,,1940,1948,,,,1959,11月30日まで・但し、土曜・休日を除くはこの時刻に変更__1959_11月30日まで・但し、土曜・休日を除くはこの時刻に変更_,12月1・4～8・11～15・18～22・25～29日・1月4・5・9～12・15～19・22～26・29日～2月2・5～9・13～16・19～22・26～29日はこの時刻に変更__1959_12月1・4～8・11～15・18～22・25～29日・1月4・5・9～12・15～19・22～26・29日～2月2・5～9・13～16・19～22・26～29日はこの時刻に変更_,2008,,,,,2015,,2032,2038,,,2046,2054,,2102,2111,2116,,2119,,2140,,2150,2154,2201,2213,,2218,,2229,2239,,,2256,2306,,2316,,2327,,2340,,2349,,0002,,0021
東中神_東中神,発,0458,0514,0525,0544,0552,0556,,0606,0613,0616,0626,0631,0634,レ,0645,,0649,0657,0701,0705,,0710,0715,0721,0725,0728,0732,0736,0740,,0743,0747,0752,0755,0758,,0803,0810,0814,0818,,0824,0831,0838,0843,0850,,0856,0901,0907,,0919,0926,0931,0935,0945,0957,2月16日はこの時刻に変更__0957_2月16日はこの時刻に変更_,1002,,1008,1008,1008,,1019,11月30日まで・但し、土曜・休日を除くはこの時刻に変更__1019_11月30日まで・但し、土曜・休日を除くはこの時刻に変更_,1033,,,1043,1053,,1107,,1120,,1139,1150,,1159,,1210,1222,,1239,,1245,1259,11月30日まで・但し、土曜・休日を除くはこの時刻に変更__1301_11月30日まで・但し、土曜・休日を除くはこの時刻に変更_,12月1・4～8・11～15・18～22・25～29日・1月4・5・9～12・15～19・22～26・29日～2月2・5～9・13～16・19～22・26～29日はこの時刻に変更__1301_12月1・4～8・11～15・18～22・25～29日・1月4・5・9～12・15～19・22～26・29日～2月2・5～9・13～16・19～22・26～29日はこの時刻に変更_,,1310,1321,,,1336,1345,1359,,1410,,1421,,1439,1445,,1500,,1510,1521,,1535,,1545,1557,,1610,,1622,,1632,1637,1647,12月1・4～8・11～15・18～22・25～29日・1月4・5・9～12・15～19・22～26・29日～2月2・5～9・13～16・19～22・26～29日はこの時刻に変更__1647_12月1・4～8・11～15・18～22・25～29日・1月4・5・9～12・15～19・22～26・29日～2月2・5～9・13～16・19～22・26～29日はこの時刻に変更_,11月30日まで・但し、土曜・休日を除くはこの時刻に変更__1647_11月30日まで・但し、土曜・休日を除くはこの時刻に変更_,,1657,1702,,1714,11月30日まで・但し、土曜・休日を除くはこの時刻に変更__1716_11月30日まで・但し、土曜・休日を除くはこの時刻に変更_,12月1・4～8・11～15・18～22・25～29日・1月4・5・9～12・15～19・22～26・29日～2月2・5～9・13～16・19～22・26～29日はこの時刻に変更__1716_12月1・4～8・11～15・18～22・25～29日・1月4・5・9～12・15～19・22～26・29日～2月2・5～9・13～16・19～22・26～29日はこの時刻に変更_,1724,1731,1741,1741,1741,1747,,1759,1809,1813,1818,1825,,1832,1840,1848,1856,,1905,1912,1921,1929,,,,,1942,1950,,,,2000,11月30日まで・但し、土曜・休日を除くはこの時刻に変更__2000_11月30日まで・但し、土曜・休日を除くはこの時刻に変更_,12月1・4～8・11～15・18～22・25～29日・1月4・5・9～12・15～19・22～26・29日～2月2・5～9・13～16・19～22・26～29日はこの時刻に変更__2000_12月1・4～8・11～15・18～22・25～29日・1月4・5・9～12・15～19・22～26・29日～2月2・5～9・13～16・19～22・26～29日はこの時刻に変更_,2010,,,,,2017,,2034,2040,,,2048,2055,,2103,2113,2118,,2121,,2142,,2152,2156,2203,2214,,2220,,2231,2240,,,2258,2307,,2317,,2329,,2342,,2350,,0004,,0023
西立川_西立川,発,0500,0516,0527,0546,0554,0558,,0607,0615,0618,0628,0632,0636,レ,0647,,0650,0700,0703,0707,,0712,0717,0723,0727,0730,0734,0738,0742,,0745,0750,0754,0757,0800,,0805,0812,0816,0820,,0826,0833,0840,0845,0852,,0900,0903,0909,,0920,0928,0932,0937,0947,0959,2月16日はこの時刻に変更__1000_2月16日はこの時刻に変更_,1003,,1010,1010,1010,,1021,11月30日まで・但し、土曜・休日を除くはこの時刻に変更__1021_11月30日まで・但し、土曜・休日を除くはこの時刻に変更_,1035,,,1045,1054,,1108,,1121,,1141,1151,,1200,,1212,1224,,1241,,1247,1300,11月30日まで・但し、土曜・休日を除くはこの時刻に変更__1303_11月30日まで・但し、土曜・休日を除くはこの時刻に変更_,12月1・4～8・11～15・18～22・25～29日・1月4・5・9～12・15～19・22～26・29日～2月2・5～9・13～16・19～22・26～29日はこの時刻に変更__1303_12月1・4～8・11～15・18～22・25～29日・1月4・5・9～12・15～19・22～26・29日～2月2・5～9・13～16・19～22・26～29日はこの時刻に変更_,,1312,1322,,,1338,1347,1400,,1411,,1423,,1441,1447,,1501,,1511,1523,,1537,,1546,1559,,1612,,1624,,1634,1639,1649,12月1・4～8・11～15・18～22・25～29日・1月4・5・9～12・15～19・22～26・29日～2月2・5～9・13～16・19～22・26～29日はこの時刻に変更__1649_12月1・4～8・11～15・18～22・25～29日・1月4・5・9～12・15～19・22～26・29日～2月2・5～9・13～16・19～22・26～29日はこの時刻に変更_,11月30日まで・但し、土曜・休日を除くはこの時刻に変更__1649_11月30日まで・但し、土曜・休日を除くはこの時刻に変更_,,1658,1704,,1716,11月30日まで・但し、土曜・休日を除くはこの時刻に変更__1718_11月30日まで・但し、土曜・休日を除くはこの時刻に変更_,12月1・4～8・11～15・18～22・25～29日・1月4・5・9～12・15～19・22～26・29日～2月2・5～9・13～16・19～22・26～29日はこの時刻に変更__1718_12月1・4～8・11～15・18～22・25～29日・1月4・5・9～12・15～19・22～26・29日～2月2・5～9・13～16・19～22・26～29日はこの時刻に変更_,1725,1732,1742,1742,1742,1749,,1800,1811,1815,1820,1827,,1833,1842,1849,1858,,1906,1913,1923,1931,,,,,1944,1951,,,,2002,11月30日まで・但し、土曜・休日を除くはこの時刻に変更__2002_11月30日まで・但し、土曜・休日を除くはこの時刻に変更_,12月1・4～8・11～15・18～22・25～29日・1月4・5・9～12・15～19・22～26・29日～2月2・5～9・13～16・19～22・26～29日はこの時刻に変更__2002_12月1・4～8・11～15・18～22・25～29日・1月4・5・9～12・15～19・22～26・29日～2月2・5～9・13～16・19～22・26～29日はこの時刻に変更_,2012,,,,,2019,,2036,2042,,,2049,2057,,2105,2115,2120,,2123,,2143,,2153,2158,2205,2216,,2221,,2232,2242,,,2300,2309,,2319,,2331,,2344,,2352,,0006,,0024
立川_立川,着,0503,0519,0530,0549,0557,0601,,0610,0618,0621,0631,0635,0639,0645,0650,,0654,0703,0706,0711,,0715,0721,0726,0730,0733,0738,0741,0745,,0748,0754,0757,0800,0803,,0809,0815,0819,0824,,0829,0837,0843,0849,0855,,0903,0906,0912,,0923,0931,0935,0940,0950,1002,2月16日はこの時刻に変更__1003_2月16日はこの時刻に変更_,1006,,1013,12月1・4～8・11～15・18～22・25～29日・1月4・5・9～12・15～19・22～26・29日～2月2・5～9・13～16・19～22・26～29日はこの時刻に変更__1013_12月1・4～8・11～15・18～22・25～29日・1月4・5・9～12・15～19・22～26・29日～2月2・5～9・13～16・19～22・26～29日はこの時刻に変更_,11月30日まで・但し、土曜・休日を除くはこの時刻に変更__1013_11月30日まで・但し、土曜・休日を除くはこの時刻に変更_,,1024,11月30日まで・但し、土曜・休日を除くはこの時刻に変更__1024_11月30日まで・但し、土曜・休日を除くはこの時刻に変更_,1038,,,1048,1057,,1111,,1124,,1144,1154,,1203,,1215,1227,,1244,,1250,1303,11月30日まで・但し、土曜・休日を除くはこの時刻に変更__1306_11月30日まで・但し、土曜・休日を除くはこの時刻に変更_,12月1・4～8・11～15・18～22・25～29日・1月4・5・9～12・15～19・22～26・29日～2月2・5～9・13～16・19～22・26～29日はこの時刻に変更__1306_12月1・4～8・11～15・18～22・25～29日・1月4・5・9～12・15～19・22～26・29日～2月2・5～9・13～16・19～22・26～29日はこの時刻に変更_,,1315,1325,,,1341,1350,1403,,1414,,1426,,1444,1450,,1504,,1514,1526,,1540,,1549,1602,,1615,,1627,,1637,1642,1652,12月1・4～8・11～15・18～22・25～29日・1月4・5・9～12・15～19・22～26・29日～2月2・5～9・13～16・19～22・26～29日はこの時刻に変更__1652_12月1・4～8・11～15・18～22・25～29日・1月4・5・9～12・15～19・22～26・29日～2月2・5～9・13～16・19～22・26～29日はこの時刻に変更_,11月30日まで・但し、土曜・休日を除くはこの時刻に変更__1652_11月30日まで・但し、土曜・休日を除くはこの時刻に変更_,,1701,1707,,1719,11月30日まで・但し、土曜・休日を除くはこの時刻に変更__1721_11月30日まで・但し、土曜・休日を除くはこの時刻に変更_,12月1・4～8・11～15・18～22・25～29日・1月4・5・9～12・15～19・22～26・29日～2月2・5～9・13～16・19～22・26～29日はこの時刻に変更__1721_12月1・4～8・11～15・18～22・25～29日・1月4・5・9～12・15～19・22～26・29日～2月2・5～9・13～16・19～22・26～29日はこの時刻に変更_,1728,1735,1746,11月30日まで・但し、土曜・休日を除くはこの時刻に変更__1746_11月30日まで・但し、土曜・休日を除くはこの時刻に変更_,12月1・4～8・11～15・18～22・25～29日・1月4・5・9～12・15～19・22～26・29日～2月2・5～9・13～16・19～22・26～29日はこの時刻に変更__1746_12月1・4～8・11～15・18～22・25～29日・1月4・5・9～12・15～19・22～26・29日～2月2・5～9・13～16・19～22・26～29日はこの時刻に変更_,1752,,1803,1814,1818,1823,1830,,1836,1845,1853,1901,,1910,1917,1926,1934,,,,,1947,1955,,,,2005,11月30日まで・但し、土曜・休日を除くはこの時刻に変更__2005_11月30日まで・但し、土曜・休日を除くはこの時刻に変更_,12月1・4～8・11～15・18～22・25～29日・1月4・5・9～12・15～19・22～26・29日～2月2・5～9・13～16・19～22・26～29日はこの時刻に変更__2005_12月1・4～8・11～15・18～22・25～29日・1月4・5・9～12・15～19・22～26・29日～2月2・5～9・13～16・19～22・26～29日はこの時刻に変更_,2015,,,,,2022,,2039,2045,,,2053,2100,,2108,2118,2123,,2126,,2147,,2156,2201,2208,2219,,2224,,2236,2245,,,2303,2312,,2322,,2334,,2347,,2355,,0009,,0027
終着,,東京_0553_東京_0553,___,___,___,東京_0658_東京_0658,___,___,東京_0654_東京_0654,___,東京_0725_東京_0725,___,___,東京_0738_東京_0738,東京_0732_東京_0732,___,___,東京_0751_東京_0751,東京_0801_東京_0801,東京_0756_東京_0756,___,___,東京_0815_東京_0815,___,東京_0824_東京_0824,___,東京_0830_東京_0830,東京_0835_東京_0835,___,東京_0842_東京_0842,___,___,東京_0850_東京_0850,___,東京_0859_東京_0859,___,___,___,東京_0912_東京_0912,___,東京_0914_東京_0914,___,___,東京_0936_東京_0936,___,東京_0949_東京_0949,___,___,東京_0957_東京_0957,___,___,___,___,東京_1027_東京_1027,___,___,東京_1052_東京_1052,東京_1048_東京_1048,東京_1048_東京_1048,___,___,東京_1109_東京_1109,東京_1109_東京_1109,東京_1109_東京_1109,___,___,___,東京_1136_東京_1136,___,___,東京_1145_東京_1145,___,___,東京_1152_東京_1152,___,東京_1221_東京_1221,___,___,東京_1249_東京_1249,___,東京_1257_東京_1257,___,東京_1314_東京_1314,東京_1308_東京_1308,___,___,___,東京_1348_東京_1348,___,___,___,___,東京_1411_東京_1411,東京_1408_東京_1408,___,___,東京_1439_東京_1439,東京_1457_東京_1457,___,___,東京_1512_東京_1512,___,東京_1507_東京_1507,___,___,東京_1555_東京_1555,___,東京_1602_東京_1602,___,東京_1612_東京_1612,東京_1606_東京_1606,___,___,___,東京_1650_東京_1650,___,___,東京_1710_東京_1710,___,東京_1722_東京_1722,___,___,東京_1736_東京_1736,東京_1748_東京_1748,東京_1748_東京_1748,東京_1748_東京_1748,___,___,___,___,東京_1818_東京_1818,東京_1818_東京_1818,東京_1818_東京_1818,___,___,東京_1839_東京_1839,東京_1839_東京_1839,東京_1839_東京_1839,___,___,東京_1903_東京_1903,東京_1910_東京_1910,___,東京_1919_東京_1919,___,___,___,東京_1929_東京_1929,___,東京_1954_東京_1954,___,___,___,東京_2020_東京_2020,東京_2028_東京_2028,___,___,___,___,東京_2043_東京_2043,___,___,___,___,東京_2058_東京_2058,東京_2058_東京_2058,東京_2058_東京_2058,東京_2107_東京_2107,___,___,___,___,東京_2120_東京_2120,___,東京_2133_東京_2133,___,___,___,___,東京_2157_東京_2157,___,___,東京_2211_東京_2211,___,___,東京_2220_東京_2220,___,東京_2241_東京_2241,___,東京_2247_東京_2247,___,___,東京_2316_東京_2316,___,___,___,東京_2333_東京_2333,___,___,___,武蔵小金井_2315_武蔵小金井_2315,三鷹_2331_三鷹_2331,___,___,___,___,___,___,___,___,___,___,___,___
次の区間,,↓,,,,↓,,,↓,,↓,,,↓,↓,,,↓,↓,↓,,,↓,,↓,,↓,↓,,↓,,,↓,,↓,,,,↓,,↓,,,↓,,↓,,,↓,,,,,↓,,,↓,↓,↓,,,↓,↓,↓,,,,↓,,,↓,,,↓,,↓,,,↓,,↓,,↓,↓,,,,↓,,,,,↓,↓,,,↓,↓,,,↓,,↓,,,↓,,↓,,↓,↓,,,,↓,,,↓,,↓,,,↓,↓,↓,↓,,,,,↓,↓,↓,,,↓,↓,↓,,,↓,↓,,↓,,,,↓,,↓,,,,↓,↓,,,,,↓,,,,,↓,↓,↓,↓,,,,,↓,,↓,,,,,↓,,,↓,,,↓,,↓,,↓,,,↓,,,,↓,,,,↓,↓,,,,,,,,,,,,
