列車番号,,1420M,3572F,572F,573S,1422M,1320M,3504F,504F,505S,322M,3666F,666F,667S,4002M,1424M,3686F,686F,687S,426M,3690F,690F,691S,4004M,3722F,722F,723S,324M,2520M,3730F,730F,3662F,662F,663S,326M,428M,3712F,712F,713S,1328M,3764F,764F,330M,2002M,2202M,430M,332M,1432M,2434M,3718F,718F,719S,2004M,2204M,334M,4006M,436M,1438M,2006M,2206M,336M,3528M,3936F,936F,937S,1338M,2008M,2208M,440M,2010M,2210M,1340M,3984F,984F,985S,2012M,2212M,342M,442M,2014M,2214M,344M,4042F,1042F,1043S,2016M,2216M,1346M,444M,2018M,2218M,348M,2446M,4008M,4146F,1146F,1147S,2020M,2220M,1350M,1448M,2022M,2222M,352M,4214F,1214F,1215S,2024M,2224M,1354M,450M,2026M,2226M,356M,2452M,4010M,4326F,1326F,1327S,2028M,2228M,1358M,1454M,2030M,2230M,360M,4482F,1482F,1483S,2032M,2232M,1362M,456M,2034M,2234M,364M,4516F,1516F,1517S,2036M,2236M,1366M,458M,1460M,2038M,2238M,368M,4652F,1652F,1653S,2040M,2240M,1370M,2462M,4012M,1464M,2042M,372M,4706F,1706F,1707S,2044M,2244M,1374M,466M,1376M,4862F,1862F,1863S,2046M,2246M,378M,2468M,4940F,1940F,2048M,2248M,1380M,4014M,1470M,4926F,1926F,1927S,382M,472M,2384M,2050M,2250M,1386M,5028F,2028F,1388M,1474M,5082F,2082F,2083S,2390M,2052M,2252M,392M,476M,5186F,2186F,1394M,1478M,2054M,2254M,396M,5204F,2204F,2205S,1398M,480M,3320M,5260F,2260F,2482M,3322M,5368F
列車名_列車名,,普通_普通,快速_快速,快速_快速,普通_普通,普通_普通,普通_普通,快速_快速,快速_快速,普通_普通,普通_普通,快速_快速,快速_快速,普通_普通,特急 しおさい2号_特急 しおさい2号,普通_普通,快速_快速,快速_快速,普通_普通,普通_普通,快速_快速,快速_快速,普通_普通,特急 しおさい4号_特急 しおさい4号,快速_快速,快速_快速,普通_普通,普通_普通,普通_普通,快速_快速,快速_快速,快速_快速,快速_快速,普通_普通,普通_普通,普通_普通,快速_快速,快速_快速,普通_普通,普通_普通,快速_快速,快速_快速,普通_普通,特急 成田エクスプレス2号_特急 成田エクスプレス2号,特急 成田エクスプレス2号_特急 成田エクスプレス2号,普通_普通,普通_普通,普通_普通,普通_普通,快速_快速,快速_快速,普通_普通,特急 成田エクスプレス4号_特急 成田エクスプレス4号,特急 成田エクスプレス4号_特急 成田エクスプレス4号,普通_普通,特急 しおさい6号_特急 しおさい6号,普通_普通,普通_普通,特急 成田エクスプレス6号_特急 成田エクスプレス6号,特急 成田エクスプレス6号_特急 成田エクスプレス6号,普通_普通,普通_普通,快速_快速,快速_快速,普通_普通,普通_普通,特急 成田エクスプレス8号_特急 成田エクスプレス8号,特急 成田エクスプレス8号_特急 成田エクスプレス8号,普通_普通,特急 成田エクスプレス10号_特急 成田エクスプレス10号,特急 成田エクスプレス10号_特急 成田エクスプレス10号,普通_普通,快速_快速,快速_快速,普通_普通,特急 成田エクスプレス12号_特急 成田エクスプレス12号,特急 成田エクスプレス12号_特急 成田エクスプレス12号,普通_普通,普通_普通,特急 成田エクスプレス14号_特急 成田エクスプレス14号,特急 成田エクスプレス14号_特急 成田エクスプレス14号,普通_普通,快速_快速,快速_快速,普通_普通,特急 成田エクスプレス16号_特急 成田エクスプレス16号,特急 成田エクスプレス16号_特急 成田エクスプレス16号,普通_普通,普通_普通,特急 成田エクスプレス18号_特急 成田エクスプレス18号,特急 成田エクスプレス18号_特急 成田エクスプレス18号,普通_普通,普通_普通,特急 しおさい8号_特急 しおさい8号,快速_快速,快速_快速,普通_普通,特急 成田エクスプレス20号_特急 成田エクスプレス20号,特急 成田エクスプレス20号_特急 成田エクスプレス20号,普通_普通,普通_普通,特急 成田エクスプレス22号_特急 成田エクスプレス22号,特急 成田エクスプレス22号_特急 成田エクスプレス22号,普通_普通,快速_快速,快速_快速,普通_普通,特急 成田エクスプレス24号_特急 成田エクスプレス24号,特急 成田エクスプレス24号_特急 成田エクスプレス24号,普通_普通,普通_普通,特急 成田エクスプレス26号_特急 成田エクスプレス26号,特急 成田エクスプレス26号_特急 成田エクスプレス26号,普通_普通,普通_普通,特急 しおさい10号_特急 しおさい10号,快速_快速,快速_快速,普通_普通,特急 成田エクスプレス28号_特急 成田エクスプレス28号,特急 成田エクスプレス28号_特急 成田エクスプレス28号,普通_普通,普通_普通,特急 成田エクスプレス30号_特急 成田エクスプレス30号,特急 成田エクスプレス30号_特急 成田エクスプレス30号,普通_普通,快速_快速,快速_快速,普通_普通,特急 成田エクスプレス32号_特急 成田エクスプレス32号,特急 成田エクスプレス32号_特急 成田エクスプレス32号,普通_普通,普通_普通,特急 成田エクスプレス34号_特急 成田エクスプレス34号,特急 成田エクスプレス34号_特急 成田エクスプレス34号,普通_普通,快速_快速,快速_快速,普通_普通,特急 成田エクスプレス36号_特急 成田エクスプレス36号,特急 成田エクスプレス36号_特急 成田エクスプレス36号,普通_普通,普通_普通,普通_普通,特急 成田エクスプレス38号_特急 成田エクスプレス38号,特急 成田エクスプレス38号_特急 成田エクスプレス38号,普通_普通,快速_快速,快速_快速,普通_普通,特急 成田エクスプレス40号_特急 成田エクスプレス40号,特急 成田エクスプレス40号_特急 成田エクスプレス40号,普通_普通,普通_普通,特急 しおさい12号_特急 しおさい12号,普通_普通,特急 成田エクスプレス42号_特急 成田エクスプレス42号,普通_普通,快速_快速,快速_快速,普通_普通,特急 成田エクスプレス44号_特急 成田エクスプレス44号,特急 成田エクスプレス44号_特急 成田エクスプレス44号,普通_普通,普通_普通,普通_普通,快速_快速,快速_快速,普通_普通,特急 成田エクスプレス46号_特急 成田エクスプレス46号,特急 成田エクスプレス46号_特急 成田エクスプレス46号,普通_普通,普通_普通,快速_快速,快速_快速,特急 成田エクスプレス48号_特急 成田エクスプレス48号,特急 成田エクスプレス48号_特急 成田エクスプレス48号,普通_普通,特急 しおさい14号_特急 しおさい14号,普通_普通,快速_快速,快速_快速,普通_普通,普通_普通,普通_普通,普通_普通,特急 成田エクスプレス50号_特急 成田エクスプレス50号,特急 成田エクスプレス50号_特急 成田エクスプレス50号,普通_普通,快速_快速,快速_快速,普通_普通,普通_普通,快速_快速,快速_快速,普通_普通,普通_普通,特急 成田エクスプレス52号_特急 成田エクスプレス52号,特急 成田エクスプレス52号_特急 成田エクスプレス52号,普通_普通,普通_普通,快速_快速,快速_快速,普通_普通,普通_普通,特急 成田エクスプレス54号_特急 成田エクスプレス54号,特急 成田エクスプレス54号_特急 成田エクスプレス54号,普通_普通,快速_快速,快速_快速,普通_普通,普通_普通,普通_普通,普通_普通,快速_快速,快速_快速,普通_普通,普通_普通,快速_快速
設備,,_,グリーン車自由席___,グリーン車自由席___,グリーン車自由席___,_,_,グリーン車自由席___,グリーン車自由席___,グリーン車自由席___,_,グリーン車自由席___,グリーン車自由席___,グリーン車自由席___,グリーン車指定席_普通車一部指定席____,_,グリーン車自由席___,グリーン車自由席___,グリーン車自由席___,_,グリーン車自由席___,グリーン車自由席___,グリーン車自由席___,普通車一部指定席___,グリーン車自由席___,グリーン車自由席___,グリーン車自由席___,_,_,グリーン車自由席___,グリーン車自由席___,グリーン車自由席___,グリーン車自由席___,グリーン車自由席___,_,_,グリーン車自由席___,グリーン車自由席___,グリーン車自由席___,_,グリーン車自由席___,グリーン車自由席___,_,グリーン車指定席_普通車全車指定席____,グリーン車指定席_普通車全車指定席____,_,_,_,_,グリーン車自由席___,グリーン車自由席___,グリーン車自由席___,グリーン車指定席_普通車全車指定席____,グリーン車指定席_普通車全車指定席____,_,グリーン車指定席_普通車一部指定席____,_,_,グリーン車指定席_普通車全車指定席____,グリーン車指定席_普通車全車指定席____,_,_,グリーン車自由席___,グリーン車自由席___,グリーン車自由席___,_,グリーン車指定席_普通車全車指定席____,グリーン車指定席_普通車全車指定席____,_,グリーン車指定席_普通車全車指定席____,グリーン車指定席_普通車全車指定席____,_,グリーン車自由席___,グリーン車自由席___,グリーン車自由席___,グリーン車指定席_普通車全車指定席____,グリーン車指定席_普通車全車指定席____,_,_,グリーン車指定席_普通車全車指定席____,グリーン車指定席_普通車全車指定席____,_,グリーン車自由席___,グリーン車自由席___,グリーン車自由席___,グリーン車指定席_普通車全車指定席____,グリーン車指定席_普通車全車指定席____,_,_,グリーン車指定席_普通車全車指定席____,グリーン車指定席_普通車全車指定席____,_,_,グリーン車指定席_普通車一部指定席____,グリーン車自由席___,グリーン車自由席___,グリーン車自由席___,グリーン車指定席_普通車全車指定席____,グリーン車指定席_普通車全車指定席____,_,_,グリーン車指定席_普通車全車指定席____,グリーン車指定席_普通車全車指定席____,_,グリーン車自由席___,グリーン車自由席___,グリーン車自由席___,グリーン車指定席_普通車全車指定席____,グリーン車指定席_普通車全車指定席____,_,_,グリーン車指定席_普通車全車指定席____,グリーン車指定席_普通車全車指定席____,_,_,グリーン車指定席_普通車一部指定席____,グリーン車自由席___,グリーン車自由席___,グリーン車自由席___,グリーン車指定席_普通車全車指定席____,グリーン車指定席_普通車全車指定席____,_,_,グリーン車指定席_普通車全車指定席____,グリーン車指定席_普通車全車指定席____,_,グリーン車自由席___,グリーン車自由席___,グリーン車自由席___,グリーン車指定席_普通車全車指定席____,グリーン車指定席_普通車全車指定席____,_,_,グリーン車指定席_普通車全車指定席____,グリーン車指定席_普通車全車指定席____,_,グリーン車自由席___,グリーン車自由席___,グリーン車自由席___,グリーン車指定席_普通車全車指定席____,グリーン車指定席_普通車全車指定席____,_,_,_,グリーン車指定席_普通車全車指定席____,グリーン車指定席_普通車全車指定席____,_,グリーン車自由席___,グリーン車自由席___,グリーン車自由席___,グリーン車指定席_普通車全車指定席____,グリーン車指定席_普通車全車指定席____,_,_,グリーン車指定席_普通車一部指定席____,_,グリーン車指定席_普通車全車指定席____,_,グリーン車自由席___,グリーン車自由席___,グリーン車自由席___,グリーン車指定席_普通車全車指定席____,グリーン車指定席_普通車全車指定席____,_,_,_,グリーン車自由席___,グリーン車自由席___,グリーン車自由席___,グリーン車指定席_普通車全車指定席____,グリーン車指定席_普通車全車指定席____,_,_,グリーン車自由席___,グリーン車自由席___,グリーン車指定席_普通車全車指定席____,グリーン車指定席_普通車全車指定席____,_,グリーン車指定席_普通車一部指定席____,_,グリーン車自由席___,グリーン車自由席___,グリーン車自由席___,_,_,_,グリーン車指定席_普通車全車指定席____,グリーン車指定席_普通車全車指定席____,_,グリーン車自由席___,グリーン車自由席___,_,_,グリーン車自由席___,グリーン車自由席___,グリーン車自由席___,_,グリーン車指定席_普通車全車指定席____,グリーン車指定席_普通車全車指定席____,_,_,グリーン車自由席___,グリーン車自由席___,_,_,グリーン車指定席_普通車全車指定席____,グリーン車指定席_普通車全車指定席____,_,グリーン車自由席___,グリーン車自由席___,グリーン車自由席___,_,_,_,グリーン車自由席___,グリーン車自由席___,_,_,グリーン車自由席___
運転日,,全日,全日,平日,平日,全日,全日,全日,平日,平日,全日,全日,平日,平日,全日,全日,全日,平日,平日,全日,全日,平日,平日,平日,平日,平日,平日,全日,全日,全日,平日,全日,平日,平日,全日,全日,全日,平日,平日,全日,平日,平日,全日,平日,平日,全日,全日,全日,全日,平日,平日,平日,全日,平日,全日,平日,全日,全日,全日,全日,全日,全日,平日,平日,平日,全日,全日,全日,全日,全日,全日,全日,平日,平日,平日,全日,全日,全日,全日,全日,全日,全日,平日,平日,平日,全日,全日,全日,全日,全日,全日,全日,全日,全日,平日,平日,平日,全日,全日,全日,全日,全日,全日,全日,全日,全日,全日,全日,全日,全日,全日,全日,全日,全日,全日,全日,全日,平日,平日,全日,全日,全日,全日,全日,全日,全日,全日,全日,平日,全日,全日,全日,全日,全日,全日,全日,全日,平日,平日,全日,全日,全日,全日,全日,全日,全日,全日,全日,平日,平日,全日,全日,全日,全日,平日,全日,全日,全日,平日,平日,平日,全日,全日,全日,全日,全日,平日,平日,平日,全日,全日,全日,全日,平日,平日,全日,全日,全日,平日,全日,平日,平日,平日,全日,全日,全日,全日,平日,全日,全日,平日,全日,全日,全日,平日,全日,全日,全日,平日,全日,全日,平日,平日,全日,全日,全日,全日,全日,全日,平日,全日,全日,全日,全日,全日,全日,全日,全日,全日
記事,,,,,,,,,,,,,,,,,,,,,,,,,,,,,,,,,,,,,,,,,,,,,成田空港－東京間は2002M〔成田エクスプレス2号〕に併結__★_成田空港－東京間は2002M〔成田エクスプレス2号〕に併結_,,,,,,,,,,,,,,,成田空港－東京間は2006M〔成田エクスプレス6号〕に併結__★_成田空港－東京間は2006M〔成田エクスプレス6号〕に併結_,,,,,,,,,,,成田空港－東京間は2010M〔成田エクスプレス10号〕に併結__★_成田空港－東京間は2010M〔成田エクスプレス10号〕に併結_,,,,,,,,,,成田空港－東京間は2014M〔成田エクスプレス14号〕に併結__★_成田空港－東京間は2014M〔成田エクスプレス14号〕に併結_,,,,,,,,,,成田空港－東京間は2018M〔成田エクスプレス18号〕に併結__★_成田空港－東京間は2018M〔成田エクスプレス18号〕に併結_,,,,,,,,,,,,成田空港－東京間は2022M〔成田エクスプレス22号〕に併結__★_成田空港－東京間は2022M〔成田エクスプレス22号〕に併結_,,,,,,,,,,成田空港－東京間は2026M〔成田エクスプレス26号〕に併結__★_成田空港－東京間は2026M〔成田エクスプレス26号〕に併結_,,,,,,,,,,,,成田空港－東京間は2030M〔成田エクスプレス30号〕に併結__★_成田空港－東京間は2030M〔成田エクスプレス30号〕に併結_,,,,,,,,,,成田空港－東京間は2034M〔成田エクスプレス34号〕に併結__★_成田空港－東京間は2034M〔成田エクスプレス34号〕に併結_,,,,,,,,,,,成田空港－東京間は2038M〔成田エクスプレス38号〕に併結__★_成田空港－東京間は2038M〔成田エクスプレス38号〕に併結_,,,,,,成田空港－東京間は2040M〔成田エクスプレス40号〕に併結__★_成田空港－東京間は2040M〔成田エクスプレス40号〕に併結_,,,,,,,,,,,,,,,,,,,成田空港－東京間は2046M〔成田エクスプレス46号〕に併結__★_成田空港－東京間は2046M〔成田エクスプレス46号〕に併結_,,,,,,,,,,,,,,,,,成田空港－東京間は2050M〔成田エクスプレス50号〕に併結__★_成田空港－東京間は2050M〔成田エクスプレス50号〕に併結_,,,,,,,,,佐倉－逗子間は5082Fに併結__★_佐倉－逗子間は5082Fに併結_,,成田空港－東京間は2052M〔成田エクスプレス52号〕に併結__★_成田空港－東京間は2052M〔成田エクスプレス52号〕に併結_,,,,,,,,成田空港－東京間は2054M〔成田エクスプレス54号〕に併結__★_成田空港－東京間は2054M〔成田エクスプレス54号〕に併結_,,,,,,,,,,,,
前の区間,,,,,,,,,,,,,,,,,,,,,,,,,,,,,↑,,,,,,,,,,,,,,,,,,,,,,,,,,,,,,,,,↑,,,,,,,,,,,,,,,,,,,,,,,,,,,,,,,,,,,,,,,,,,,,,,,,,,,,,,,,,,,,,,,,,,,,,,,,,,,,,,,,,,,,,,,,,,,,,,,,,,,,,,,,,,,,,,,,,,,,,,,,,,,,,,,,,,,,,,,,,,,,,,,,,,,,,,,,,,,,,
始発,,___,___,___,___,___,___,___,___,___,___,___,___,___,___,___,___,___,___,___,___,___,___,___,___,___,___,___,鹿島神宮_0602_鹿島神宮_0602,___,___,___,___,___,___,___,___,___,___,___,___,___,___,___,___,___,___,___,___,___,___,___,___,___,___,___,___,___,___,___,___,鹿島神宮_0812_鹿島神宮_0812,___,___,___,___,___,___,___,___,___,___,___,___,___,___,___,___,___,___,___,___,___,___,___,___,___,___,___,___,___,___,___,___,___,___,___,___,___,___,___,___,___,___,___,___,___,___,___,___,___,___,___,___,___,___,___,___,___,___,___,___,___,___,___,___,___,___,___,___,___,___,___,___,___,___,___,___,___,___,___,___,___,___,___,___,___,___,___,___,___,___,___,___,___,___,___,___,___,___,___,___,___,___,___,___,___,___,___,___,___,___,___,___,___,___,___,___,___,___,___,___,___,___,___,___,___,___,___,___,___,___,___,___,___,___,___,___,___,___,___,___,___,___,___,___,___,___,___,___,___,___,___,___,___,___,___,___,___
銚子_銚子,発,,,,,,,,,,0455,,,,,,,,,0508,,,,,,,,0538,・,,,,,,0604,0550,,,,,,,0630,,,0625,0649,,0653,,,,,,0720,0742,0716,,,,0809,・,,,,,,,0823,,,,,,,,,0903,0924,,,0950,,,,,,,1024,,,1044,1110,1121,,,,,,,,,,1147,,,,,,,1208,,,1259,1308,1321,,,,,,,,,,1349,,,,,,,1405,,,1459,,,,,,,1508,,,,1546,,,,,,,1608,1638,,,1644,,,,,,,1709,,,,,,,1737,,,,,,,1836,,,,,1822,1832,1910,,,,,,,,,,,,,,1941,1952,,,,,,,2047,,,,,2131,2152,,,,,
松岸_松岸,発,,,,,,,,,,0459,,,,,,,,,0512,,,,,,,,0542,・,,,,,,0608,0554,,,,,,,0634,,,0629,0653,,0657,,,,,,0724,レ,0721,,,,0813,・,,,,,,,0828,,,,,,,,,0908,0928,,,0955,,,,,,,1028,,,1051,1114,レ,,,,,,,,,,1158,,,,,,,1212,,,1303,1312,レ,,,,,,,,,,1354,,,,,,,1409,,,1503,,,,,,,1512,,,,1554,,,,,,,1612,レ,,,1651,,,,,,,1718,,,,,,,1741,,,,,,,レ,,,,,1831,1838,1914,,,,,,,,,,,,,,1945,1959,,,,,,,2051,,,,,2135,2200,,,,,
猿田_猿田,発,,,,,,,,,,0505,,,,,,,,,||,,,,,,,,0547,・,,,,,,0613,||,,,,,,,0639,,,||,0703,,||,,,,,,0729,レ,||,,,,0818,・,,,,,,,||,,,,,,,,,0913,||,,,1005,,,,,,,||,,,1056,||,レ,,,,,,,,,,1203,,,,,,,||,,,1308,||,レ,,,,,,,,,,1359,,,,,,,||,,,1508,,,,,,,||,,,,1559,,,,,,,||,レ,,,1657,,,,,,,||,,,,,,,1746,,,,,,,レ,,,,,1837,||,1920,,,,,,,,,,,,,,1953,||,,,,,,,2056,,,,,||,2205,,,,,
倉橋_倉橋,発,,,,,,,,,,0508,,,,,,,,,||,,,,,,,,0551,・,,,,,,0617,||,,,,,,,0643,,,||,0707,,||,,,,,,0733,レ,||,,,,0822,・,,,,,,,||,,,,,,,,,0917,||,,,1008,,,,,,,||,,,1100,||,レ,,,,,,,,,,1207,,,,,,,||,,,1312,||,レ,,,,,,,,,,1403,,,,,,,||,,,1512,,,,,,,||,,,,1603,,,,,,,||,レ,,,1700,,,,,,,||,,,,,,,1750,,,,,,,レ,,,,,1840,||,1923,,,,,,,,,,,,,,1957,||,,,,,,,2100,,,,,||,2209,,,,,
飯岡_飯岡,発,,,,,,,,,,0512,,,,,,,,,||,,,,,,,,0555,・,,,,,,0621,||,,,,,,,0647,,,||,0711,,||,,,,,,0736,0755,||,,,,0825,・,,,,,,,||,,,,,,,,,0922,||,,,1012,,,,,,,||,,,1103,||,1134,,,,,,,,,,1210,,,,,,,||,,,1316,||,1334,,,,,,,,,,1406,,,,,,,||,,,1517,,,,,,,||,,,,1606,,,,,,,||,1651,,,1704,,,,,,,||,,,,,,,1753,,,,,,,1849,,,,,1853,||,1927,,,,,,,,,,,,,,2000,||,,,,,,,2103,,,,,||,2214,,,,,
旭_旭,発,,,,,,,,,,0515,,,,,,,,,||,,,,,,,,0558,・,,,,,,0624,||,,,,,,,0651,,,||,0715,,||,,,,,,0740,0801,||,,,,0829,・,,,,,,,||,,,,,,,,,0926,||,,,1015,,,,,,,||,,,1107,||,1140,,,,,,,,,,1214,,,,,,,||,,,1320,||,1338,,,,,,,,,,1409,,,,,,,||,,,1521,,,,,,,||,,,,1609,,,,,,,||,1657,,,1710,,,,,,,||,,,,,,,1756,,,,,,,1852,,,,,1856,||,1930,,,,,,,,,,,,,,2006,||,,,,,,,2109,,,,,||,2217,,,,,
干潟_干潟,発,,,,,,,,,,0520,,,,,,,,,||,,,,,,,,0603,・,,,,,,0629,||,,,,,,,0656,,,||,0724,,||,,,,,,0745,レ,||,,,,0834,・,,,,,,,||,,,,,,,,,0931,||,,,1020,,,,,,,||,,,1112,||,レ,,,,,,,,,,1219,,,,,,,||,,,1325,||,レ,,,,,,,,,,1414,,,,,,,||,,,1526,,,,,,,||,,,,1614,,,,,,,||,レ,,,1715,,,,,,,||,,,,,,,1805,,,,,,,レ,,,,,1901,||,＝,,,,,,,,,,,,,,2015,||,,,,,,,2114,,,,,||,2222,,,,,
八日市場_八日市場,発,,,,,,,,,,0525,,,,,,,,,||,,,,,,,,0609,・,,,,,,0637,||,,,,,,,0701,,,||,0730,,||,,,,,,0751,0811,||,,,,0839,・,,,,,,,||,,,,,,,,,0943,||,,,1026,,,,,,,||,,,1117,||,1149,,,,,,,,,,1227,,,,,,,||,,,1330,||,1347,,,,,,,,,,1423,,,,,,,||,,,1531,,,,,,,||,,,,1620,,,,,,,||,1711,,,1721,,,,,,,||,,,,,,,1810,,,,,,,1901,,,,,1907,||,,,,,,,,,,,,,,,2021,||,,,,,,,2120,,,,,||,2228,,,,,
飯倉_飯倉,発,,,,,,,,,,0529,,,,,,,,,||,,,,,,,,0613,・,,,,,,0641,||,,,,,,,0705,,,||,0734,,||,,,,,,0755,レ,||,,,,0843,・,,,,,,,||,,,,,,,,,0947,||,,,1029,,,,,,,||,,,1121,||,レ,,,,,,,,,,1230,,,,,,,||,,,1334,||,レ,,,,,,,,,,1427,,,,,,,||,,,1535,,,,,,,||,,,,1623,,,,,,,||,レ,,,1725,,,,,,,||,,,,,,,1814,,,,,,,レ,,,,,1911,||,,,,,,,,,,,,,,,2025,||,,,,,,,2123,,,,,||,2231,,,,,
横芝_横芝,発,,,,,,,,,,0533,,,,,,,,,||,,,,,,,,0617,・,,,,,,0646,||,,,,0659,,,0714,,,||,0739,,||,,,,,,0759,0817,||,,,,0847,・,,,,,,,||,,,,,,,,,0951,||,,,1034,,,,,,,||,,,1127,||,1156,,,,,,,,,,1235,,,,,,,||,,,1338,||,1353,,,,,,,,,,1431,,,,,,,||,,,1540,,,,,,,||,,,,1628,,,,,,,||,1717,,,1730,,,,,,,||,,,,,,,1819,,,,,,,1908,,,,,1915,||,,,,,,,,,,,,,,,2030,||,,,,,,,2133,,,,,||,2238,,,,,
松尾_松尾,発,,,,,,,,,,0538,,,,,,,,,||,,,,,,,,0625,・,,,,,,0651,||,,,,0708,,,0719,,,||,0743,,||,,,,,,0804,レ,||,,,,0855,・,,,,,,,||,,,,,,,,,0956,||,,,1038,,,,,,,||,,,1132,||,レ,,,,,,,,,,1239,,,,,,,||,,,1343,||,レ,,,,,,,,,,1436,,,,,,,||,,,1545,,,,,,,||,,,,1635,,,,,,,||,レ,,,1735,,,,,,,||,,,,,,,1823,,,,,,,レ,,,,,1920,||,,,,,,,,,,,,,,,2035,||,,,,,,,2144,,,,,||,2242,,,,,
成東_成東,着,,,,,,,,,,0543,,,,,,,,,||,,,,,,,,0631,・,,,,,,0656,||,,,,0713,,,0724,,,||,0749,,||,,,,,,0809,0826,||,,,,0900,・,,,,,,,||,,,,,,,,,1002,||,,,1044,,,,,,,||,,,1137,||,1205,,,,,,,,,,1245,,,,,,,||,,,1348,||,1402,,,,,,,,,,1441,,,,,,,||,,,1550,,,,,,,||,,,,1641,,,,,,,||,1726,,,1740,,,,,,,||,,,,,,,1829,,,,,,,1920,,,,,1926,||,,,,,,,,,,,,,,,2040,||,,,,,,,2149,,,,,||,2248,,,,,
成東_成東,発,,,,,,0526,,,,0544,,,,0605,,,,,||,,,,,,,,0632,・,,,,,,0659,||,0705,,,0714,,,0729,,,||,0749,,||,,,,,,0810,0827,||,,,,0901,・,,,,,,,||,,,0939,,,,,,1007,||,,,1044,,,,,,1116,||,,,1144,||,1205,,,,,,1216,,,,1245,,,,,,1315,||,,,1348,||,1403,,,,,,1412,,,,1446,,,,,,1515,||,,,1550,,,,,,1615,||,,,,1647,,,,,,1710,||,1727,,,1743,,,,,,1814,||,,,,,,,1832,,,,,,1853,1921,,,,,1926,||,,,,,,,2008,,,,,2027,,,2041,||,,,2123,,,,2150,,,,2210,||,2255,,,,,
日向_日向,発,,,,,,0532,,,,0552,,,,レ,,,,,||,,,,,,,,0638,・,,,,,,0705,||,レ,,,0724,,,0735,,,||,0757,,||,,,,,,0816,レ,||,,,,0906,・,,,,,,,||,,,0945,,,,,,1013,||,,,1050,,,,,,1122,||,,,1153,||,レ,,,,,,1222,,,,1254,,,,,,1323,||,,,1354,||,レ,,,,,,1418,,,,1455,,,,,,1523,||,,,1556,,,,,,1624,||,,,,1656,,,,,,1716,||,レ,,,1748,,,,,,1820,||,,,,,,,1841,,,,,,1902,レ,,,,,1932,||,,,,,,,2014,,,,,2033,,,2049,||,,,2132,,,,2156,,,,2220,||,2300,,,,,
八街_八街,発,,,,,,0538,,,,0558,,,,0619,,,,,||,,,,,,,,0648,・,,,,,,0711,||,0719,,,0730,,,0741,,,||,0804,,||,,,,,,0823,0839,||,,,,0913,・,,,,,,,||,,,0951,,,,,,1023,||,,,1056,,,,,,1128,||,,,1200,||,1216,,,,,,1228,,,,1300,,,,,,1329,||,,,1400,||,1413,,,,,,1424,,,,1501,,,,,,1530,||,,,1602,,,,,,1633,||,,,,1702,,,,,,1723,||,1737,,,1755,,,,,,1826,||,,,,,,,1847,,,,,,1909,1932,,,,,1942,||,,,,,,,2024,,,,,2043,,,2056,||,,,2138,,,,2202,,,,2235,||,2309,,,,2341,
榎戸_榎戸,発,,,,,,0543,,,,0603,,,,レ,,,,,||,,,,,,,,0652,・,,,,,,0716,||,レ,,,0735,,,0746,,,||,0808,,||,,,,,,0832,レ,||,,,,0917,・,,,,,,,||,,,0955,,,,,,1028,||,,,1101,,,,,,1132,||,,,1204,||,レ,,,,,,1233,,,,1304,,,,,,1333,||,,,1404,||,レ,,,,,,1432,,,,1505,,,,,,1534,||,,,1607,,,,,,1637,||,,,,1706,,,,,,1727,||,レ,,,1759,,,,,,1831,||,,,,,,,1852,,,,,,1915,レ,,,,,1949,||,,,,,,,2028,,,,,2047,,,2100,||,,,2143,,,,2208,,,,2239,||,2313,,,,2345,
南酒々井_南酒々井,発,,,,,,0546,,,,0607,,,,レ,,,,,||,,,,,,,,0656,・,,,,,,0720,||,レ,,,0740,,,0750,,,||,0811,,||,,,,,,0836,レ,||,,,,0920,・,,,,,,,||,,,0959,,,,,,1032,||,,,1105,,,,,,1137,||,,,1209,||,レ,,,,,,1238,,,,1309,,,,,,1338,||,,,1409,||,レ,,,,,,1438,,,,1509,,,,,,1538,||,,,1611,,,,,,1641,||,,,,1710,,,,,,1735,||,レ,,,1803,,,,,,1835,||,,,,,,,1856,,,,,,1918,レ,,,,,1956,||,,,,,,,2034,,,,,2051,,,2106,||,,,2147,,,,2211,,,,2243,||,2317,,,,2349,
椎柴_椎柴,発,,,,,,||,,,,||,,,,||,,,,,0517,,,,,,,,||,・,,,,,,||,0559,||,,,||,,,||,,,0635,||,,0702,,,,,,||,||,0726,,,,||,・,,,,,,,0833,,,||,,,,,,||,0933,,,||,,,,,,||,1033,,,||,1119,||,,,,,,||,,,,||,,,,,,||,1217,,,||,1317,||,,,,,,||,,,,||,,,,,,||,1414,,,||,,,,,,||,1517,,,,||,,,,,,||,1617,||,,,||,,,,,,||,1723,,,,,,,||,,,,,,||,||,,,,,||,1844,,,,,,,||,,,,,||,,,||,2007,,,||,,,,||,,,,||,2140,||,,,,||,
下総豊里_下総豊里,発,,,,,,||,,,,||,,,,||,,,,,0522,,,,,,,,||,・,,,,,,||,0604,||,,,||,,,||,,,0640,||,,0707,,,,,,||,||,0732,,,,||,・,,,,,,,0838,,,||,,,,,,||,0941,,,||,,,,,,||,1041,,,||,1124,||,,,,,,||,,,,||,,,,,,||,1222,,,||,1322,||,,,,,,||,,,,||,,,,,,||,1419,,,||,,,,,,||,1522,,,,||,,,,,,||,1622,||,,,||,,,,,,||,1728,,,,,,,||,,,,,,||,||,,,,,||,1849,,,,,,,||,,,,,||,,,||,2012,,,||,,,,||,,,,||,2145,||,,,,||,
下総橘_下総橘,発,,,,,,||,,,,||,,,,||,,,,,0526,,,,,,,,||,・,,,,,,||,0608,||,,,||,,,||,,,0644,||,,0711,,,,,,||,||,0736,,,,||,・,,,,,,,0842,,,||,,,,,,||,0945,,,||,,,,,,||,1045,,,||,1128,||,,,,,,||,,,,||,,,,,,||,1226,,,||,1326,||,,,,,,||,,,,||,,,,,,||,1423,,,||,,,,,,||,1526,,,,||,,,,,,||,1626,||,,,||,,,,,,||,1732,,,,,,,||,,,,,,||,||,,,,,||,1853,,,,,,,||,,,,,||,,,||,2016,,,||,,,,||,,,,||,2149,||,,,,||,
笹川_笹川,発,,,,,,||,,,,||,,,,||,,,,,0532,,,,,,,,||,・,,,,,,||,0616,||,,,||,,,||,,,0650,||,,0716,,,,,,||,||,0744,,,,||,・,,,,,,,0847,,,||,,,,,,||,0950,,,||,,,,,,||,1050,,,||,1133,||,,,,,,||,,,,||,,,,,,||,1234,,,||,1332,||,,,,,,||,,,,||,,,,,,||,1432,,,||,,,,,,||,1534,,,,||,,,,,,||,1631,||,,,||,,,,,,||,1737,,,,,,,||,,,,,,||,||,,,,,||,1859,,,,,,,||,,,,,||,,,||,2021,,,||,,,,||,,,,||,2155,||,,,,||,
小見川_小見川,発,,,,,,||,,,,||,,,,||,,,,,0537,,,,,,,,||,・,,,,,,||,0622,||,,,||,,,||,,,0656,||,,0722,,,,,,||,||,0750,,,,||,・,,,,,,,0852,,,||,,,,,,||,0956,,,||,,,,,,||,1056,,,||,1139,||,,,,,,||,,,,||,,,,,,||,1239,,,||,1338,||,,,,,,||,,,,||,,,,,,||,1437,,,||,,,,,,||,1540,,,,||,,,,,,||,1636,||,,,||,,,,,,||,1742,,,,,,,||,,,,,,||,||,,,,,||,1906,,,,,,,||,,,,,||,,,||,2026,,,||,,,,||,,,,||,2200,||,,,,||,
水郷_水郷,発,,,,,,||,,,,||,,,,||,,,,,0543,,,,,,,,||,・,,,,,,||,0627,||,,,||,,,||,,,0701,||,,0728,,,,,,||,||,0756,,,,||,・,,,,,,,0858,,,||,,,,,,||,1001,,,||,,,,,,||,1101,,,||,1144,||,,,,,,||,,,,||,,,,,,||,1245,,,||,1343,||,,,,,,||,,,,||,,,,,,||,1443,,,||,,,,,,||,1545,,,,||,,,,,,||,1642,||,,,||,,,,,,||,1748,,,,,,,||,,,,,,||,||,,,,,||,1911,,,,,,,||,,,,,||,,,||,2032,,,||,,,,||,,,,||,2206,||,,,,||,
香取_香取,発,,,,,,||,,,,||,,,,||,,,,,0547,,,,,,,,||,0618,,,,,,||,0634,||,,,||,,,||,,,0706,||,,0733,,,,,,||,||,0801,,,,||,0829,,,,,,,0902,,,||,,,,,,||,1006,,,||,,,,,,||,1106,,,||,1149,||,,,,,,||,,,,||,,,,,,||,1249,,,||,1348,||,,,,,,||,,,,||,,,,,,||,1447,,,||,,,,,,||,1550,,,,||,,,,,,||,1646,||,,,||,,,,,,||,1752,,,,,,,||,,,,,,||,||,,,,,||,1916,,,,,,,||,,,,,||,,,||,2036,,,||,,,,||,,,,||,2211,||,,,,||,
佐原_佐原,着,,,,,,||,,,,||,,,,||,,,,,0551,,,,,,,,||,0622,,,,,,||,0638,||,,,||,,,||,,,0710,||,,0737,,,,,,||,||,0805,,,,||,0833,,,,,,,0906,,,||,,,,,,||,1010,,,||,,,,,,||,1110,,,||,1153,||,,,,,,||,,,,||,,,,,,||,1253,,,||,1351,||,,,,,,||,,,,||,,,,,,||,1451,,,||,,,,,,||,1554,,,,||,,,,,,||,1650,||,,,||,,,,,,||,1756,,,,,,,||,,,,,,||,||,,,,,||,1920,,,,,,,||,,,,,||,,,||,2040,,,||,,,,||,,,,||,2215,||,,,,||,
佐原_佐原,発,,,,,0450,||,,,,||,,,,||,,,,,0552,,,,,,,,||,0626,,,,,,||,0639,||,,,||,,,||,,,0712,||,,0738,,,,,,||,||,0806,,,,||,0837,,,,,,,0912,,,||,,,,,,||,1011,,,||,,,,,,||,1111,,,||,1153,||,,,,,,||,,,,||,,,,,,||,1254,,,||,1352,||,,,,,,||,,,,||,,,,,,||,1452,,,||,,,,,,||,1556,,,,||,,,,,,||,1659,||,,,||,,,,,,||,1757,,,,,,,||,1827,,,,,||,||,,,,,||,1921,,,,,,,||,,,,,||,,,||,2041,,,||,,,,||,,,,||,2216,||,,,2243,||,
大戸_大戸,発,,,,,0455,||,,,,||,,,,||,,,,,0559,,,,,,,,||,0631,,,,,,||,0643,||,,,||,,,||,,,0717,||,,0742,,,,,,||,||,0810,,,,||,0842,,,,,,,0917,,,||,,,,,,||,1016,,,||,,,,,,||,1116,,,||,1158,||,,,,,,||,,,,||,,,,,,||,1258,,,||,1357,||,,,,,,||,,,,||,,,,,,||,1457,,,||,,,,,,||,1601,,,,||,,,,,,||,1706,||,,,||,,,,,,||,1801,,,,,,,||,1832,,,,,||,||,,,,,||,1926,,,,,,,||,,,,,||,,,||,2045,,,||,,,,||,,,,||,2221,||,,,2248,||,
下総神崎_下総神崎,発,,,,,0459,||,,,,||,,,,||,,,,,0604,,,,,,,,||,0636,,,,,,||,0648,||,,,||,,,||,,,0722,||,,0748,,,,,,||,||,0815,,,,||,0847,,,,,,,0922,,,||,,,,,,||,1021,,,||,,,,,,||,1121,,,||,1203,||,,,,,,||,,,,||,,,,,,||,1304,,,||,1402,||,,,,,,||,,,,||,,,,,,||,1503,,,||,,,,,,||,1606,,,,||,,,,,,||,1710,||,,,||,,,,,,||,1807,,,,,,,||,1837,,,,,||,||,,,,,||,1931,,,,,,,||,,,,,||,,,||,2050,,,||,,,,||,,,,||,2226,||,,,2252,||,
滑河_滑河,発,,,,,0506,||,,,,||,,,,||,,,,,0614,,,,,,,,||,0642,,,,,,||,0655,||,,,||,,,||,,,0728,||,,0755,,,,,,||,||,0821,,,,||,0856,,,,,,,0928,,,||,,,,,,||,1027,,,||,,,,,,||,1127,,,||,1210,||,,,,,,||,,,,||,,,,,,||,1311,,,||,1408,||,,,,,,||,,,,||,,,,,,||,1510,,,||,,,,,,||,1612,,,,||,,,,,,||,1716,||,,,||,,,,,,||,1813,,,,,,,||,1843,,,,,||,||,,,,,||,1937,,,,,,,||,,,,,||,,,||,2057,,,||,,,,||,,,,||,2232,||,,,2259,||,
久住_久住,発,,,,,0512,||,,,,||,,,,||,,,,,0621,,,,,,,,||,0649,,,,,,||,0701,||,,,||,,,||,,,0735,||,,0801,,,,,,||,||,0828,,,,||,0902,,,,,,,0934,,,||,,,,,,||,1034,,,||,,,,,,||,1133,,,||,1220,||,,,,,,||,,,,||,,,,,,||,1318,,,||,1418,||,,,,,,||,,,,||,,,,,,||,1517,,,||,,,,,,||,1618,,,,||,,,,,,||,1723,||,,,||,,,,,,||,1820,,,,,,,||,1851,,,,,||,||,,,,,||,1946,,,,,,,||,,,,,||,,,||,2104,,,||,,,,||,,,,||,2239,||,,,2306,||,
成田空港_成田空港,発,,,,,||,||,,,,||,,,,||,,,,,||,,,,,,,,||,||,,,0652,,,||,||,||,,,||,0722,,||,0737,,||,||,,||,0759,,,0813,,||,||,||,0838,0850,,||,||,0905,,,,0916,,||,0946,,||,0959,,,1015,,||,||,1045,,||,1059,,,1114,,||,||,1144,,||,||,||,1158,,,1220,,||,1234,1245,,||,1259,,,1315,,||,||,1345,,||,||,||,1358,,,1421,,||,1434,1446,,||,1459,,,1514,,||,||,1544,,||,1558,,,1620,,||,||,1633,1645,,||,1658,,,1717,,||,||,||,1734,1746,||,1759,,,1815,,||,||,,1830,,,1848,,||,||,1903,,1912,,||,||,,1937,,,||,||,,1948,,,2010,,||,,2029,,,||,2044,,||,||,2115,,||,2132,2144,,||,2210,,,||,||,||,2257,,||,||,2342
空港第２ビル_空港第２ビル,発,,,,,||,||,,,,||,,,,||,,,,,||,,,,,,,,||,||,,,0655,,,||,||,||,,,||,0725,,||,0740,,||,||,,||,0802,,,0816,,||,||,||,0841,0854,,||,||,0908,,,,0919,,||,0949,,||,1002,,,1018,,||,||,1048,,||,1102,,,1118,,||,||,1148,,||,||,||,1201,,,1224,,||,1237,1249,,||,1302,,,1318,,||,||,1348,,||,||,||,1401,,,1424,,||,1437,1449,,||,1502,,,1518,,||,||,1548,,||,1601,,,1624,,||,||,1635,1648,,||,1701,,,1720,,||,||,||,1737,1749,||,1802,,,1819,,||,||,,1833,,,1852,,||,||,1905,,1916,,||,||,,1940,,,||,||,,1952,,,2013,,||,,2032,,,||,2047,,||,||,2118,,||,2134,2147,,||,2213,,,||,||,||,2300,,||,||,2344
成田_成田,着,,,,,0520,||,,,,||,,,,||,,,,,0629,,,,,,,,||,0656,,,0704,,,||,0709,||,,,||,0738,,||,0748,,0744,||,,0810,0814,,,0827,,||,||,0835,0853,0905,,||,0910,0916,,,,レ,,0942,レ,,||,1011,,,レ,,||,1042,レ,,||,1111,,,レ,,||,1141,レ,,||,1227,||,1209,,,レ,,||,1245,レ,,||,1310,,,レ,,||,1325,レ,,||,1426,||,1410,,,レ,,||,1445,レ,,||,1510,,,レ,,||,1525,レ,,||,1609,,,レ,,||,1627,1647,レ,,||,1714,,,レ,,||,1731,||,1748,レ,||,1814,,,レ,,||,1827,,1845,,,レ,,||,1859,1914,,レ,,||,||,,1949,,,||,1954,,レ,,,2021,,||,,2040,,,||,レ,,||,2111,2126,,||,2147,レ,,||,2221,,,||,2246,||,2309,,2313,||,2353
成田_成田,発,0458,,,,0520,||,,,,||,0607,,,||,0618,,,,0631,0644,,,,,,,||,0657,,,0712,,,||,0718,||,,,||,0738,,||,0749,,0753,||,0804,,0815,,,0828,,||,||,0836,0853,0905,,||,,0917,,,,レ,,0942,レ,,||,1013,,,レ,,||,1042,レ,,||,1114,,,レ,,||,1142,レ,,||,,||,1212,,,レ,,||,1246,レ,,||,1314,,,レ,,||,1337,レ,,||,,||,1411,,,レ,,||,1446,レ,,||,1514,,,レ,,||,1542,レ,,||,1613,,,レ,,||,1638,1652,レ,,||,1715,,,レ,,||,,||,1749,レ,||,1815,,,レ,,||,1833,,1847,,,レ,,||,,1914,,レ,,||,||,1933,1949,,,||,2005,,レ,,,2022,,||,2030,2042,,,||,レ,,||,2113,2127,,||,2157,レ,,||,2222,,,||,2247,||,2316,,,||,2354
酒々井_酒々井,発,0505,,,,0527,||,,,,||,0614,,,||,0625,,,,0638,0651,,,,,,,||,0704,,,0719,,,||,0725,||,,,||,0745,,||,レ,,0800,||,0812,,0822,,,レ,,||,||,0843,0900,レ,,||,,0924,,,,レ,,0949,レ,,||,1020,,,レ,,||,1049,レ,,||,1121,,,レ,,||,1149,レ,,||,,||,1218,,,レ,,||,1253,レ,,||,1321,,,レ,,||,1344,レ,,||,,||,1417,,,レ,,||,1453,レ,,||,1521,,,レ,,||,1549,レ,,||,1620,,,レ,,||,1645,1659,レ,,||,1722,,,レ,,||,,||,1756,レ,||,1822,,,レ,,||,1840,,1854,,,レ,,||,,1921,,レ,,||,||,1940,1956,,,||,2012,,レ,,,2029,,||,2037,2049,,,||,レ,,||,2120,2133,,||,2204,レ,,||,2229,,,||,2255,||,2323,,,||,0001
佐倉_佐倉,着,0511,,,,0534,0551,,,,0611,0620,,,0629,0632,,,,0645,0657,,,,,,,0701,0710,┐,,0725,,,0724,0731,0731,,,0744,0751,,0754,0800,,0806,0816,0819,,0828,,,レ,,0840,0849,0849,0906,0916,,0925,,0930,,,,レ,,0956,レ,,1004,1026,,,レ,,1036,1055,レ,,1109,1127,,,レ,,1142,1155,レ,,1213,,1226,1224,,,レ,,1242,1259,レ,,1313,1327,,,レ,,1342,1350,レ,,1413,,1423,1423,,,レ,,1443,1459,レ,,1513,1527,,,レ,,1542,1555,レ,,1615,1626,,,レ,,1646,1652,1706,レ,,1714,1727,,,レ,,1739,,1747,1803,レ,1807,1828,,,レ,,1839,1847,,1859,,,レ,,1900,,1927,,レ,,1923,1947,1946,2002,,,2000,2019,,レ,,,2035,,2038,2045,2100,,,2055,レ,,2110,2126,2139,,2151,2210,レ,,2216,2235,,,2247,2301,2321,2329,,,2353,0007
佐倉_佐倉,発,0512,0536,,,0540,0552,0556,,,0612,0620,,,0630,0634,0640,,,0646,0657,,,0704,0707,,,0709,,0718,,0725,,,0728,0733,0739,,,0745,0751,,0755,0800,,0807,0816,0820,,0828,,,レ,,0841,0850,0854,0907,0917,,0926,,0930,,,0943,レ,,0957,レ,,1012,1029,,,レ,,1039,1056,レ,,1111,1130,,,レ,,1143,1155,レ,,1214,,1226,1230,,,レ,,1243,1300,レ,,1314,1330,,,レ,,1343,1351,レ,,1416,,1425,1430,,,レ,,1444,1500,レ,,1514,1529,,,レ,,1543,1559,レ,,1616,1626,,,レ,,1646,1653,1711,レ,,1715,1728,,,レ,,1743,,1748,1803,レ,1814,1828,,,レ,,1843,1847,,1903,,,レ,,1907,,1927,,レ,,1938,1947,1950,2002,,,2010,2019,,レ,,2026,2035,,2041,2046,2106,,,┘,レ,,2111,2127,2140,,2152,2211,レ,,2219,2235,,,2248,2302,2322,2329,,,2354,0007
物井_物井,発,0516,0540,,,0544,0556,0600,,,0617,0624,,,レ,0638,0644,,,0650,0701,,,レ,0711,,,0715,,0722,,0729,,,0733,0737,0743,,,0749,0755,,0759,レ,,0811,0820,0824,,0832,,,レ,,0845,レ,0858,0911,レ,,0930,,0934,,,0947,レ,,1001,レ,,1016,1033,,,レ,,1043,1100,レ,,1115,1134,,,レ,,1147,1159,レ,,1218,,レ,1234,,,レ,,1247,1304,レ,,1318,1334,,,レ,,1347,1355,レ,,1420,,レ,1434,,,レ,,1448,1504,レ,,1518,1533,,,レ,,1547,1603,レ,,1620,1630,,,レ,,1650,1657,1715,レ,,1719,1732,,,レ,,1747,,レ,1807,レ,1818,1832,,,レ,,1847,1851,,1907,,,レ,,1911,,1931,,レ,,1942,レ,1954,2006,,,2014,2023,,レ,,2030,2039,,2045,2050,2110,,,,レ,,2115,2131,2144,,2156,2215,レ,,2223,2239,,,2252,2306,2326,2333,,,2358,0011
四街道_四街道,発,0520,0544,,,0548,0600,0604,,,0621,0628,,,0637,0642,0648,,,0655,0705,,,0711,0715,,,0719,,0726,,0733,,,0738,0742,0748,,,0754,0800,,0809,0806,,0816,0824,0828,,0837,,,0844,,0850,レ,0902,0915,0923,,0934,,0939,,,0951,レ,,1005,レ,,1020,1037,,,レ,,1047,1104,レ,,1120,1138,,,レ,,1151,1204,レ,,1223,,レ,1238,,,レ,,1251,1308,レ,,1322,1338,,,レ,,1351,1359,レ,,1424,,レ,1438,,,レ,,1452,1508,レ,,1522,1537,,,レ,,1551,1607,レ,,1624,1635,,,レ,,1654,1701,1719,レ,,1724,1736,,,レ,,1756,,レ,1816,レ,1822,1837,,,レ,,1851,1856,1900,1911,,,レ,,1920,,1936,,レ,,1946,レ,1958,2010,,,2019,2028,,レ,,2034,2044,,2050,2056,2114,,,,レ,,2119,2135,2148,,2200,2219,レ,,2228,2243,,,2256,2310,2330,2338,,,0002,0015
都賀_都賀,発,0524,0547,,,0552,0604,0608,,,0625,0632,,,レ,0646,0652,,,0659,0709,,,レ,0719,,,0723,,0730,,0737,,,0742,0746,0752,,,0758,0803,,0813,レ,,0821,0828,0832,,0840,,,レ,,0854,レ,0906,0919,レ,,0938,,0943,,,0955,レ,,1009,レ,,1024,1041,,,レ,,1051,1108,レ,,1124,1142,,,レ,,1155,1207,レ,,1226,,レ,1242,,,レ,,1255,1312,レ,,1326,1342,,,レ,,1355,1403,レ,,1428,,レ,1442,,,レ,,1456,1512,レ,,1526,1541,,,レ,,1555,1611,レ,,1628,1638,,,レ,,1658,1705,1723,レ,,1728,1740,,,レ,,1800,,レ,1820,レ,1826,1840,,,レ,,1855,1859,1904,1914,,,レ,,1924,,1939,,レ,,1950,レ,2002,2014,,,2022,2031,,レ,,2038,2047,,2053,2100,2118,,,,レ,,2123,2139,2151,,2204,2223,レ,,2232,2247,,,2300,2314,2334,2341,,,0006,0019
東千葉_東千葉,発,0527,レ,,,0556,0607,レ,,,0628,レ,,,レ,0650,レ,,,0702,レ,,,レ,レ,,,0727,,レ,,レ,,,0745,0749,レ,,,0802,レ,,0816,レ,,0825,0832,0836,,レ,,,レ,,0857,レ,0910,0922,レ,,0941,,レ,,,0958,レ,,1013,レ,,1027,レ,,,レ,,1054,1111,レ,,1127,レ,,,レ,,1159,1211,レ,,1230,,レ,レ,,,レ,,1258,1315,レ,,1329,レ,,,レ,,1359,1407,レ,,1432,,レ,レ,,,レ,,1459,1515,レ,,1529,レ,,,レ,,1558,1614,レ,,1632,レ,,,レ,,1702,1709,1726,レ,,1732,レ,,,レ,,1804,,レ,1824,レ,1829,レ,,,レ,,1859,1903,1908,レ,,,レ,,1927,,レ,,レ,,1953,レ,2005,レ,,,2026,2035,,レ,,2041,レ,,2057,2104,レ,,,,レ,,2126,2143,レ,,2207,2226,レ,,2236,レ,,,2303,2317,2337,レ,,,0009,レ
千葉_千葉,着,0529,0552,┐,,0558,0609,0613,┐,,0630,0636,┐,,0644,0652,0657,┐,,0704,0713,┐,,0719,0724,┐,,0729,,0735,┐,0741,┐,,0747,0751,0758,┐,,0804,0808,┐,0818,0812,,0827,0834,0838,,0845,┐,,0849,,0859,0902,0912,0924,0928,,0943,,0948,┐,,1000,レ,,1015,1019,,1029,1046,┐,,レ,,1056,1113,1118,,1129,1147,┐,,レ,,1201,1213,1218,,1232,,1237,1246,┐,,レ,,1300,1317,1319,,1331,1347,┐,,レ,,1401,1409,1418,,1434,,1437,1446,┐,,レ,,1501,1517,1519,,1531,1546,┐,,レ,,1600,1616,1619,,1634,1643,┐,,レ,,1704,1711,1728,1718,,1736,1744,┐,,レ,,1806,,1759,1826,1819,1834,1845,┐,,レ,,1901,1905,1910,1919,┐,,1923,,1929,,1944,┐,レ,,1955,1958,2007,2018,┐,,2028,2040,,レ,,2043,2052,┐,2059,2106,2122,┐,,,レ,,2128,2145,2156,┐,2209,2228,レ,,2238,2252,┐,,2305,2319,2339,2346,┐,,0011,0023
千葉_千葉,発,,,0553,,,,,0614,,,,0640,,0645,,,0658,,,,0714,,0720,,0726,,,,,0736,,0742,,,,,0803,,,,0809,,0814,,,,,,,0846,,0850,,,0903,,,0929,,,,,0952,,,レ,,,1019,,,,1052,,レ,,,,1119,,,,1152,,レ,,,,1219,,,,1238,,1252,,レ,,,,1320,,,,1352,,レ,,,,1419,,,,1438,,1452,,レ,,,,1520,,,,1552,,レ,,,,1619,,,,1644,,レ,,,,,1719,,,,1745,,レ,,,,1759,,1820,,,1846,,レ,,,,,,1926,,1924,,,,,1948,レ,,,2000,,,2023,,,,,レ,,,,2055,,,,2127,,,レ,,,,,2157,,,レ,,,,2255,,,,,,2350,,,
稲毛_稲毛,発,,,0557,,,,,0617,,,,0644,,レ,,,0702,,,,0719,,レ,,0730,,,,,0740,,0747,,,,,0807,,,,0813,,レ,,,,,,,0850,,レ,,,レ,,,レ,,,,,0956,,,レ,,,レ,,,,1055,,レ,,,,レ,,,,1155,,レ,,,,レ,,,,レ,,1255,,レ,,,,レ,,,,1355,,レ,,,,レ,,,,レ,,1456,,レ,,,,レ,,,,1555,,レ,,,,レ,,,,1647,,レ,,,,,レ,,,,1749,,レ,,,,レ,,レ,,,1849,,レ,,,,,,1930,,レ,,,,,1951,レ,,,レ,,,2026,,,,,レ,,,,2058,,,,2130,,,レ,,,,,2201,,,レ,,,,2258,,,,,,2354,,,
津田沼_津田沼,発,,,0604,,,,,0625,,,,0652,,レ,,,0709,,,,0726,,レ,,0737,,,,,0747,,0754,,,,,0815,,,,0821,,レ,,,,,,,0900,,レ,,,レ,,,レ,,,,,1004,,,レ,,,レ,,,,1103,,レ,,,,レ,,,,1203,,レ,,,,レ,,,,レ,,1303,,レ,,,,レ,,,,1403,,レ,,,,レ,,,,レ,,1503,,レ,,,,レ,,,,1603,,レ,,,,レ,,,,1654,,レ,,,,,レ,,,,1756,,レ,,,,レ,,レ,,,1856,,レ,,,,,,1937,,レ,,,,,1958,レ,,,レ,,,2033,,,,,レ,,,,2106,,,,2138,,,レ,,,,,2208,,,レ,,,,2305,,,,,,0001,,,
船橋_船橋,発,,,0608,,,,,0628,,,,0656,,レ,,,0713,,,,0730,,レ,,0742,,,,,0752,,0758,,,,,0819,,,,0826,,レ,,,,,,,0904,,レ,,,レ,,,レ,,,,,1008,,,レ,,,レ,,,,1106,,レ,,,,レ,,,,1206,,レ,,,,レ,,,,レ,,1306,,レ,,,,レ,,,,1406,,レ,,,,レ,,,,レ,,1506,,レ,,,,レ,,,,1606,,レ,,,,レ,,,,1658,,レ,,,,,レ,,,,1759,,レ,,,,レ,,レ,,,1900,,レ,,,,,,1940,,レ,,,,,2002,レ,,,レ,,,2037,,,,,レ,,,,2109,,,,2142,,,レ,,,,,2211,,,レ,,,,2309,,,,,,0004,,,
市川_市川,発,,,0614,,,,,0635,,,,0705,,レ,,,0720,,,,0737,,レ,,0748,,,,,0758,,0805,,,,,0826,,,,0835,,レ,,,,,,,0912,,レ,,,レ,,,レ,,,,,1014,,,レ,,,レ,,,,1112,,レ,,,,レ,,,,1212,,レ,,,,レ,,,,レ,,1312,,レ,,,,レ,,,,1412,,レ,,,,レ,,,,レ,,1512,,レ,,,,レ,,,,1612,,レ,,,,レ,,,,1707,,レ,,,,,レ,,,,1807,,レ,,,,レ,,レ,,,1908,,レ,,,,,,1946,,レ,,,,,2008,レ,,,レ,,,2043,,,,,レ,,,,2115,,,,2148,,,レ,,,,,2217,,,レ,,,,2315,,,,,,0010,,,
新小岩_新小岩,発,,,0619,,,,,0640,,,,0710,,レ,,,0726,,,,0742,,レ,,0754,,,,,0804,,0810,,,,,0831,,,,0841,,レ,,,,,,,0918,,レ,,,レ,,,レ,,,,,1019,,,レ,,,レ,,,,1117,,レ,,,,レ,,,,1217,,レ,,,,レ,,,,レ,,1317,,レ,,,,レ,,,,1417,,レ,,,,レ,,,,レ,,1517,,レ,,,,レ,,,,1617,,レ,,,,レ,,,,1712,,レ,,,,,レ,,,,1812,,レ,,,,レ,,レ,,,1913,,レ,,,,,,1951,,レ,,,,,2013,レ,,,レ,,,2048,,,,,レ,,,,2120,,,,2153,,,レ,,,,,2222,,,レ,,,,2320,,,,,,0015,,,
錦糸町_錦糸町,発,,,0624,,,,,0645,,,,0716,,0711,,,0731,,,,0748,,0751,,0759,,,,,0809,,0816,,,,,0837,,,,0846,,レ,,,,,,,0923,,レ,,,0928,,,レ,,,,,1025,,,レ,,,レ,,,,1123,,レ,,,,レ,,,,1223,,レ,,,,レ,,,,1301,,1323,,レ,,,,レ,,,,1423,,レ,,,,レ,,,,1503,,1523,,レ,,,,レ,,,,1622,,レ,,,,レ,,,,1717,,レ,,,,,レ,,,,1817,,レ,,,,1824,,レ,,,1919,,レ,,,,,,1957,,レ,,,,,2018,レ,,,2024,,,2053,,,,,レ,,,,2127,,,,2159,,,レ,,,,,2227,,,レ,,,,2325,,,,,,0021,,,
両国_両国,発,,,||,,,,,||,,,,||,,||,,,||,,,,||,,||,,||,,,,,||,,||,,,,,||,,,,||,,||,,,,,,,||,,||,,,||,,,||,,,,,||,,,||,,,||,,,,||,,||,,,,||,,,,||,,||,,,,||,,,,||,,||,,||,,,,||,,,,||,,||,,,,||,,,,||,,||,,||,,,,||,,,,||,,||,,,,||,,,,||,,||,,,,,||,,,,||,,||,,,,||,,||,,,||,,||,,,,,,||,,||,,,,,||,||,,,||,,,||,,,,,||,,,,||,,,,||,,,||,,,,,||,,,||,,,,||,,,,,,||,,,
秋葉原_秋葉原,発,,,||,,,,,||,,,,||,,||,,,||,,,,||,,||,,||,,,,,||,,||,,,,,||,,,,||,,||,,,,,,,||,,||,,,||,,,||,,,,,||,,,||,,,||,,,,||,,||,,,,||,,,,||,,||,,,,||,,,,||,,||,,||,,,,||,,,,||,,||,,,,||,,,,||,,||,,||,,,,||,,,,||,,||,,,,||,,,,||,,||,,,,,||,,,,||,,||,,,,||,,||,,,||,,||,,,,,,||,,||,,,,,||,||,,,||,,,||,,,,,||,,,,||,,,,||,,,||,,,,,||,,,||,,,,||,,,,,,||,,,
東京_東京,着,,,0632,┐,,,,0653,┐,,,0724,┐,0717,,,0740,┐,,,0756,┐,0800,,0808,┐,,,,0818,,0825,┐,,,,0846,┐,,,0855,,0852,┐,,,,,,0932,┐,0920,┐,,0934,,,0954,┐,,,,1033,┐,,1017,┐,,1045,┐,,,1131,┐,1114,┐,,,1144,┐,,,1231,┐,1214,┐,,,1244,┐,,,1309,,1331,┐,1315,┐,,,1345,┐,,,1431,┐,1415,┐,,,1445,┐,,,1510,,1531,┐,1515,┐,,,1545,┐,,,1630,┐,1614,┐,,,1645,┐,,,1725,┐,1717,┐,,,,1745,┐,,,1825,┐,1818,┐,,,1830,,1848,,,1927,┐,1918,┐,,,,,2005,┐,1949,┐,,,,2026,2013,┐,,2033,,,2101,┐,,,,2051,┐,,,2135,,,,2207,┐,,2143,┐,,,,2235,,,2237,┐,,,2333,┐,,,,,0029,,,
東京番線_東京番線,,,,(1),(1),,,,(1),(1),,,(1),(1),(2),,,(2),(2),,,(1),(1),(3),,(1),(1),,,,(2),,(1),(1),,,,(2),(2),,,(2),,(1),(1),,,,,,(1),(1),(1),(1),,(2),,,(1),(1),,,,(1),(1),,(1),(1),,(1),(1),,,(1),(1),(1),(1),,,(1),(1),,,(1),(1),(1),(1),,,(1),(1),,,(2),,(1),(1),(1),(1),,,(1),(1),,,(1),(1),(2),(2),,,(1),(1),,,(2),,(1),(1),(1),(1),,,(1),(1),,,(1),(1),(2),(2),,,(1),(1),,,(1),(1),(2),(2),,,,(1),(1),,,(1),(1),(2),(2),,,(2),,(1),,,(1),(1),(1),(1),,,,,(1),(1),(1),(1),,,,(3),(2),(2),,(2),,,(1),(1),,,,(1),(1),,,(3),,,,(1),(1),,(1),(1),,,,(3),,,(1),(1),,,(1),(1),,,,,(3),,,
東京_東京,発,,,,0633,,,,,0657,,,,0725,,,,,0741,,,,0757,,,,0809,,,,,,,0827,,,,,0847,,,,,0854,0856,,,,,,,0936,,0922,,,,,0956,0958,,,,,1039,,,1019,,1047,1049,,,,1138,,1117,,,1146,1149,,,,1238,,1217,,,1246,1249,,,,,,1338,,1317,,,1347,1349,,,,1438,,1417,,,1447,1449,,,,,,1538,,1518,,,1547,1549,,,,1633,,1618,,,1647,1650,,,,1726,,1722,,,,1747,1749,,,,1826,1820,1823,,,,,1850,,,,1929,,1921,,,,,,2008,1951,1954,,,,,,2015,,,,,,2102,,,,2053,2056,,,,,,,,2208,,2145,2148,,,,,,,2239,2243,,,,2335,,,,,,,,
品川_品川,発,,,,0641,,,,,0705,,,,0733,,,,,0750,,,,0805,,,,0817,,,,,,,0835,,,,,0855,,,,,0901,レ,,,,,,,0947,,0931,,,,,1003,レ,,,,,1048,,,1026,,1054,レ,,,,1146,,1124,,,1153,レ,,,,1246,,1224,,,1254,レ,,,,,,1346,,1324,,,1354,レ,,,,1446,,1424,,,1454,レ,,,,,,1546,,1526,,,1554,レ,,,,1642,,1626,,,1654,レ,,,,1735,,1729,,,,1755,レ,,,,1835,1828,レ,,,,,1857,,,,1939,,1929,,,,,,2017,2000,レ,,,,,,2023,,,,,,2110,,,,2101,レ,,,,,,,,2217,,2152,レ,,,,,,,2247,レ,,,,2343,,,,,,,,
渋谷_渋谷,着,,,,||,,,,,||,,,,||,,,,,||,,,,||,,,,＝,,,,,,,||,,,,,||,,,,,||,0913,,,,,,,||,,0942,,,,,||,1015,,,,,||,,,1035,,||,1106,,,,||,,1135,,,||,1205,,,,||,,1234,,,||,1304,,,,,,||,,1335,,,||,1405,,,,||,,1434,,,||,1505,,,,,,||,,1535,,,||,1605,,,,||,,1634,,,||,1706,,,,||,,1737,,,,||,1811,,,,||,||,1841,,,,,||,,,,||,,1939,,,,,,||,||,2014,,,,,,2034,,,,,,||,,,,||,2113,,,,,,,,||,,||,2203,,,,,,,||,2306,,,,||,,,,,,,,
新宿_新宿,着,,,,||,,,,,||,,,,||,,,,,||,,,,||,,,,,,,,,,,||,,,,,||,,,,,||,0918,,,,,,,||,,0947,,,,,||,1020,,,,,||,,,1041,,||,1111,,,,||,,1141,,,||,1211,,,,||,,1241,,,||,1311,,,,,,||,,1341,,,||,1411,,,,||,,1441,,,||,1511,,,,,,||,,1541,,,||,1611,,,,||,,1641,,,||,1712,,,,||,,1743,,,,||,1817,,,,||,||,1846,,,,,||,,,,||,,1945,,,,,,||,||,2019,,,,,,2040,,,,,,||,,,,||,2119,,,,,,,,||,,||,2210,,,,,,,||,2312,,,,||,,,,,,,,
池袋_池袋,着,,,,||,,,,,||,,,,||,,,,,||,,,,||,,,,,,,,,,,||,,,,,||,,,,,||,,,,,,,,||,,,,,,,||,,,,,,||,,,,,||,,,,,||,,,,,||,,,,,||,,,,,||,,,,,,,||,,,,,||,,,,,||,,,,,||,,,,,,,||,,,,,||,,,,,||,,,,,||,,,,,||,,,,,,||,,,,,||,||,,,,,,||,,,,||,,,,,,,,||,||,,,,,,,,,,,,,||,,,,||,・,,,,,,,,||,,||,・,,,,,,,||,,,,,||,,,,,,,,
大宮_大宮,着,,,,||,,,,,||,,,,||,,,,,||,,,,||,,,,,,,,,,,||,,,,,||,,,,,||,,,,,,,,||,,,,,,,||,,,,,,||,,,,,||,,,,,||,,,,,||,,,,,||,,,,,||,,,,,,,||,,,,,||,,,,,||,,,,,||,,,,,,,||,,,,,||,,,,,||,,,,,||,,,,,||,,,,,,||,,,,,||,||,,,,,,||,,,,||,,,,,,,,||,||,,,,,,,,,,,,,||,,,,||,・,,,,,,,,||,,||,・,,,,,,,||,,,,,||,,,,,,,,
武蔵小杉_武蔵小杉,着,,,,0651,,,,,0715,,,,0744,,,,,0800,,,,0815,,,,,,,,,,,0846,,,,,0905,,,,,0911,,,,,,,,0957,,,,,,,1013,,,,,,1058,,,,,1103,,,,,1156,,,,,1203,,,,,1256,,,,,1303,,,,,,,1356,,,,,1403,,,,,1456,,,,,1503,,,,,,,1556,,,,,1603,,,,,1652,,,,,1703,,,,,1746,,,,,,1803,,,,,1846,1839,,,,,,1906,,,,1949,,,,,,,,2027,2010,,,,,,,,,,,,,2120,,,,2110,・,,,,,,,,2227,,2202,・,,,,,,,2256,,,,,2353,,,,,,,,
横浜_横浜,着,,,,0704,,,,,0728,,,,0756,,,,,0812,,,,0828,,,,,,,,,,,0858,,,,,0917,,,,,0923,,,,,,,,1009,,,,,,,1026,,,,,,1111,,,,,1114,,,,,1208,,,,,1215,,,,,1308,,,,,1314,,,,,,,1408,,,,,1415,,,,,1508,,,,,1516,,,,,,,1608,,,,,1616,,,,,1705,,,,,1716,,,,,1759,,,,,,1815,,,,,1859,1851,,,,,,1918,,,,2001,,,,,,,,2039,2022,,,,,,,,,,,,,2132,,,,2122,・,,,,,,,,2239,,2214,・,,,,,,,2307,,,,,0006,,,,,,,,
戸塚_戸塚,着,,,,0716,,,,,0740,,,,0809,,,,,0825,,,,0840,,,,,,,,,,,0910,,,,,0930,,,,,0935,,,,,,,,1021,,,,,,,1038,,,,,,1123,,,,,1125,,,,,1220,,,,,1225,,,,,1320,,,,,1325,,,,,,,1420,,,,,1426,,,,,1520,,,,,1526,,,,,,,1620,,,,,1626,,,,,1717,,,,,1728,,,,,1812,,,,,,1826,,,,,1912,1902,,,,,,1930,,,,2014,,,,,,,,2052,2034,,,,,,,,,,,,,2145,,,,2134,・,,,,,,,,2251,,2226,・,,,,,,,2318,,,,,0020,,,,,,,,
大船_大船,着,,,,0721,,,,,0745,,,,0814,,,,,0830,,,,0845,,,,,,,,,,,0915,,,,,0935,,,,,0942,,,,,,,,1026,,,,,,,1044,,,,,,1128,,,,,1132,,,,,1226,,,,,1232,,,,,1326,,,,,1332,,,,,,,1426,,,,,1433,,,,,1526,,,,,1533,,,,,,,1626,,,,,1633,,,,,1723,,,,,1734,,,,,1818,,,,,,1832,,,,,1917,1909,,,,,,1937,,,,2019,,,,,,,,2057,2041,,,,,,,,,,,,,2150,,,,2141,・,,,,,,,,2256,,2233,・,,,,,,,2325,,,,,0025,,,,,,,,
北鎌倉_北鎌倉,着,,,,0724,,,,,0750,,,,0818,,,,,0839,,,,,,,,,,,,,,,0926,,,,,,,,,,,,,,,,,,,,,,,,,,,,,,,1132,,,,,,,,,,1230,,,,,,,,,,1330,,,,,,,,,,,,1430,,,,,,,,,,1533,,,,,,,,,,,,1630,,,,,,,,,,1726,,,,,,,,,,1822,,,,,,,,,,,1921,,,,,,,,,,,2026,,,,,,,,2101,,,,,,,,,,,,,,2153,,,,,・,,,,,,,,2300,,,・,,,,,,,,,,,,0028,,,,,,,,
鎌倉_鎌倉,着,,,,0728,,,,,0753,,,,0822,,,,,0842,,,,,,,,,,,,,,,0929,,,,,,,,,,,,,,,,,,,,,,,,,,,,,,,1135,,,,,,,,,,1234,,,,,,,,,,1333,,,,,,,,,,,,1433,,,,,,,,,,1537,,,,,,,,,,,,1633,,,,,,,,,,1730,,,,,,,,,,1825,,,,,,,,,,,1925,,,,,,,,,,,2029,,,,,,,,2104,,,,,,,,,,,,,,2156,,,,,・,,,,,,,,2303,,,・,,,,,,,,,,,,0031,,,,,,,,
逗子_逗子,着,,,,0733,,,,,0758,,,,0827,,,,,0847,,,,,,,,,,,,,,,0935,,,,,,,,,,,,,,,,,,,,,,,,,,,,,,,1140,,,,,,,,,,1239,,,,,,,,,,1339,,,,,,,,,,,,1439,,,,,,,,,,1542,,,,,,,,,,,,1638,,,,,,,,,,1735,,,,,,,,,,1831,,,,,,,,,,,1930,,,,,,,,,,,2035,,,,,,,,2109,,,,,,,,,,,,,,2202,,,,,・,,,,,,,,2309,,,・,,,,,,,,,,,,0037,,,,,,,,
横須賀_横須賀,着,,,,0750,,,,,,,,,,,,,,0903,,,,,,,,,,,,,,,,,,,,,,,,,,,,,,,,,,,,,,,,,,,,,,,,,,,,,,,,,,,,,,,,,,,,,,,,,,,,,,,,,,,,,,,,,,,,,,,,,,,,,,,,,,,,,,,,,,,,,,,,,,,,,,,,,,,1944,,,,,,,,,,,2050,,,,,,,,,,,,,,,,,,,,,,2215,,,,,・,,,,,,,,,,,・,,,,,,,,,,,,,,,,,,,,
終着,,___,___,___,久里浜_0801_久里浜_0801,___,___,___,___,___,___,___,___,___,___,___,___,___,久里浜_0913_久里浜_0913,___,___,___,___,___,___,___,___,___,___,___,___,___,___,___,___,___,___,___,___,___,___,___,___,___,___,___,___,___,___,___,___,___,___,___,___,___,___,___,___,___,___,___,___,___,___,___,___,___,___,___,___,___,___,___,___,___,___,___,___,___,___,___,___,___,___,___,___,___,___,___,___,___,___,___,___,___,___,___,___,___,___,___,___,___,___,___,___,___,___,___,___,___,___,___,___,___,___,___,___,___,___,___,___,___,___,___,___,___,___,___,___,___,___,___,___,___,___,___,___,___,___,___,___,___,___,___,___,___,___,久里浜_1955_久里浜_1955,___,___,___,___,___,___,___,___,___,___,久里浜_2101_久里浜_2101,___,___,___,___,___,___,___,___,___,___,___,___,___,___,___,___,___,___,___,___,___,久里浜_2226_久里浜_2226,___,___,___,___,八王子_2200_八王子_2200,___,___,___,___,___,___,___,___,___,___,八王子_2250_八王子_2250,___,___,___,___,___,___,___,___,___,___,___,___,___,___,___,___,___,___,___,___
次の区間,,,,,↓,,,,,,,,,,,,,,↓,,,,,,,,,,,,,,,,,,,,,,,,,,,,,,,,,,,,,,,,,,,,,,,,,,,,,,,,,,,,,,,,,,,,,,,,,,,,,,,,,,,,,,,,,,,,,,,,,,,,,,,,,,,,,,,,,,,,,,,,,,,,,,,,,,,↓,,,,,,,,,,,↓,,,,,,,,,,,,,,,,,,,,,,↓,,,,,↓,,,,,,,,,,,↓,,,,,,,,,,,,,,,,,,,,
