列車番号,,220M,222M,224M,226M,3618A,618A,3646F,646F,228M,3628Y,628Y,1624M,230M,232M,3650F,650F,4284M,3784A,784A,3684A,234M,3768F,768F,236M,238M,240M,2220M,242M,1054M,1630M,244M,1056M,1632M,246M,1634M,3222M,248M,1058M,250M,1636M,252M,2224M,3074F,1074F,1638M,4010A,1010A,1640M,1060M,1060M,254M,254M,4166F,1166F,2226M,4126A,1126A,1642M,256M,258M,3228M,1062M,1062M,4230A,1230A,1644M,260M,262M,3230M,4334A,1334A,1646M,264M,9214M,266M,3232M,4420A,1420A,1064M,1064M,268M,270M,3234M,4506A,1506A,272M,9092M,4606F,1606F,1066M,274M,3236M,276M,278M,9056M,9058M,1656M,3238M,1068M,280M,282M,284M,4892F,1892F,286M,288M,1070M,3240M,4814F,1814F,290M,1662M,1072M,292M,3242M,4924F,1924F,294M,5034Y,2034Y,296M,298M,1074M,3244M,1220M,5140F,2140F,5128Y,2128Y,1222M,3246M,1224M,1226M,1228M
列車名_列車名,,普通_普通,普通_普通,普通_普通,普通_普通,快速_快速,快速_快速,快速_快速,快速_快速,普通_普通,普通_普通,普通_普通,普通_普通,普通_普通,普通_普通,快速_快速,快速_快速,普通_普通,快速_快速,快速_快速,快速_快速,普通_普通,快速_快速,快速_快速,普通_普通,普通_普通,普通_普通,普通_普通,普通_普通,特急 わかしお4号_特急 わかしお4号,普通_普通,普通_普通,特急 わかしお6号_特急 わかしお6号,普通_普通,普通_普通,普通_普通,普通_普通,普通_普通,特急 わかしお8号_特急 わかしお8号,普通_普通,普通_普通,普通_普通,普通_普通,快速_快速,快速_快速,普通_普通,快速_快速,快速_快速,普通_普通,特急 わかしお10号_特急 わかしお10号,特急 わかしお10号_特急 わかしお10号,普通_普通,普通_普通,快速_快速,快速_快速,普通_普通,快速_快速,快速_快速,普通_普通,普通_普通,普通_普通,普通_普通,特急 わかしお12号_特急 わかしお12号,特急 わかしお12号_特急 わかしお12号,快速_快速,快速_快速,普通_普通,普通_普通,普通_普通,普通_普通,快速_快速,快速_快速,普通_普通,普通_普通,特急 わかしお９２号（いすみマラソン）_特急 わかしお９２号（いすみマラソン）,普通_普通,普通_普通,快速_快速,快速_快速,特急 わかしお14号_特急 わかしお14号,特急 わかしお14号_特急 わかしお14号,普通_普通,普通_普通,普通_普通,快速_快速,快速_快速,普通_普通,特急 かつうらひな祭り_特急 かつうらひな祭り,快速_快速,快速_快速,特急 わかしお16号_特急 わかしお16号,普通_普通,普通_普通,普通_普通,普通_普通,特急 新宿わかしお_特急 新宿わかしお,特急 新宿わかしお_特急 新宿わかしお,普通_普通,普通_普通,特急 わかしお18号_特急 わかしお18号,普通_普通,普通_普通,普通_普通,快速_快速,快速_快速,普通_普通,普通_普通,特急 わかしお20号_特急 わかしお20号,普通_普通,快速_快速,快速_快速,普通_普通,普通_普通,特急 わかしお22号_特急 わかしお22号,普通_普通,普通_普通,快速_快速,快速_快速,普通_普通,普通_普通,普通_普通,普通_普通,普通_普通,特急 わかしお24号_特急 わかしお24号,普通_普通,普通_普通,快速_快速,快速_快速,普通_普通,普通_普通,普通_普通,普通_普通,普通_普通,普通_普通,普通_普通
設備,,_,_,_,_,_,_,グリーン車自由席___,グリーン車自由席___,_,_,_,_,_,_,グリーン車自由席___,グリーン車自由席___,_,_,_,_,_,グリーン車自由席___,グリーン車自由席___,_,_,_,_,_,普通車一部指定席___,_,_,普通車一部指定席___,_,_,_,_,_,普通車一部指定席___,_,_,_,_,グリーン車自由席___,グリーン車自由席___,_,_,_,_,普通車一部指定席___,普通車一部指定席___,_,_,グリーン車自由席___,グリーン車自由席___,_,_,_,_,_,_,_,グリーン車指定席_普通車一部指定席____,グリーン車指定席_普通車一部指定席____,_,_,_,_,_,_,_,_,_,_,普通車全車指定席___,_,_,_,_,普通車一部指定席___,普通車一部指定席___,_,_,_,_,_,_,普通車全車指定席___,グリーン車自由席___,グリーン車自由席___,普通車一部指定席___,_,_,_,_,普通車一部指定席___,普通車一部指定席___,_,_,普通車一部指定席___,_,_,_,グリーン車自由席___,グリーン車自由席___,_,_,グリーン車指定席_普通車一部指定席____,_,グリーン車自由席___,グリーン車自由席___,_,_,普通車一部指定席___,_,_,グリーン車自由席___,グリーン車自由席___,_,_,_,_,_,普通車一部指定席___,_,_,グリーン車自由席___,グリーン車自由席___,_,_,_,_,_,_,_
運転日,,全日,全日,全日,全日,全日,土休日,土休日,土休日,全日,全日,土休日,全日,全日,全日,全日,土休日,全日,土休日,土休日,土休日,全日,全日,土休日,全日,全日,全日,全日,全日,土休日,全日,全日,全日,全日,全日,全日,全日,全日,土休日,全日,全日,全日,全日,土休日,土休日,全日,土休日,土休日,全日,土休日,2月23～25日はこの時刻に変更__時変_2月23～25日はこの時刻に変更_,全日,2月23～25日はこの時刻に変更__時変_2月23～25日はこの時刻に変更_,土休日,土休日,全日,全日,全日,全日,全日,全日,全日,土休日,長者町停車は12月3日__臨停_長者町停車は12月3日_,土休日,土休日,全日,全日,全日,全日,土休日,土休日,全日,全日,12月3日運転__◆_12月3日運転_,全日,全日,土休日,土休日,土休日,長者町停車は12月3日__臨停_長者町停車は12月3日_,全日,全日,全日,土休日,土休日,全日,2月23～25日運転__◆_2月23～25日運転_,土休日,土休日,土休日,全日,全日,全日,全日,12月24日までの土曜・休日・1月6日～2月25日の土曜・休日と12月30・31日・1月2・3日運転__◆_12月24日までの土曜・休日・1月6日～2月25日の土曜・休日と12月30・31日・1月2・3日運転_,12月24日までの土曜・休日・1月6日～2月25日の土曜・休日と12月30・31日・1月2・3日運転__◆_12月24日までの土曜・休日・1月6日～2月25日の土曜・休日と12月30・31日・1月2・3日運転_,全日,全日,土休日,全日,全日,全日,土休日,土休日,全日,全日,土休日,全日,全日,土休日,全日,全日,土休日,全日,全日,全日,土休日,全日,土休日,土休日,全日,全日,全日,全日,全日,土休日,土休日,土休日,土休日,全日,全日,全日,全日,全日
記事,,,,,,,,,,,,,,,,,,,,,誉田－東京間は3784Aに併結__★_誉田－東京間は3784Aに併結_,,,,,,,,,,,,,,,,,,,,,,,,,,,,,,,,,,,,,,,,,,,,,,,,,,,,,,,,,,,,,,,,,,,,,,,,,,,,,,,,,,,,,,,,,,,,,,,,,,,,,,,,,,,,,,,,,,
前の区間,,,,,,,,,,,,,↑,,,,,,,,↑,,,,,,,,,,↑,,,↑,,↑,↑,,,,↑,,,,,↑,,,↑,,,,,,,,,,↑,,,↑,,,,,↑,,,↑,,,↑,,,,↑,,,,,,,↑,,,,,,,,,↑,,,,,↑,↑,,,,,,,,,,↑,,,,↑,,,↑,,,,,,,,,↑,,,,,,,↑,,,
始発,,___,___,___,___,___,___,___,___,___,___,___,成東_0632_成東_0632,___,___,___,___,___,___,___,成東_0651_成東_0651,___,___,___,___,___,___,___,___,___,成東_0804_成東_0804,___,___,成東_0828_成東_0828,___,成東_0902_成東_0902,館山_0716_館山_0716,___,___,___,成東_0939_成東_0939,___,___,___,___,成東_1021_成東_1021,___,___,成東_1049_成東_1049,___,___,___,___,___,___,___,___,___,成東_1148_成東_1148,___,___,木更津_0931_木更津_0931,___,___,___,___,成東_1248_成東_1248,___,___,木更津_1028_木更津_1028,___,___,成東_1349_成東_1349,___,___,___,木更津_1117_木更津_1117,___,___,___,___,___,___,木更津_1217_木更津_1217,___,___,___,___,___,___,___,___,木更津_1317_木更津_1317,___,___,___,___,成東_1713_成東_1713,木更津_1417_木更津_1417,___,___,___,___,___,___,___,___,___,木更津_1517_木更津_1517,___,___,___,成東_1908_成東_1908,___,___,木更津_1625_木更津_1625,___,___,___,___,___,___,___,___,木更津_1730_木更津_1730,___,___,___,___,___,___,木更津_1834_木更津_1834,___,___,___
安房鴨川_安房鴨川,発,,,,,,,,,0511,,,・,,,,,,,,・,,,,0600,,0629,,,,・,0714,0739,・,,・,0806,,0839,,・,,0917,,,・,,,・,,,,,,,1035,,,・,,,1120,1141,1141,,,・,,,1225,,,・,,,,1328,,,1406,1406,,,1430,,,,,,,1535,,1540,,,1620,,・,1633,1639,,,,,,,,,1742,,,,・,,,1838,,,,,,,,,1933,,,,,,,2044,2109,,
安房天津_安房天津,発,,,,,,,,,0517,,,・,,,,,,,,・,,,,0610,,0635,,,,・,0720,レ,・,,・,0811,,レ,,・,,0922,,,・,,,・,,,,,,,1040,,,・,,,1126,レ,レ,,,・,,,1230,,,・,,,,1337,,,レ,レ,,,1438,,,,,,,レ,,1549,,,レ,,・,1638,レ,,,,,,,,,1747,,,,・,,,1843,,,,,,,,,1939,,,,,,,2050,2115,,
安房小湊_安房小湊,発,,,,,,,,,0521,,,・,,,,,,,,・,,,,0614,,0640,,,,・,0725,0750,・,,・,0820,,0848,,・,,0927,,,・,,,・,,,,,,,1045,,,・,,,1130,1151,1151,,,・,,,1244,,,・,,,,1341,,,1415,1415,,,1444,,,,,,,1544,,1554,,,1629,,・,1653,1648,,,,,,,,,1754,,,,・,,,1849,,,,,,,,,1944,,,,,,,2055,2119,,
行川アイランド_行川アイランド,発,,,,,,,,,0526,,,・,,,,,,,,・,,,,0620,,0645,,,,・,0730,レ,・,,・,0826,,レ,,・,,0932,,,・,,,・,,,,,,,1050,,,・,,,1135,レ,レ,,,・,,,1249,,,・,,,,1346,,,レ,レ,,,1449,,,,,,,レ,,1559,,,レ,,・,1658,レ,,,,,,,,,1759,,,,・,,,1854,,,,,,,,,1949,,,,,,,2100,2124,,
上総興津_上総興津,発,,,,,,,,,0531,,,・,,,,,,,,・,,,,0624,,0650,,,,・,0735,0759,・,,・,0830,,0858,,・,,0936,,,・,,,・,,,,,,,1054,,,・,,,1140,レ,レ,,,・,,,1254,,,・,,,,1351,,,1424,1424,,,1453,,,,,,,1552,,1604,,,1638,,・,1703,1657,,,,,,,,,1803,,,,・,,,1859,,,,,,,,,1953,,,,,,,2105,2129,,
鵜原_鵜原,発,,,,,,,,,0535,,,・,,,,,,,,・,,,,0629,,0655,,,,・,0739,レ,・,,・,0835,,レ,,・,,0941,,,・,,,・,,,,,,,1058,,,・,,,1144,レ,レ,,,・,,,1258,,,・,,,,1355,,,レ,レ,,,1457,,,,,,,レ,,1608,,,レ,,・,1707,レ,,,,,,,,,1807,,,,・,,,1908,,,,,,,,,1958,,,,,,,2109,2133,,
勝浦_勝浦,着,,,,,,,,,0539,,,・,,,,,,,,・,,,,0633,,0700,,,,・,0743,0806,・,,・,0839,,0905,,・,,0945,,,・,,,・,,,,,,,1102,,,・,,,1148,1206,1206,,,・,,,1302,,,・,,,,1359,,,1435,1435,,,1502,,,,,,,1559,,1613,,,1645,,・,1712,1704,,,,,,,,,1811,,,,・,,,1913,,,,,,,,,2002,,,,,,,2113,2137,,
勝浦_勝浦,発,,0455,,0527,,,,,0540,,,・,,0607,,,0625,,,・,,,,0637,,0703,,,0726,・,0744,0808,・,,・,0840,,0908,,・,,0945,,,・,,,・,1036,2月23～25日はこの時刻に変更__1039_2月23～25日はこの時刻に変更_,,,,,1104,,,・,,,1152,1206,1206,,,・,,,1303,,,・,,,,1401,,,1436,1436,,,1504,,,,1550,,,1600,,1616,,,1645,,・,1715,1705,,,,,,,,1814,1820,,,,・,,,1918,,,,,,,,2008,2002,2023,,,,,,2113,2138,,
御宿_御宿,発,,0500,,0532,,,,,0545,,,・,,0612,,,0631,,,・,,,,0642,,0708,,,0732,・,0749,0813,・,,・,0846,,0913,,・,,0951,,,・,,,・,1042,2月23～25日はこの時刻に変更__1046_2月23～25日はこの時刻に変更_,,,,,1109,,,・,,,1157,1212,1212,,,・,,,1308,,,・,,,,1408,,,1441,1441,,,1510,,,,1556,,,1605,,1622,,,1650,,・,1720,1710,,,,,,,,1820,1825,,,,・,,,1924,,,,,,,,2014,2008,2029,,,,,,2119,2143,,
浪花_浪花,発,,0505,,0537,,,,,0550,,,・,,0618,,,0636,,,・,,,,0647,,0715,,,レ,・,0755,レ,・,,・,0851,,レ,,・,,0956,,,・,,,・,レ,2月23～25日はこの時刻に変更__レ_2月23～25日はこの時刻に変更_,,,,,1114,,,・,,,1203,レ,レ,,,・,,,1313,,,・,,,,1416,,,レ,レ,,,1515,,,,レ,,,レ,,1628,,,レ,,・,1725,レ,,,,,,,,レ,1830,,,,・,,,1930,,,,,,,,レ,2013,2034,,,,,,2124,2148,,
大原_大原,着,,0509,,0540,,,,,0554,,,・,,0621,,,0640,,,・,,,,0651,,0718,,,0739,・,0758,0820,・,,・,0854,,0920,,・,,0959,,,・,,,・,1049,2月23～25日はこの時刻に変更__1053_2月23～25日はこの時刻に変更_,,,,,1117,,,・,,,1206,1222,1222,,,・,,,1317,,,・,,,,1419,,,1449,1449,,,1519,,,,レ,,,1612,,1631,,,1657,,・,1728,1718,,,,,,,,1827,1833,,,,・,,,1933,,,,,,,,2021,2016,2038,,,,,,2127,2152,,
大原_大原,発,0440,0510,0531,0541,,,,,0554,,,・,,0623,,,0641,,,・,,,,0652,,0719,0726,,0741,・,0759,0821,・,,・,0855,,0921,,・,,1000,,,・,,,・,1049,2月23～25日はこの時刻に変更__1054_2月23～25日はこの時刻に変更_,,,,,1118,,,・,,,1213,1223,1223,,,・,,,1318,,,・,,,,1420,,,1450,1450,,,1520,,,,レ,,,1613,,1632,,1644,1658,,・,1729,1719,,,,,,,1814,1828,1834,,,,・,,,1934,,,,,,,,2022,2025,2039,,,,,,2128,2153,,
三門_三門,発,0444,0514,0535,0545,,,,,0558,,,・,,0627,,,0645,,,・,,,,0656,,0723,0730,,レ,・,0803,レ,・,,・,0859,,レ,,・,,1004,,,・,,,・,レ,2月23～25日はこの時刻に変更__レ_2月23～25日はこの時刻に変更_,,,,,1122,,,・,,,1217,レ,レ,,,・,,,1322,,,・,,,,1424,,,レ,レ,,,1524,,,,レ,,,レ,,1635,,1648,レ,,・,1733,レ,,,,,,,1818,レ,1838,,,,・,,,1938,,,,,,,,レ,2029,2043,,,,,,2132,2157,,
長者町_長者町,発,0446,0516,0537,0547,,,,,0601,,,・,,0629,,,0647,,,・,,,,0658,,0726,0732,,レ,・,0805,レ,・,,・,0902,,レ,,・,,1007,,,・,,,・,レ,2月23～25日はこの時刻に変更__レ_2月23～25日はこの時刻に変更_,,,,,1124,,,・,,,1220,レ,長者町停車は12月3日__1228_長者町停車は12月3日_,,,・,,,1325,,,・,,1415,,1427,,,レ,長者町停車は12月3日__1455_長者町停車は12月3日_,,,1526,,,,レ,,,レ,,1638,,1651,レ,,・,1736,レ,,,,,,,1821,レ,1841,,,,・,,,1941,,,,,,,,レ,2032,2045,,,,,,2135,2159,,
太東_太東,発,0449,0520,0540,0550,,,,,0604,,,・,,0632,,,0651,,,・,,,,0701,,0729,0736,,レ,・,0809,レ,・,,・,0905,,レ,,・,,1010,,,・,,,・,レ,2月23～25日はこの時刻に変更__レ_2月23～25日はこの時刻に変更_,,,,,1128,,,・,,,1223,レ,レ,,,・,,,1328,,,・,,レ,,1430,,,レ,レ,,,1530,,,,レ,,,レ,,1641,,1654,レ,,・,1739,レ,,,,,,,1824,レ,1844,,,,・,,,1944,,,,,,,,レ,2036,2048,,,,,,2138,2202,,
東浪見_東浪見,発,0453,0524,0544,0554,,,,,0608,,,・,,0636,,,0654,,,・,,,,0705,,0733,0740,,レ,・,0813,レ,・,,・,0909,,レ,,・,,1014,,,・,,,・,レ,2月23～25日はこの時刻に変更__レ_2月23～25日はこの時刻に変更_,,,,,1132,,,・,,,1227,レ,レ,,,・,,,1332,,,・,,レ,,1434,,,レ,レ,,,1534,,,,レ,,,レ,,1645,,1659,レ,,・,1742,レ,,,,,,,1829,レ,1848,,,,・,,,1948,,,,,,,,レ,2040,2053,,,,,,2142,2207,,
上総一ノ宮_上総一ノ宮,着,0457,0527,0548,0558,,,,,0612,,,・,,0640,,,0658,┐,,・,,,,0709,,0736,0744,,0753,・,0816,0832,・,,・,0913,,0932,,・,,1018,,,・,,,・,1101,2月23～25日はこの時刻に変更__1105_2月23～25日はこの時刻に変更_,,,,,1135,,,・,,,1230,1234,1234,,,・,,,1335,,,・,,レ,,1437,,,1501,1501,,,1537,,,,レ,,,1624,,1648,,1702,1709,,・,1746,1731,,,,,,,1832,1839,1851,,,,・,,,1952,,,,,,,,2033,2044,2056,,,,,,2145,2210,,
上総一ノ宮_上総一ノ宮,発,0457,0527,0548,,0608,,0614,,0617,0626,,・,,0640,0646,,,0700,,・,0705,0712,,0722,,0737,,0747,0754,・,0816,0833,・,0846,・,,0914,0933,0936,・,1001,,1021,,・,1040,,・,1101,2月23～25日はこの時刻に変更__1106_2月23～25日はこの時刻に変更_,1104,2月23～25日はこの時刻に変更__1108_2月23～25日はこの時刻に変更_,1120,,,1138,,・,,1216,,1234,1234,1239,,・,,1324,,1339,,・,,レ,1417,,1439,,1503,1503,,1517,,1539,,1600,レ,1621,,1631,,,1651,1702,1710,,・,,1738,,,1749,1806,,1815,1832,1840,,1855,,1903,・,1928,1938,,1956,,,2013,,,2028,2040,,2057,2102,,2113,,2134,,2211,,2257
八積_八積,発,0501,0532,0552,,レ,,レ,,0622,0630,,・,,0644,レ,,,レ,,・,0709,レ,,0726,,0741,,0752,レ,・,0821,レ,・,0850,・,,0919,レ,0940,・,1005,,レ,,・,1044,,・,レ,2月23～25日はこの時刻に変更__レ_2月23～25日はこの時刻に変更_,1109,2月23～25日はこの時刻に変更__1113_2月23～25日はこの時刻に変更_,レ,,,1142,,・,,1220,,レ,レ,1243,,・,,1328,,1343,,・,,レ,1422,,1443,,レ,レ,,1521,,1543,,1604,レ,レ,,レ,,,1655,1707,レ,,・,,レ,,,1753,レ,,1819,1837,レ,,レ,,1907,・,レ,1943,,レ,,,2017,,,2032,レ,,2101,レ,,2118,,2138,,2215,,2301
茂原_茂原,発,0506,0536,0557,,0615,,0621,,0626,0634,,・,,0657,0653,,,0707,,・,0721,0719,,0731,0738,0745,,0803,0800,・,0825,0839,・,0854,・,,0923,0939,0944,・,1010,,1028,,・,1048,,・,1108,2月23～25日はこの時刻に変更__1112_2月23～25日はこの時刻に変更_,1113,2月23～25日はこの時刻に変更__1117_2月23～25日はこの時刻に変更_,1127,,,1146,,・,1213,1225,,1241,1241,1247,,・,1312,1333,,1347,,・,1413,レ,1426,,1447,,1509,1509,1512,1525,,1547,,1608,レ,1628,,1638,1644,,1700,1711,1716,,・,,1744,1738,,1757,1813,,1823,1841,1846,,1902,,1911,・,1936,1947,,2003,,2012,2022,,2030,2040,2047,,2105,2110,,2122,,2143,,2219,,2306
新茂原_新茂原,発,0509,0540,0600,,レ,,レ,,0630,0638,,・,,0701,レ,,,レ,,・,0725,レ,,0734,0742,0749,,0806,レ,・,0828,レ,・,0858,・,,0926,レ,0948,・,1013,,レ,,・,1052,,・,レ,2月23～25日はこの時刻に変更__レ_2月23～25日はこの時刻に変更_,1116,2月23～25日はこの時刻に変更__1121_2月23～25日はこの時刻に変更_,レ,,,1150,,・,1216,1228,,レ,レ,1251,,・,1316,1336,,1351,,・,1416,レ,1429,,1451,,レ,レ,1516,1529,,1551,,1612,レ,レ,,レ,1648,,1703,1714,レ,,・,,レ,1742,,1801,レ,,1827,1844,レ,,レ,,1915,・,レ,1951,,レ,,2015,2025,,2033,2044,レ,,2109,レ,,2125,,2146,,2223,,2309
本納_本納,発,0513,0543,0604,,レ,,レ,,0633,0642,,・,,0704,レ,,,レ,,・,0729,レ,,0738,0746,0753,,0810,レ,・,0832,レ,・,0901,・,,0930,レ,0952,・,1017,,レ,,・,1055,,・,レ,2月23～25日はこの時刻に変更__レ_2月23～25日はこの時刻に変更_,1120,2月23～25日はこの時刻に変更__1124_2月23～25日はこの時刻に変更_,レ,,,1153,,・,1220,1232,,レ,レ,1254,,・,1320,1340,,1354,,・,1420,レ,1433,,1454,,レ,レ,1520,1533,,1554,,1616,レ,レ,,レ,1651,,1707,1723,レ,,・,,レ,1751,,1804,レ,,1830,1853,レ,,レ,,1918,・,レ,1954,,レ,,2019,2029,,2037,2053,レ,,2118,レ,,2129,,2150,,2226,,2313
永田_永田,発,0516,0546,0607,,レ,,レ,,0636,0645,,・,,0707,レ,,,レ,,・,0732,レ,,0741,0749,0756,,0813,レ,・,0835,レ,・,0904,・,,0933,レ,0955,・,1020,,レ,,・,1058,,・,レ,2月23～25日はこの時刻に変更__レ_2月23～25日はこの時刻に変更_,1123,2月23～25日はこの時刻に変更__1127_2月23～25日はこの時刻に変更_,レ,,,1156,,・,1223,1235,,レ,レ,1257,,・,1323,1343,,1357,,・,1423,レ,1436,,1457,,レ,レ,1523,1536,,1557,,1619,レ,レ,,レ,1654,,1710,1727,レ,,・,,レ,1754,,1807,レ,,1833,1856,レ,,レ,,1921,・,レ,1957,,レ,,2022,2032,,2040,2057,レ,,2121,レ,,2132,,2153,,2229,,2316
大網_大網,着,0518,0549,0609,,0623,,0629,,0639,0647,,0650,,0710,0701,,,0715,,0716,0734,0727,,0744,0751,0758,,0816,0808,0821,0838,0847,0845,0907,0919,,0936,0946,0957,1001,1022,,1036,,1043,1101,,1106,1116,2月23～25日はこの時刻に変更__1119_2月23～25日はこの時刻に変更_,1126,2月23～25日はこの時刻に変更__1130_2月23～25日はこの時刻に変更_,1135,,,1159,,1205,1226,1237,,1248,1248,1300,,1305,1325,1346,,1400,,1406,1426,レ,1439,,1500,,1516,1516,1525,1538,,1600,,1621,レ,1636,,1645,1657,,1712,1729,1724,,1733,,1751,1757,,1810,1821,,1836,1859,1854,,1910,,1924,1933,1945,2000,,2011,,2025,2034,,2043,2100,2054,,2124,2119,,2134,,2155,,2232,,2318
大網_大網,発,0519,0550,0610,,0623,,0629,,0640,0647,,0652,,0711,0701,,,0715,,0718,0735,0729,,0746,0752,0759,,0816,0810,0822,0838,0848,0851,0907,0921,,0936,0947,0958,1009,1023,,1036,,1049,1101,,1107,1117,2月23～25日はこの時刻に変更__1120_2月23～25日はこの時刻に変更_,1126,2月23～25日はこの時刻に変更__1130_2月23～25日はこの時刻に変更_,1135,,,1159,,1211,1226,1238,,1249,1249,1300,,1311,1326,1347,,1400,,1411,1426,レ,1439,,1500,,1518,1518,1526,1539,,1600,,1622,レ,1637,,1646,1657,,1713,1730,1724,,1736,,1752,1757,,1810,1822,,1836,1900,1854,,1911,,1924,1936,1948,2000,,2012,,2026,2035,,2043,2101,2054,,2126,2119,,2135,,2156,,2233,2248,2319
土気_土気,発,0524,0554,0615,,0627,,0634,,0644,0652,,0658,,0716,0706,,,0720,,0723,0740,0734,,0751,0758,0804,,0821,レ,0827,0843,0852,0856,0912,0926,,0941,0951,1002,1013,1028,,1041,,1053,1105,,1112,レ,2月23～25日はこの時刻に変更__レ_2月23～25日はこの時刻に変更_,1131,2月23～25日はこの時刻に変更__1135_2月23～25日はこの時刻に変更_,1140,,,1203,,1216,1231,1243,,レ,レ,1304,,1316,1330,1351,,1404,,1416,1431,レ,1444,,1504,,レ,レ,1530,1544,,1604,,1626,レ,1641,,レ,1702,,1718,1734,レ,,1741,,レ,1802,,1815,1826,,1841,1905,レ,,1915,,1929,1941,レ,2005,,2017,,2031,2039,,2048,2106,レ,,2130,2124,,2139,,2201,,2238,2253,2324
誉田_誉田,発,0529,0600,0620,,0632,,0639,,0650,0657,,0703,0715,0722,0711,,,0734,,┘,0745,0738,,0757,0803,0810,,0826,レ,0832,0848,レ,0901,0917,0931,,0946,レ,1007,1018,1033,,1046,,1058,1110,,1117,レ,2月23～25日はこの時刻に変更__レ_2月23～25日はこの時刻に変更_,1136,2月23～25日はこの時刻に変更__1140_2月23～25日はこの時刻に変更_,1145,,,1208,,1221,1236,1248,,レ,レ,1309,,1321,1335,1357,,1409,,1421,1436,レ,1449,,1509,,レ,レ,1535,1549,,1609,,1631,レ,1646,,レ,1707,,1723,1739,レ,,1746,,レ,1808,1815,1820,1831,,1846,1910,レ,,1920,,1934,1946,レ,2010,,2022,,2036,2044,,2053,2111,レ,,2135,2128,,2144,,2206,,2243,2258,2329
鎌取_鎌取,発,0532,0604,0624,,0636,┐,0642,,0654,0701,┐,0707,0719,0727,0715,,,0738,┐,,0749,0742,,0802,0808,0814,,0830,レ,0837,0852,レ,0904,0921,0935,,0950,レ,1011,1022,1036,,1049,,1102,1114,┐,1121,レ,2月23～25日はこの時刻に変更__レ_2月23～25日はこの時刻に変更_,1140,2月23～25日はこの時刻に変更__1144_2月23～25日はこの時刻に変更_,1149,,,1212,┐,1225,1240,1251,,レ,レ,1313,┐,1325,1339,1400,,1413,┐,1425,1440,レ,1453,,1513,┐,レ,レ,1539,1553,,1613,┐,1635,レ,1650,,レ,1711,,1726,1743,レ,,1750,,レ,1812,1820,1824,1835,,1850,1914,レ,,1924,,1938,1950,レ,2014,,2026,,2040,2047,┐,2057,2115,レ,,2139,2132,,2148,┐,2209,,2246,2302,2332
蘇我_蘇我,発,0538,0610,0635,,0641,0642,0652,,0659,0706,0710,0713,0725,0735,0722,,,0743,0744,,0757,0749,,0809,0814,0823,,0836,0824,0842,0857,0902,0910,0931,0940,,0955,1002,1019,1028,1043,,1055,,1110,1119,1120,1126,1130,2月23～25日はこの時刻に変更__1134_2月23～25日はこの時刻に変更_,1145,2月23～25日はこの時刻に変更__1149_2月23～25日はこの時刻に変更_,1154,,,1217,1220,1237,1245,1303,,1302,1302,1318,1320,1338,1346,1407,,1418,1420,1438,1445,1500,1503,,1517,1520,1531,1531,1545,1558,,1618,1620,1642,1645,1659,,1700,1722,,1732,1748,1737,,1755,,1805,1818,1825,1831,1841,,1855,1921,1907,,1930,,1943,1955,2001,2019,,2035,,2045,2052,2054,2102,2124,2107,,2147,2138,,2153,2157,2224,,2253,2307,2337
海浜幕張_海浜幕張,発,||,||,||,,＝,0655,||,,||,＝,0722,||,||,||,||,,,＝,0757,,||,||,,||,||,||,,||,レ,||,||,レ,||,||,||,,||,レ,||,||,||,,||,,||,＝,1132,||,1139,2月23～25日はこの時刻に変更__1143_2月23～25日はこの時刻に変更_,||,||,||,,,＝,1232,||,||,||,,1312,1312,＝,1332,||,||,||,,＝,1432,||,||,||,||,,＝,1532,1540,1540,||,||,,＝,1632,||,||,||,,1710,||,,||,||,||,,||,,1816,||,||,||,||,,||,||,1920,,||,,||,||,2012,||,,||,,||,＝,2107,||,||,2117,,||,||,,＝,2209,||,,||,||,||
本千葉_本千葉,発,0541,0613,0639,,,||,0655,,0703,,||,0716,0729,0738,0725,,,,||,,0801,0752,,0812,0817,0828,,0840,||,0845,0900,||,0914,0934,0943,,0958,||,1022,1031,1046,,1059,,1113,,||,1129,||,||,1149,2月23～25日はこの時刻に変更__1152_2月23～25日はこの時刻に変更_,1157,,,,||,1241,1249,1306,,||,||,,||,1341,1349,1411,,,||,1441,1448,レ,1506,,,||,||,||,1548,1601,,,||,1645,レ,1702,,||,1727,,1735,1752,レ,,1758,,||,1822,1828,1834,1844,,1859,1925,||,,1933,,1947,1959,||,2023,,2038,,2048,,||,2105,2127,||,,2151,2141,,,||,2227,,2256,2311,2341
千葉_千葉,着,0543,0616,0641,,,||,0658,┐,0705,,||,0719,0732,0741,0728,┐,,,||,,0803,0754,┐,0815,0820,0831,,0842,||,0848,0903,||,0916,0936,0946,,1001,||,1024,1034,1049,,1101,┐,1115,,||,1131,||,||,1152,2月23～25日はこの時刻に変更__1155_2月23～25日はこの時刻に変更_,1200,┐,,,||,1243,1252,1309,,||,||,,||,1343,1352,1413,,,||,1444,1450,1504,1509,,,||,||,||,1550,1604,,,||,1648,1651,1705,┐,||,1730,,1737,1754,1742,┐,1801,,||,1824,1831,1836,1846,┐,1901,1927,||,,1936,┐,1949,2001,||,2025,,2041,┐,2051,,||,2108,2130,||,,2153,2143,┐,,||,2230,,2258,2313,2343
千葉_千葉,発,,,,,,||,,0702,,,||,,,,,0730,,,||,,,,0755,,,,,,||,,,||,,,,,,||,,,,,,1102,,,||,,||,||,,,,1202,,,||,,,,,||,||,,||,,,,,,||,,,1506,,,,||,||,||,,,,,||,,1653,,1708,||,,,,,,1743,,,||,,,,,1848,,,||,,,1937,,,||,,,,2043,,,||,,,||,,,,2148,,||,,,,,
津田沼_津田沼,発,,,,,,||,,0712,,,||,,,,,0741,,,||,,,,0806,,,,,,||,,,||,,,,,,||,,,,,,1113,,,||,,||,||,,,,1213,,,||,,,,,||,||,,||,,,,,,||,,,レ,,,,||,||,||,,,,,||,,レ,,1719,||,,,,,,1753,,,||,,,,,1903,,,||,,,1948,,,||,,,,2054,,,||,,,||,,,,2200,,||,,,,,
船橋_船橋,発,,,,,,||,,0716,,,||,,,,,0744,,,||,,,,0810,,,,,,||,,,||,,,,,,||,,,,,,1117,,,||,,||,||,,,,1217,,,||,,,,,||,||,,||,,,,,,||,,,1520,,,,||,||,||,,,,,||,,1708,,1723,||,,,,,,1757,,,||,,,,,1907,,,||,,,1952,,,||,,,,2058,,,||,,,||,,,,2203,,||,,,,,
錦糸町_錦糸町,発,,,,,,||,,0732,,,||,,,,,0801,,,||,,,,0826,,,,,,||,,,||,,,,,,||,,,,,,1133,,,||,,||,||,,,,1233,,,||,,,,,||,||,,||,,,,,,||,,,1536,,,,||,||,||,,,,,||,,1720,,1745,||,,,,,,1809,,,||,,,,,1923,,,||,,,2010,,,||,,,,2115,,,||,,,||,,,,2221,,||,,,,,
東京_東京,着,,,,,,0725,,0740,,,0800,,,,,0808,,,0826,,,,0834,,,,,,0857,,,0934,,,,,,1036,,,,,,1141,,,1201,,1206,1206,,,,1241,,,1301,,,,,1338,1338,,1401,,,,,,1501,,,||,,,,1601,1606,1606,,,,,1702,,||,,1753,1735,,,,,,||,,,1841,,,,,1931,,,1946,,,2018,,,2038,,,,2123,,,2151,,,2140,,,,2229,,2248,,,,,
東京番線_東京番線,,,,,,,(京4),,(2),,,(京2),,,,,(1),,,(京4),,,,(2),,,,,,(京2),,,(京1),,,,,,(京1),,,,,,(2),,,(京3),,(京1),(京1),,,,(2),,,(京3),,,,,(京1),(京1),,(京3),,,,,,(京3),,,↓,,,,(京3),(京1),(京1),,,,,(京4),,↓,,(3),(京1),,,,,,↓,,,(京1),,,,,(1),,,(京1),,,(1),,,(京1),,,,(1),,,(京3),,,(京1),,,,(1),,(京4),,,,,
両国_両国,着,,,,,,,,,,,,,,,,・,,,,,,,,,,,,,,,,,,,,,,,,,,,,,,,,,,,,,,,,,,,,,,,,,,,,,,,,,,1539,,,,,,,,,,,,,レ,,,,,,,,,レ,,,,,,,,・,,,,,,・,,,,,,,・,,,,,,,,,,・,,,,,,,
秋葉原_秋葉原,着,,,,,,,,,,,,,,,,・,,,,,,,,,,,,,,,,,,,,,,,,,,,,,,,,,,,,,,,,,,,,,,,,,,,,,,,,,,,,,,,,,,,,,,,1726,,,,,,,,,1816,,,,,,,,・,,,,,,・,,,,,,,・,,,,,,,,,,・,,,,,,,
新宿_新宿,着,,,,,,,,,,,,,,,,・,,,,,,,,,,,,,,,,,,,,,,,,,,,,,,,,,,,,,,,,,,,,,,,,,,,,,,,,,,,,,,,,,,,,,,,1740,,,,,,,,,1829,,,,,,,,・,,,,,,・,,,,,,,・,,,,,,,,,,・,,,,,,,
新宿番線_新宿番線,,,,,,,,,,,,,,,,,・,,,,,,,,,,,,,,,,,,,,,,,,,,,,,,,,,,,,,,,,,,,,,,,,,,,,,,,,,,,,,,,,,,,,,,,(11),,,,,,,,,(7),,,,,,,,・,,,,,,・,,,,,,,・,,,,,,,,,,・,,,,,,,
終着,,___,___,___,___,___,___,___,___,___,___,___,___,___,___,___,逗子_0913_逗子_0913,___,___,___,___,___,___,___,___,___,___,___,___,___,___,___,___,___,___,___,___,___,___,___,___,___,___,___,___,___,___,___,___,___,___,___,___,___,___,___,___,___,___,___,___,___,___,___,___,___,___,___,___,___,___,___,___,___,___,___,___,___,___,___,___,___,___,___,___,___,___,___,___,___,___,___,___,___,___,___,___,___,___,___,___,___,___,___,大船_2025_大船_2025,___,___,___,___,___,久里浜_2144_久里浜_2144,___,___,___,___,___,___,久里浜_2251_久里浜_2251,___,___,___,___,___,___,___,___,___,久里浜_2355_久里浜_2355,___,___,___,___,___,___,___
次の区間,,,,,,,,,,,,,,,,,↓,,,,,,,,,,,,,,,,,,,,,,,,,,,,,,,,,,,,,,,,,,,,,,,,,,,,,,,,,,,,,,,,,,,,,,,,,,,,,,,,,,,,,,,,↓,,,,,,↓,,,,,,,↓,,,,,,,,,,↓,,,,,,,
