列車番号,,91B,91B,93B,93B,3095B,3095B,3095M,97B,97B,5049B,5049M,291B,291B,51B,171M,9121B,121B,121M,293B,201B,3001B,3001B,3001M,3001M,203B,9073B,9073M,9051B,9051B,9051M,5051B,5051M,251B,2203B,123B,123M,4101B,9415B,3005B,3005M,1125B,205B,205B,2053B,4103B,9075B,9075M,127B,127M,7B,7B,253B,6009B,6009M,9009B,9009M,53B,2301B,6129B,129B,129M,3011B,3011M,3011M,3011M,255B,131B,131M,13B,13B,55B,8177B,8177M,133B,133M,1015B,5015B,5015M,207B,3017B,3017M,9161B,57B,19B,19B,9019M,9019M,9079B,9079M,6135B,135B,135M,257B,3021B,3021M,3021M,2389B,2389B,9163B,59B,2307B,9081B,9081M,5055B,5055M,2055B,6137B,137B,137M,9165B,209B,209B,3023B,3023M,3023M,3023M,2337B,61B,5057B,5057M,5057M,1057B,2057B,9225B,6139B,139B,139M,9167B,259B,3025B,3025M,3025M,3025M,3025M,4391B,63B,5059B,5059M,9085B,9085M,6141B,141B,141M,9169B,211B,3027B,3027M,3027M,3027M,3027M,8029B,65B,5061B,5061M,2061B,9087B,9087M,2231B,6143B,143B,143M,9171B,261B,3031B,3031M,3031M,3031M,2397B,67B,67B,6033B,5033B,5033M,2033B,9089B,9089M,145B,145M,9199B,99B,69B,3035B,3035M,3035M,3035M,3035M,8037B,1147B,5065B,5065M,2065B,9091B,9091M,8105B,149B,149M,263B,3039B,3039M,3039M,3039M,1151B,215B,8067B,8067M,2067B,9093B,9093M,4107B,6153B,153B,153M,265B,3041B,3041M,3041M,3041M,71B,217B,4069B,8195B,8195M,8109B,267B,9489B,157B,157M,3043B,3043M,3043M,219B,4111B,9097B,9097M,269B,3045B,3045M,73B,271B,8117B,6159B,159B,159M,221B,6273B,275B,1047B,223B,277B,279B,281B
列車名_列車名,,はやて_91_はやて91,はやて_91_はやて91,はやて_93_はやて93,はやて_93_はやて93,はやぶさ_95_はやぶさ95,はやぶさ_95_はやぶさ95,こまち_95_こまち95,やまびこ_97_やまびこ97,やまびこ_97_やまびこ97,はやぶさ_49_はやぶさ49,こまち_49_こまち49,やまびこ_291_やまびこ291,やまびこ_291_やまびこ291,やまびこ_51_やまびこ51,つばさ_171_つばさ171,やまびこ_121_やまびこ121,つばさ_121_つばさ121,つばさ_121_つばさ121,やまびこ_293_やまびこ293,やまびこ_201_やまびこ201,はやぶさ_1_はやぶさ1,はやぶさ_1_はやぶさ1,こまち_1_こまち1,こまち_1_こまち1,やまびこ_203_やまびこ203,つばさ_73_つばさ73,つばさ_73_つばさ73,はやぶさ_51_はやぶさ51,はやぶさ_51_はやぶさ51,こまち_51_こまち51,はやぶさ_51_はやぶさ51,こまち_51_こまち51,なすの_251_なすの251,はやぶさ_203_はやぶさ203,やまびこ_123_やまびこ123,つばさ_123_つばさ123,はやぶさ_101_はやぶさ101,やまびこ_415_やまびこ415,はやぶさ_5_はやぶさ5,こまち_5_こまち5,やまびこ_125_やまびこ125,やまびこ_205_やまびこ205,やまびこ_205_やまびこ205,はやぶさ_53_はやぶさ53,はやぶさ_103_はやぶさ103,つばさ_75_つばさ75,つばさ_75_つばさ75,やまびこ_127_やまびこ127,つばさ_127_つばさ127,はやぶさ_7_はやぶさ7,はやぶさ_7_はやぶさ7,なすの_253_なすの253,はやぶさ_9_はやぶさ9,こまち_9_こまち9,はやぶさ_9_はやぶさ9,こまち_9_こまち9,やまびこ_53_やまびこ53,はやぶさ_301_はやぶさ301,やまびこ_129_やまびこ129,つばさ_129_つばさ129,つばさ_129_つばさ129,はやぶさ_11_はやぶさ11,こまち_11_こまち11,こまち_11_こまち11,こまち_11_こまち11,なすの_255_なすの255,やまびこ_131_やまびこ131,つばさ_131_つばさ131,はやぶさ_13_はやぶさ13,はやぶさ_13_はやぶさ13,やまびこ_55_やまびこ55,やまびこ_177_やまびこ177,つばさ_177_つばさ177,やまびこ_133_やまびこ133,つばさ_133_つばさ133,はやぶさ_15_はやぶさ15,はやぶさ_15_はやぶさ15,こまち_15_こまち15,やまびこ_207_やまびこ207,はやぶさ_17_はやぶさ17,こまち_17_こまち17,やまびこ_161_やまびこ161,やまびこ_57_やまびこ57,はやぶさ_19_はやぶさ19,はやぶさ_19_はやぶさ19,こまち_19_こまち19,こまち_19_こまち19,つばさ_79_つばさ79,つばさ_79_つばさ79,やまびこ_135_やまびこ135,つばさ_135_つばさ135,つばさ_135_つばさ135,なすの_257_なすの257,はやぶさ_21_はやぶさ21,こまち_21_こまち21,こまち_21_こまち21,はやぶさ_389_はやぶさ389,はやぶさ_389_はやぶさ389,やまびこ_163_やまびこ163,やまびこ_59_やまびこ59,はやぶさ_307_はやぶさ307,つばさ_81_つばさ81,つばさ_81_つばさ81,はやぶさ_55_はやぶさ55,こまち_55_こまち55,はやぶさ_55_はやぶさ55,やまびこ_137_やまびこ137,つばさ_137_つばさ137,つばさ_137_つばさ137,やまびこ_165_やまびこ165,やまびこ_209_やまびこ209,やまびこ_209_やまびこ209,はやぶさ_23_はやぶさ23,こまち_23_こまち23,こまち_23_こまち23,こまち_23_こまち23,はやぶさ_337_はやぶさ337,やまびこ_61_やまびこ61,はやぶさ_57_はやぶさ57,こまち_57_こまち57,こまち_57_こまち57,はやぶさ_57_はやぶさ57,はやぶさ_57_はやぶさ57,やまびこ_225_やまびこ225,やまびこ_139_やまびこ139,つばさ_139_つばさ139,つばさ_139_つばさ139,やまびこ_167_やまびこ167,なすの_259_なすの259,はやぶさ_25_はやぶさ25,こまち_25_こまち25,こまち_25_こまち25,こまち_25_こまち25,こまち_25_こまち25,はやぶさ_391_はやぶさ391,やまびこ_63_やまびこ63,はやぶさ_59_はやぶさ59,こまち_59_こまち59,つばさ_85_つばさ85,つばさ_85_つばさ85,やまびこ_141_やまびこ141,つばさ_141_つばさ141,つばさ_141_つばさ141,やまびこ_169_やまびこ169,やまびこ_211_やまびこ211,はやぶさ_27_はやぶさ27,こまち_27_こまち27,こまち_27_こまち27,こまち_27_こまち27,こまち_27_こまち27,はやぶさ_29_はやぶさ29,やまびこ_65_やまびこ65,はやぶさ_61_はやぶさ61,こまち_61_こまち61,はやぶさ_61_はやぶさ61,つばさ_87_つばさ87,つばさ_87_つばさ87,はやぶさ_231_はやぶさ231,やまびこ_143_やまびこ143,つばさ_143_つばさ143,つばさ_143_つばさ143,やまびこ_171_やまびこ171,なすの_261_なすの261,はやぶさ_31_はやぶさ31,こまち_31_こまち31,こまち_31_こまち31,こまち_31_こまち31,はやぶさ_397_はやぶさ397,やまびこ_67_やまびこ67,やまびこ_67_やまびこ67,はやぶさ_33_はやぶさ33,はやぶさ_33_はやぶさ33,こまち_33_こまち33,はやぶさ_33_はやぶさ33,つばさ_89_つばさ89,つばさ_89_つばさ89,やまびこ_145_やまびこ145,つばさ_145_つばさ145,やまびこ_199_やまびこ199,やまびこ_99_やまびこ99,やまびこ_69_やまびこ69,はやぶさ_35_はやぶさ35,こまち_35_こまち35,こまち_35_こまち35,こまち_35_こまち35,こまち_35_こまち35,はやぶさ_37_はやぶさ37,やまびこ_147_やまびこ147,はやぶさ_65_はやぶさ65,こまち_65_こまち65,はやぶさ_65_はやぶさ65,つばさ_91_つばさ91,つばさ_91_つばさ91,はやぶさ_105_はやぶさ105,やまびこ_149_やまびこ149,つばさ_149_つばさ149,なすの_263_なすの263,はやぶさ_39_はやぶさ39,こまち_39_こまち39,こまち_39_こまち39,こまち_39_こまち39,やまびこ_151_やまびこ151,やまびこ_215_やまびこ215,はやぶさ_67_はやぶさ67,こまち_67_こまち67,はやぶさ_67_はやぶさ67,つばさ_93_つばさ93,つばさ_93_つばさ93,はやぶさ_107_はやぶさ107,やまびこ_153_やまびこ153,つばさ_153_つばさ153,つばさ_153_つばさ153,なすの_265_なすの265,はやぶさ_41_はやぶさ41,こまち_41_こまち41,こまち_41_こまち41,こまち_41_こまち41,やまびこ_71_やまびこ71,やまびこ_217_やまびこ217,はやぶさ_69_はやぶさ69,やまびこ_195_やまびこ195,つばさ_195_つばさ195,はやぶさ_109_はやぶさ109,なすの_267_なすの267,やまびこ_489_やまびこ489,やまびこ_157_やまびこ157,つばさ_157_つばさ157,はやぶさ_43_はやぶさ43,こまち_43_こまち43,こまち_43_こまち43,やまびこ_219_やまびこ219,はやぶさ_111_はやぶさ111,つばさ_97_つばさ97,つばさ_97_つばさ97,なすの_269_なすの269,はやぶさ_45_はやぶさ45,こまち_45_こまち45,やまびこ_73_やまびこ73,なすの_271_なすの271,はやぶさ_117_はやぶさ117,やまびこ_159_やまびこ159,つばさ_159_つばさ159,つばさ_159_つばさ159,やまびこ_221_やまびこ221,なすの_273_なすの273,なすの_275_なすの275,はやぶさ_47_はやぶさ47,やまびこ_223_やまびこ223,なすの_277_なすの277,なすの_279_なすの279,なすの_281_なすの281
設備,,グリーン車指定席_グランクラス（車内サービスなし）_普通車全車指定席_____,グリーン車指定席_グランクラス（車内サービスなし）_普通車全車指定席_____,グリーン車指定席_グランクラス（車内サービスなし）_普通車全車指定席_____,グリーン車指定席_グランクラス（車内サービスなし）_普通車全車指定席_____,グリーン車指定席_グランクラス（車内サービスなし）_普通車全車指定席_____,グリーン車指定席_グランクラス（車内サービスなし）_普通車全車指定席_____,グリーン車指定席_普通車全車指定席____,グリーン車指定席_普通車一部指定席____,グリーン車指定席_普通車一部指定席____,グリーン車指定席_グランクラス_普通車全車指定席_____,グリーン車指定席_普通車全車指定席____,グリーン車指定席_グランクラス（車内サービスなし）____,グリーン車指定席_グランクラス（車内サービスなし）____,グリーン車指定席_グランクラス（車内サービスなし）_普通車一部指定席_____,グリーン車指定席_普通車全車指定席____,グリーン車指定席_普通車一部指定席____,グリーン車指定席_普通車全車指定席____,グリーン車指定席_普通車全車指定席____,グリーン車指定席___,グリーン車指定席_普通車一部指定席____,グリーン車指定席_グランクラス_普通車全車指定席_____,グリーン車指定席_グランクラス_普通車全車指定席_____,グリーン車指定席_普通車全車指定席____,グリーン車指定席_普通車全車指定席____,グリーン車指定席_グランクラス（車内サービスなし）_普通車一部指定席_____,グリーン車指定席_普通車全車指定席____,グリーン車指定席_普通車全車指定席____,グリーン車指定席_グランクラス_普通車全車指定席_____,グリーン車指定席_グランクラス_普通車全車指定席_____,グリーン車指定席_普通車全車指定席____,グリーン車指定席_グランクラス_普通車全車指定席_____,グリーン車指定席_普通車全車指定席____,グリーン車指定席_グランクラス（車内サービスなし）_普通車一部指定席_____,グリーン車指定席_グランクラス_普通車全車指定席_____,グリーン車指定席_普通車一部指定席____,グリーン車指定席_普通車全車指定席____,グリーン車指定席_グランクラス_普通車全車指定席_____,グリーン車指定席_グランクラス（車内サービスなし）_普通車一部指定席_____,グリーン車指定席_グランクラス_普通車全車指定席_____,グリーン車指定席_普通車全車指定席____,グリーン車指定席_グランクラス（車内サービスなし）_普通車一部指定席_____,グリーン車指定席_グランクラス（車内サービスなし）_普通車一部指定席_____,グリーン車指定席_グランクラス（車内サービスなし）_普通車一部指定席_____,グリーン車指定席_グランクラス（車内サービスなし）_普通車全車指定席_____,グリーン車指定席_グランクラス_普通車全車指定席_____,グリーン車指定席_普通車全車指定席____,グリーン車指定席_普通車全車指定席____,グリーン車指定席_普通車一部指定席____,グリーン車指定席_普通車全車指定席____,グリーン車指定席_グランクラス_普通車全車指定席_____,グリーン車指定席_グランクラス_普通車全車指定席_____,グリーン車指定席_グランクラス（車内サービスなし）_普通車一部指定席_____,グリーン車指定席_グランクラス_普通車全車指定席_____,グリーン車指定席_普通車全車指定席____,グリーン車指定席_グランクラス_普通車全車指定席_____,グリーン車指定席_普通車全車指定席____,グリーン車指定席_グランクラス（車内サービスなし）_普通車一部指定席_____,グリーン車指定席_グランクラス（車内サービスなし）_普通車全車指定席_____,グリーン車指定席_普通車一部指定席____,グリーン車指定席_普通車全車指定席____,グリーン車指定席_普通車全車指定席____,グリーン車指定席_グランクラス_普通車全車指定席_____,グリーン車指定席_普通車全車指定席____,グリーン車指定席_普通車全車指定席____,グリーン車指定席_普通車全車指定席____,グリーン車指定席_グランクラス（車内サービスなし）_普通車一部指定席_____,グリーン車指定席_普通車一部指定席____,グリーン車指定席_普通車全車指定席____,グリーン車指定席_グランクラス_普通車全車指定席_____,グリーン車指定席_グランクラス_普通車全車指定席_____,グリーン車指定席_グランクラス（車内サービスなし）_普通車一部指定席_____,グリーン車指定席_普通車一部指定席____,グリーン車指定席_普通車全車指定席____,グリーン車指定席_普通車一部指定席____,グリーン車指定席_普通車全車指定席____,グリーン車指定席_普通車全車指定席____,グリーン車指定席_グランクラス_普通車全車指定席_____,グリーン車指定席_普通車全車指定席____,グリーン車指定席_グランクラス（車内サービスなし）_普通車一部指定席_____,グリーン車指定席_グランクラス_普通車全車指定席_____,グリーン車指定席_普通車全車指定席____,グリーン車指定席_グランクラス（車内サービスなし）_普通車一部指定席_____,グリーン車指定席_グランクラス（車内サービスなし）_普通車一部指定席_____,グリーン車指定席_グランクラス_普通車全車指定席_____,グリーン車指定席_グランクラス_普通車全車指定席_____,グリーン車指定席_普通車全車指定席____,グリーン車指定席_普通車全車指定席____,グリーン車指定席_普通車全車指定席____,グリーン車指定席_普通車全車指定席____,グリーン車指定席_普通車一部指定席____,グリーン車指定席_普通車全車指定席____,グリーン車指定席_普通車全車指定席____,グリーン車指定席_グランクラス（車内サービスなし）_普通車一部指定席_____,グリーン車指定席_グランクラス_普通車全車指定席_____,グリーン車指定席_普通車全車指定席____,グリーン車指定席_普通車全車指定席____,グリーン車指定席_グランクラス_普通車全車指定席_____,グリーン車指定席_グランクラス_普通車全車指定席_____,グリーン車指定席_グランクラス（車内サービスなし）_普通車一部指定席_____,グリーン車指定席_グランクラス（車内サービスなし）_普通車一部指定席_____,グリーン車指定席_グランクラス（車内サービスなし）_普通車全車指定席_____,グリーン車指定席_普通車全車指定席____,グリーン車指定席_普通車全車指定席____,グリーン車指定席_グランクラス_普通車全車指定席_____,グリーン車指定席_普通車全車指定席____,グリーン車指定席_グランクラス_普通車全車指定席_____,グリーン車指定席_普通車一部指定席____,グリーン車指定席_普通車全車指定席____,グリーン車指定席_普通車全車指定席____,グリーン車指定席_グランクラス（車内サービスなし）_普通車一部指定席_____,グリーン車指定席_グランクラス（車内サービスなし）_普通車一部指定席_____,グリーン車指定席_グランクラス（車内サービスなし）_普通車一部指定席_____,グリーン車指定席_グランクラス_普通車全車指定席_____,グリーン車指定席_普通車全車指定席____,グリーン車指定席_普通車全車指定席____,グリーン車指定席_普通車全車指定席____,グリーン車指定席_グランクラス_普通車全車指定席_____,グリーン車指定席_グランクラス（車内サービスなし）_普通車一部指定席_____,グリーン車指定席_グランクラス_普通車全車指定席_____,グリーン車指定席_普通車全車指定席____,グリーン車指定席_普通車全車指定席____,グリーン車指定席_グランクラス（車内サービスなし）_普通車全車指定席_____,グリーン車指定席_グランクラス_普通車全車指定席_____,グリーン車指定席_グランクラス（車内サービスなし）_普通車一部指定席_____,グリーン車指定席_普通車一部指定席____,グリーン車指定席_普通車全車指定席____,グリーン車指定席_普通車全車指定席____,グリーン車指定席_普通車一部指定席____,グリーン車指定席_グランクラス（車内サービスなし）_普通車一部指定席_____,グリーン車指定席_グランクラス_普通車全車指定席_____,グリーン車指定席_普通車全車指定席____,グリーン車指定席_普通車全車指定席____,グリーン車指定席_普通車全車指定席____,グリーン車指定席_普通車全車指定席____,グリーン車指定席_グランクラス_普通車全車指定席_____,グリーン車指定席_グランクラス（車内サービスなし）_普通車一部指定席_____,グリーン車指定席_グランクラス_普通車全車指定席_____,グリーン車指定席_普通車全車指定席____,グリーン車指定席_普通車全車指定席____,グリーン車指定席_普通車全車指定席____,グリーン車指定席_普通車一部指定席____,グリーン車指定席_普通車全車指定席____,グリーン車指定席_普通車全車指定席____,グリーン車指定席_普通車一部指定席____,グリーン車指定席_グランクラス（車内サービスなし）_普通車一部指定席_____,グリーン車指定席_グランクラス_普通車全車指定席_____,グリーン車指定席_普通車全車指定席____,グリーン車指定席_普通車全車指定席____,グリーン車指定席_普通車全車指定席____,グリーン車指定席_普通車全車指定席____,グリーン車指定席_グランクラス_普通車全車指定席_____,グリーン車指定席_グランクラス（車内サービスなし）_普通車一部指定席_____,グリーン車指定席_グランクラス_普通車全車指定席_____,グリーン車指定席_普通車全車指定席____,グリーン車指定席_グランクラス_普通車全車指定席_____,グリーン車指定席_普通車全車指定席____,グリーン車指定席_普通車全車指定席____,グリーン車指定席_グランクラス_普通車全車指定席_____,グリーン車指定席_普通車一部指定席____,グリーン車指定席_普通車全車指定席____,グリーン車指定席_普通車全車指定席____,グリーン車指定席_グランクラス（車内サービスなし）_普通車一部指定席_____,グリーン車指定席_グランクラス（車内サービスなし）_普通車一部指定席_____,グリーン車指定席_グランクラス_普通車全車指定席_____,グリーン車指定席_普通車全車指定席____,グリーン車指定席_普通車全車指定席____,グリーン車指定席_普通車全車指定席____,グリーン車指定席_グランクラス_普通車全車指定席_____,グリーン車指定席_グランクラス（車内サービスなし）_普通車一部指定席_____,グリーン車指定席_グランクラス（車内サービスなし）_普通車一部指定席_____,グリーン車指定席_グランクラス（車内サービスなし）_普通車全車指定席_____,グリーン車指定席_グランクラス_普通車全車指定席_____,グリーン車指定席_普通車全車指定席____,グリーン車指定席_グランクラス_普通車全車指定席_____,グリーン車指定席_普通車全車指定席____,グリーン車指定席_普通車全車指定席____,グリーン車指定席_普通車一部指定席____,グリーン車指定席_普通車全車指定席____,グリーン車指定席_グランクラス（車内サービスなし）_普通車一部指定席_____,グリーン車指定席_普通車一部指定席____,グリーン車指定席_グランクラス（車内サービスなし）_普通車一部指定席_____,グリーン車指定席_グランクラス_普通車全車指定席_____,グリーン車指定席_普通車全車指定席____,グリーン車指定席_普通車全車指定席____,グリーン車指定席_普通車全車指定席____,グリーン車指定席_普通車全車指定席____,グリーン車指定席_グランクラス_普通車全車指定席_____,グリーン車指定席_グランクラス（車内サービスなし）_普通車一部指定席_____,グリーン車指定席_グランクラス_普通車全車指定席_____,グリーン車指定席_普通車全車指定席____,グリーン車指定席_グランクラス_普通車全車指定席_____,グリーン車指定席_普通車全車指定席____,グリーン車指定席_普通車全車指定席____,グリーン車指定席_グランクラス（車内サービスなし）_普通車全車指定席_____,グリーン車指定席_普通車一部指定席____,グリーン車指定席_普通車全車指定席____,グリーン車指定席_グランクラス（車内サービスなし）____,グリーン車指定席_グランクラス_普通車全車指定席_____,グリーン車指定席_普通車全車指定席____,グリーン車指定席_普通車全車指定席____,グリーン車指定席_普通車全車指定席____,グリーン車指定席_グランクラス（車内サービスなし）_普通車一部指定席_____,グリーン車指定席_グランクラス（車内サービスなし）_普通車一部指定席_____,グリーン車指定席_グランクラス_普通車全車指定席_____,グリーン車指定席_普通車全車指定席____,グリーン車指定席_グランクラス_普通車全車指定席_____,グリーン車指定席_普通車全車指定席____,グリーン車指定席_普通車全車指定席____,グリーン車指定席_グランクラス_普通車全車指定席_____,グリーン車指定席_普通車一部指定席____,グリーン車指定席_普通車全車指定席____,グリーン車指定席_普通車全車指定席____,グリーン車指定席_グランクラス（車内サービスなし）____,グリーン車指定席_グランクラス_普通車全車指定席_____,グリーン車指定席_普通車全車指定席____,グリーン車指定席_普通車全車指定席____,グリーン車指定席_普通車全車指定席____,グリーン車指定席_グランクラス（車内サービスなし）_普通車一部指定席_____,グリーン車指定席_グランクラス（車内サービスなし）_普通車一部指定席_____,グリーン車指定席_グランクラス_普通車全車指定席_____,グリーン車指定席_普通車一部指定席____,グリーン車指定席_普通車全車指定席____,グリーン車指定席_グランクラス（車内サービスなし）_普通車全車指定席_____,グリーン車指定席___,グリーン車指定席_グランクラス（車内サービスなし）_普通車一部指定席_____,グリーン車指定席_普通車一部指定席____,グリーン車指定席_普通車全車指定席____,グリーン車指定席_グランクラス_普通車全車指定席_____,グリーン車指定席_普通車全車指定席____,グリーン車指定席_普通車全車指定席____,グリーン車指定席_グランクラス（車内サービスなし）_普通車一部指定席_____,グリーン車指定席_グランクラス_普通車全車指定席_____,グリーン車指定席_普通車全車指定席____,グリーン車指定席_普通車全車指定席____,グリーン車指定席___,グリーン車指定席_グランクラス_普通車全車指定席_____,グリーン車指定席_普通車全車指定席____,グリーン車指定席_グランクラス（車内サービスなし）_普通車一部指定席_____,グリーン車指定席_グランクラス（車内サービスなし）____,グリーン車指定席_グランクラス（車内サービスなし）_普通車全車指定席_____,グリーン車指定席_普通車一部指定席____,グリーン車指定席_普通車全車指定席____,グリーン車指定席_普通車全車指定席____,グリーン車指定席_グランクラス（車内サービスなし）_普通車一部指定席_____,グリーン車指定席_グランクラス（車内サービスなし）____,グリーン車指定席_グランクラス（車内サービスなし）____,グリーン車指定席_グランクラス（車内サービスなし）_普通車全車指定席_____,グリーン車指定席_グランクラス（車内サービスなし）_普通車一部指定席_____,グリーン車指定席_グランクラス（車内サービスなし）____,グリーン車指定席_グランクラス（車内サービスなし）____,グリーン車指定席___
運転日,,全日,12月30日～1月4日はこの時刻に変更__時変_12月30日～1月4日はこの時刻に変更_,全日,12月30日～1月4日はこの時刻に変更__時変_12月30日～1月4日はこの時刻に変更_,全日,12月30日～1月4日はこの時刻に変更__時変_12月30日～1月4日はこの時刻に変更_,全日,全日,12月29～31日・1月2～5・19・26日はこの時刻に変更__時変_12月29～31日・1月2～5・19・26日はこの時刻に変更_,12月29～31日運転__◆_12月29～31日運転_,12月29～31日運転__◆_12月29～31日運転_,全日,12月29～31日・1月2～5・19・26日はこの時刻に変更__時変_12月29～31日・1月2～5・19・26日はこの時刻に変更_,全日,全日,12月29・30日運転__◆_12月29・30日運転_,全日,全日,土曜・休日と12月30日～1月3日は運休__◆_土曜・休日と12月30日～1月3日は運休_,全日,全日,12月30日～1月4日はこの時刻に変更__時変_12月30日～1月4日はこの時刻に変更_,全日,1月2～5日はこの時刻に変更__時変_1月2～5日はこの時刻に変更_,全日,12月29・30日運転__◆_12月29・30日運転_,12月29・30日運転__◆_12月29・30日運転_,12月29・30日・2月10日運転__◆_12月29・30日・2月10日運転_,12月29日・2月10日はこの時刻に変更__時変_12月29日・2月10日はこの時刻に変更_,12月29・30日・2月10日運転__◆_12月29・30日・2月10日運転_,11月23日・12月28・31日・1月6日・2月23日運転__◆_11月23日・12月28・31日・1月6日・2月23日運転_,11月23日・12月28・31日・1月6日・2月23日運転__◆_11月23日・12月28・31日・1月6日・2月23日運転_,土曜・休日と12月30日～1月3日は運休__◆_土曜・休日と12月30日～1月3日は運休_,12月2・9・29～31日・1月20・27日運転__◆_12月2・9・29～31日・1月20・27日運転_,全日,全日,全日,12月29・30日運転__◆_12月29・30日運転_,全日,全日,全日,全日,12月29～31日はこの時刻に変更__時変_12月29～31日はこの時刻に変更_,12月29～31日運転__◆_12月29～31日運転_,全日,12月29～31日運転__◆_12月29～31日運転_,12月29～31日運転__◆_12月29～31日運転_,全日,全日,全日,12月30日～1月4日はこの時刻に変更__時変_12月30日～1月4日はこの時刻に変更_,全日,11月20日～12月28・30日～2月29日運転__◆_11月20日～12月28・30日～2月29日運転_,11月20日～12月28・30日～2月29日運転__◆_11月20日～12月28・30日～2月29日運転_,12月29日運転__◆_12月29日運転_,12月29日運転__◆_12月29日運転_,全日,12月29～31日運転__◆_12月29～31日運転_,11月23・25・27日・12月2・9・16・23・29～31日・1月2～6・8・9・13・20・27日・2月3・10・13・17・23・26日運転__◆_11月23・25・27日・12月2・9・16・23・29～31日・1月2～6・8・9・13・20・27日・2月3・10・13・17・23・26日運転_,全日,全日,全日,全日,1月5日はこの時刻に変更__時変_1月5日はこの時刻に変更_,1月2～4日はこの時刻に変更__時変_1月2～4日はこの時刻に変更_,全日,全日,全日,全日,12月31日～1月4日はこの時刻に変更__時変_12月31日～1月4日はこの時刻に変更_,全日,11月23～25日・12月2・9・16・23・28～31日・1月6・13・20・27日・2月3・10・17・23日運転__◆_11月23～25日・12月2・9・16・23・28～31日・1月6・13・20・27日・2月3・10・17・23日運転_,11月23～25日・12月2・9・16・23・28～31日・1月6・13・20・27日・2月3・10・17・23日運転__◆_11月23～25日・12月2・9・16・23・28～31日・1月6・13・20・27日・2月3・10・17・23日運転_,全日,全日,11月23日・12月1・2・8・9・25～31日・1月6・20・27日・2月10・23日は運休__◆_11月23日・12月1・2・8・9・25～31日・1月6・20・27日・2月10・23日は運休_,11月23日・12月1・2・8・9・25～31日・1月6・20・27日・2月10・23日運転__◆_11月23日・12月1・2・8・9・25～31日・1月6・20・27日・2月10・23日運転_,11月23日・12月1・2・8・9・25～31日・1月6・20・27日・2月10・23日運転__◆_11月23日・12月1・2・8・9・25～31日・1月6・20・27日・2月10・23日運転_,全日,全日,全日,11月23・25日・12月27～31日・1月6日・2月10・23日運転__◆_11月23・25日・12月27～31日・1月6日・2月10・23日運転_,全日,全日,12月31日～1月4日はこの時刻に変更__時変_12月31日～1月4日はこの時刻に変更_,11月23日・12月26～31日・1月6日・2月10・23日運転__◆_11月23日・12月26～31日・1月6日・2月10・23日運転_,12月26～31日はこの時刻に変更__時変_12月26～31日はこの時刻に変更_,12月29～31日・1月6・20・27日・2月3・10・17・23日運転__◆_12月29～31日・1月6・20・27日・2月3・10・17・23日運転_,12月29～31日・1月6・20・27日・2月3・10・17・23日運転__◆_12月29～31日・1月6・20・27日・2月3・10・17・23日運転_,11月20日～2月29日運転__◆_11月20日～2月29日運転_,全日,全日,全日,全日,全日,11月26日・1月2～5・8日・2月12・25日はこの時刻に変更__時変_11月26日・1月2～5・8日・2月12・25日はこの時刻に変更_,11月23日・12月29～31日・2月10・23日運転__◆_11月23日・12月29～31日・2月10・23日運転_,12月29～31日・2月10・23日はこの時刻に変更__時変_12月29～31日・2月10・23日はこの時刻に変更_,12月27・28日運転__◆_12月27・28日運転_,全日,12月29～31日運転__◆_12月29～31日運転_,12月28日～1月4日運転__◆_12月28日～1月4日運転_,12月28日～1月4日運転__◆_12月28日～1月4日運転_,11月23日・12月25～31日・1月6日・2月10・23日運転__◆_11月23日・12月25～31日・1月6日・2月10・23日運転_,11月23日・12月25～31日・1月6日・2月10・23日運転__◆_11月23日・12月25～31日・1月6日・2月10・23日運転_,12月1～10・16・23日・1月13・18～28日・2月3・11・17・24日運転__◆_12月1～10・16・23日・1月13・18～28日・2月3・11・17・24日運転_,2月29日まで運転__◆_2月29日まで運転_,全日,全日,11月23日・12月29～31日運転__◆_11月23日・12月29～31日運転_,全日,12月29～31日はこの時刻に変更__時変_12月29～31日はこの時刻に変更_,全日,全日,12月25～31日・1月6日・2月10・23日はこの時刻に変更__時変_12月25～31日・1月6日・2月10・23日はこの時刻に変更_,11月26日・1月2～5・8日・2月12・25日はこの時刻に変更__時変_11月26日・1月2～5・8日・2月12・25日はこの時刻に変更_,12月29～31日運転__◆_12月29～31日運転_,全日,11月23日・12月24～31日・2月10・23日運転__◆_11月23日・12月24～31日・2月10・23日運転_,11月23日・12月24～31日・2月10・23日運転__◆_11月23日・12月24～31日・2月10・23日運転_,12月24～31日・2月10・23日はこの時刻に変更__時変_12月24～31日・2月10・23日はこの時刻に変更_,12月10日・1月2～4・27・28日運転__◆_12月10日・1月2～4・27・28日運転_,11月24・26日・12月9日・1月1・6・8日・2月12・25日運転__◆_11月24・26日・12月9日・1月1・6・8日・2月12・25日運転_,12月29～31日運転__◆_12月29～31日運転_,11月22～26日・12月2・9・16・23・28日～1月4・6～8・13・20・27日・2月3・10～12・17・23～25日運転__◆_11月22～26日・12月2・9・16・23・28日～1月4・6～8・13・20・27日・2月3・10～12・17・23～25日運転_,全日,全日,12月27～31日運転__◆_12月27～31日運転_,全日,全日,全日,12月25～31日・2月10・23日はこの時刻に変更__時変_12月25～31日・2月10・23日はこの時刻に変更_,1月2～4・8日・2月12・25日はこの時刻に変更__時変_1月2～4・8日・2月12・25日はこの時刻に変更_,11月26日・1月5日はこの時刻に変更__時変_11月26日・1月5日はこの時刻に変更_,12月29～31日運転__◆_12月29～31日運転_,全日,12月24・28～31日運転__◆_12月24・28～31日運転_,12月24・28～31日運転__◆_12月24・28～31日運転_,12月29日～1月4日運転__◆_12月29日～1月4日運転_,12月29日～1月4日運転__◆_12月29日～1月4日運転_,2月29日まで運転__◆_2月29日まで運転_,全日,全日,12月28～31日運転__◆_12月28～31日運転_,全日,全日,全日,12月25～27日・2月10・23日はこの時刻に変更__時変_12月25～27日・2月10・23日はこの時刻に変更_,12月24・28～31日はこの時刻に変更__時変_12月24・28～31日はこの時刻に変更_,1月2～4・8日・2月12・25日はこの時刻に変更__時変_1月2～4・8日・2月12・25日はこの時刻に変更_,12月28～31日運転__◆_12月28～31日運転_,全日,11月26日・12月28～31日・1月6日・2月10・23日運転__◆_11月26日・12月28～31日・1月6日・2月10・23日運転_,11月26日・12月28～31日・1月6日・2月10・23日運転__◆_11月26日・12月28～31日・1月6日・2月10・23日運転_,11月22・24日・12月3・10日・1月8・21・28日運転__◆_11月22・24日・12月3・10日・1月8・21・28日運転_,11月26日・12月29～31日・1月8日・2月12・25日運転__◆_11月26日・12月29～31日・1月8日・2月12・25日運転_,11月26日・12月29～31日・1月8日・2月12・25日運転__◆_11月26日・12月29～31日・1月8日・2月12・25日運転_,12月29～31日運転__◆_12月29～31日運転_,2月29日まで運転__◆_2月29日まで運転_,全日,全日,11月26日・12月28日～1月3日運転__◆_11月26日・12月28日～1月3日運転_,全日,全日,全日,12月28～31日・1月6日・2月10・23日はこの時刻に変更__時変_12月28～31日・1月6日・2月10・23日はこの時刻に変更_,1月2～4日はこの時刻に変更__時変_1月2～4日はこの時刻に変更_,12月28～31日運転__◆_12月28～31日運転_,全日,12月29・30日はこの時刻に変更__時変_12月29・30日はこの時刻に変更_,11月20・21・23・25・27～29日・12月2・4～7・9・11～27日・1月1～7・9～13・15～18・20・22～25・27・29日～2月3・5～8・10・11・13～17・19～21・23・24・26～29日運転__◆_11月20・21・23・25・27～29日・12月2・4～7・9・11～27日・1月1～7・9～13・15～18・20・22～25・27・29日～2月3・5～8・10・11・13～17・19～21・23・24・26～29日運転_,11月26日・12月29・30日・2月12・25日運転__◆_11月26日・12月29・30日・2月12・25日運転_,11月26日・12月29・30日・2月12・25日運転__◆_11月26日・12月29・30日・2月12・25日運転_,11月22・24・30日・12月1・3・8・10・28・31日・1月8・14・19・21・26・28日・2月4・9・18・22日運転__◆_11月22・24・30日・12月1・3・8・10・28・31日・1月8・14・19・21・26・28日・2月4・9・18・22日運転_,12月3・10・17・24・28～31日・1月8・14・21・28日・2月4・12・18・25日運転__◆_12月3・10・17・24・28～31日・1月8・14・21・28日・2月4・12・18・25日運転_,12月3・10・17・24・28～31日・1月8・14・21・28日・2月4・12・18・25日運転__◆_12月3・10・17・24・28～31日・1月8・14・21・28日・2月4・12・18・25日運転_,全日,全日,11月26日・12月28～30日運転__◆_11月26日・12月28～30日運転_,土曜・休日と12月28日～1月3日は運休__◆_土曜・休日と12月28日～1月3日は運休_,全日,全日,全日,12月28日はこの時刻に変更__時変_12月28日はこの時刻に変更_,12月29・30日はこの時刻に変更__時変_12月29・30日はこの時刻に変更_,1月2～4日はこの時刻に変更__時変_1月2～4日はこの時刻に変更_,11月26日・12月28～30日運転__◆_11月26日・12月28～30日運転_,全日,11月26日・12月28～30日・1月8日・2月12・25日運転__◆_11月26日・12月28～30日・1月8日・2月12・25日運転_,11月26日・12月28～30日・1月8日・2月12・25日運転__◆_11月26日・12月28～30日・1月8日・2月12・25日運転_,11月22・24・25日・12月1・3・8・10・17・24日・1月7・14・19・21・26・28日・2月4・9・11・18・22・24日運転__◆_11月22・24・25日・12月1・3・8・10・17・24日・1月7・14・19・21・26・28日・2月4・9・11・18・22・24日運転_,12月3・10・17・24・28～30日・1月7・8・14・21・28日・2月4・11・12・18・24・25日運転__◆_12月3・10・17・24・28～30日・1月7・8・14・21・28日・2月4・11・12・18・24・25日運転_,12月3・10・17・24・28～30日・1月7・8・14・21・28日・2月4・11・12・18・24・25日運転__◆_12月3・10・17・24・28～30日・1月7・8・14・21・28日・2月4・11・12・18・24・25日運転_,11月26日・12月29・30日運転__◆_11月26日・12月29・30日運転_,全日,全日,全日,全日,全日,11月26日・12月28～31日・2月12・25日はこの時刻に変更__時変_11月26日・12月28～31日・2月12・25日はこの時刻に変更_,1月2～4日はこの時刻に変更__時変_1月2～4日はこの時刻に変更_,全日,全日,11月22・26日・12月28～30日・1月5・8日・2月12・25日運転__◆_11月22・26日・12月28～30日・1月5・8日・2月12・25日運転_,11月22・26日・12月28～30日・1月5・8日・2月12・25日運転__◆_11月22・26日・12月28～30日・1月5・8日・2月12・25日運転_,11月24・25日・12月1・3・8・10・15・17・22・24日・1月7・12・14・19・21・26・28日・2月2・4・9・11・16・18・22・24日運転__◆_11月24・25日・12月1・3・8・10・15・17・22・24日・1月7・12・14・19・21・26・28日・2月2・4・9・11・16・18・22・24日運転_,11月22・24・26日・12月28～30日・1月5日・2月9・22日運転__◆_11月22・24・26日・12月28～30日・1月5日・2月9・22日運転_,11月22・24・26日・12月28～30日・1月5日・2月9・22日運転__◆_11月22・24・26日・12月28～30日・1月5日・2月9・22日運転_,全日,2月29日まで運転__◆_2月29日まで運転_,全日,全日,全日,全日,全日,11月26日・12月28～30日・2月12・25日はこの時刻に変更__時変_11月26日・12月28～30日・2月12・25日はこの時刻に変更_,1月2～4日はこの時刻に変更__時変_1月2～4日はこの時刻に変更_,全日,全日,11月22・26日・12月1・3・8・10・15・17・22・24・28～30日・1月5・8・12・14・19・21・26・28日・2月2・4・9・12・16・18・22・25日運転__◆_11月22・26日・12月1・3・8・10・15・17・22・24・28～30日・1月5・8・12・14・19・21・26・28日・2月2・4・9・12・16・18・22・25日運転_,12月1・8・15・22日・1月5・12・19・26日・2月2・9・16・22日運転__◆_12月1・8・15・22日・1月5・12・19・26日・2月2・9・16・22日運転_,12月1・8・15・22日・1月5・12・19・26日・2月2・9・16・22日運転__◆_12月1・8・15・22日・1月5・12・19・26日・2月2・9・16・22日運転_,11月24・26日・12月28～30日運転__◆_11月24・26日・12月28～30日運転_,全日,12月28～30日運転__◆_12月28～30日運転_,全日,全日,全日,全日,11月26日・12月28～30日・1月8日・2月12・25日はこの時刻に変更__時変_11月26日・12月28～30日・1月8日・2月12・25日はこの時刻に変更_,全日,全日,11月22・24・26日・12月28～30日運転__◆_11月22・24・26日・12月28～30日運転_,11月22・24・26日・12月28～30日運転__◆_11月22・24・26日・12月28～30日運転_,全日,全日,全日,全日,全日,12月28～30日運転__◆_12月28～30日運転_,11月20～22・24日～12月1・3・8・10・15・17・22・24・28日～1月5・7・8・12・14・19・21・26・28日・2月2・4・9・11・12・16・18・22・24・25日運転__◆_11月20～22・24日～12月1・3・8・10・15・17・22・24・28日～1月5・7・8・12・14・19・21・26・28日・2月2・4・9・11・12・16・18・22・24・25日運転_,全日,全日,全日,11月22日運転__◆_11月22日運転_,全日,全日,全日,全日,全日,全日
記事,,,,,,,,仙台－盛岡間は3095B〔はやぶさ95号〕に併結__★_仙台－盛岡間は3095B〔はやぶさ95号〕に併結_,,,,東京－盛岡間は5049B〔はやぶさ49号〕に併結__★_東京－盛岡間は5049B〔はやぶさ49号〕に併結_,,,,,,,,,,,,東京－盛岡間は3001B〔はやぶさ1号〕に併結__★_東京－盛岡間は3001B〔はやぶさ1号〕に併結_,東京－盛岡間は3001B〔はやぶさ1号〕に併結__★_東京－盛岡間は3001B〔はやぶさ1号〕に併結_,,,,,,東京－盛岡間は9051B〔はやぶさ51号〕に併結__★_東京－盛岡間は9051B〔はやぶさ51号〕に併結_,,東京－盛岡間は5051B〔はやぶさ51号〕に併結__★_東京－盛岡間は5051B〔はやぶさ51号〕に併結_,,,,東京－福島間は123B〔やまびこ123号〕に併結__★_東京－福島間は123B〔やまびこ123号〕に併結_,,,,東京－盛岡間は3005B〔はやぶさ5号〕に併結__★_東京－盛岡間は3005B〔はやぶさ5号〕に併結_,,,,,,,,,東京－福島間は127B〔やまびこ127号〕に併結__★_東京－福島間は127B〔やまびこ127号〕に併結_,,,,,東京－盛岡間は6009B〔はやぶさ9号〕に併結__★_東京－盛岡間は6009B〔はやぶさ9号〕に併結_,,東京－盛岡間は9009B〔はやぶさ9号〕に併結__★_東京－盛岡間は9009B〔はやぶさ9号〕に併結_,,,,,,,東京－盛岡間は3011B〔はやぶさ11号〕に併結__★_東京－盛岡間は3011B〔はやぶさ11号〕に併結_,東京－盛岡間は3011B〔はやぶさ11号〕に併結__★_東京－盛岡間は3011B〔はやぶさ11号〕に併結_,東京－盛岡間は3011B〔はやぶさ11号〕に併結__★_東京－盛岡間は3011B〔はやぶさ11号〕に併結_,,,東京－福島間は131B〔やまびこ131号〕に併結__★_東京－福島間は131B〔やまびこ131号〕に併結_,,,,,東京－福島間は8177B〔やまびこ177号〕に併結__★_東京－福島間は8177B〔やまびこ177号〕に併結_,,東京－福島間は133B〔やまびこ133号〕に併結__★_東京－福島間は133B〔やまびこ133号〕に併結_,,,東京－盛岡間は5015B〔はやぶさ15号〕に併結__★_東京－盛岡間は5015B〔はやぶさ15号〕に併結_,,,東京－盛岡間は3017B〔はやぶさ17号〕に併結__★_東京－盛岡間は3017B〔はやぶさ17号〕に併結_,,,,,東京－盛岡間は19B〔はやぶさ19号〕に併結__★_東京－盛岡間は19B〔はやぶさ19号〕に併結_,東京－盛岡間は19B〔はやぶさ19号〕に併結__★_東京－盛岡間は19B〔はやぶさ19号〕に併結_,,,,,,,,東京－盛岡間は3021B〔はやぶさ21号〕に併結__★_東京－盛岡間は3021B〔はやぶさ21号〕に併結_,東京－盛岡間は3021B〔はやぶさ21号〕に併結__★_東京－盛岡間は3021B〔はやぶさ21号〕に併結_,,,,,,,,,東京－盛岡間は5055B〔はやぶさ55号〕に併結__★_東京－盛岡間は5055B〔はやぶさ55号〕に併結_,,,,,,,,,東京－盛岡間は3023B〔はやぶさ23号〕に併結__★_東京－盛岡間は3023B〔はやぶさ23号〕に併結_,東京－盛岡間は3023B〔はやぶさ23号〕に併結__★_東京－盛岡間は3023B〔はやぶさ23号〕に併結_,東京－盛岡間は3023B〔はやぶさ23号〕に併結__★_東京－盛岡間は3023B〔はやぶさ23号〕に併結_,,,,東京－盛岡間は5057B〔はやぶさ57号〕に併結__★_東京－盛岡間は5057B〔はやぶさ57号〕に併結_,東京－盛岡間は5057B〔はやぶさ57号〕に併結__★_東京－盛岡間は5057B〔はやぶさ57号〕に併結_,,,,,,,,,,東京－盛岡間は3025B〔はやぶさ25号〕に併結__★_東京－盛岡間は3025B〔はやぶさ25号〕に併結_,東京－盛岡間は3025B〔はやぶさ25号〕に併結__★_東京－盛岡間は3025B〔はやぶさ25号〕に併結_,東京－盛岡間は3025B〔はやぶさ25号〕に併結__★_東京－盛岡間は3025B〔はやぶさ25号〕に併結_,東京－盛岡間は3025B〔はやぶさ25号〕に併結__★_東京－盛岡間は3025B〔はやぶさ25号〕に併結_,,,,東京－盛岡間は5059B〔はやぶさ59号〕に併結__★_東京－盛岡間は5059B〔はやぶさ59号〕に併結_,,,,,,,,,東京－盛岡間は3027B〔はやぶさ27号〕に併結__★_東京－盛岡間は3027B〔はやぶさ27号〕に併結_,東京－盛岡間は3027B〔はやぶさ27号〕に併結__★_東京－盛岡間は3027B〔はやぶさ27号〕に併結_,東京－盛岡間は3027B〔はやぶさ27号〕に併結__★_東京－盛岡間は3027B〔はやぶさ27号〕に併結_,東京－盛岡間は3027B〔はやぶさ27号〕に併結__★_東京－盛岡間は3027B〔はやぶさ27号〕に併結_,,,,東京－盛岡間は5061B〔はやぶさ61号〕に併結__★_東京－盛岡間は5061B〔はやぶさ61号〕に併結_,,,,,,,,,,,東京－盛岡間は3031B〔はやぶさ31号〕に併結__★_東京－盛岡間は3031B〔はやぶさ31号〕に併結_,東京－盛岡間は3031B〔はやぶさ31号〕に併結__★_東京－盛岡間は3031B〔はやぶさ31号〕に併結_,東京－盛岡間は3031B〔はやぶさ31号〕に併結__★_東京－盛岡間は3031B〔はやぶさ31号〕に併結_,,,,,,東京－盛岡間は5033B〔はやぶさ33号〕に併結__★_東京－盛岡間は5033B〔はやぶさ33号〕に併結_,,,,,東京－福島間は145B〔やまびこ145号〕に併結__★_東京－福島間は145B〔やまびこ145号〕に併結_,,,,,東京－盛岡間は3035B〔はやぶさ35号〕に併結__★_東京－盛岡間は3035B〔はやぶさ35号〕に併結_,東京－盛岡間は3035B〔はやぶさ35号〕に併結__★_東京－盛岡間は3035B〔はやぶさ35号〕に併結_,東京－盛岡間は3035B〔はやぶさ35号〕に併結__★_東京－盛岡間は3035B〔はやぶさ35号〕に併結_,東京－盛岡間は3035B〔はやぶさ35号〕に併結__★_東京－盛岡間は3035B〔はやぶさ35号〕に併結_,,,,東京－盛岡間は5065B〔はやぶさ65号〕に併結__★_東京－盛岡間は5065B〔はやぶさ65号〕に併結_,,,,,,東京－福島間は149B〔やまびこ149号〕に併結__★_東京－福島間は149B〔やまびこ149号〕に併結_,,,東京－盛岡間は3039B〔はやぶさ39号〕に併結__★_東京－盛岡間は3039B〔はやぶさ39号〕に併結_,東京－盛岡間は3039B〔はやぶさ39号〕に併結__★_東京－盛岡間は3039B〔はやぶさ39号〕に併結_,東京－盛岡間は3039B〔はやぶさ39号〕に併結__★_東京－盛岡間は3039B〔はやぶさ39号〕に併結_,,,,東京－盛岡間は8067B〔はやぶさ67号〕に併結__★_東京－盛岡間は8067B〔はやぶさ67号〕に併結_,,,,,,,,,,東京－盛岡間は3041B〔はやぶさ41号〕に併結__★_東京－盛岡間は3041B〔はやぶさ41号〕に併結_,東京－盛岡間は3041B〔はやぶさ41号〕に併結__★_東京－盛岡間は3041B〔はやぶさ41号〕に併結_,東京－盛岡間は3041B〔はやぶさ41号〕に併結__★_東京－盛岡間は3041B〔はやぶさ41号〕に併結_,,,,,東京－福島間は8195B〔やまびこ195号〕に併結__★_東京－福島間は8195B〔やまびこ195号〕に併結_,,,,,東京－福島間は157B〔やまびこ157号〕に併結__★_東京－福島間は157B〔やまびこ157号〕に併結_,,東京－盛岡間は3043B〔はやぶさ43号〕に併結__★_東京－盛岡間は3043B〔はやぶさ43号〕に併結_,東京－盛岡間は3043B〔はやぶさ43号〕に併結__★_東京－盛岡間は3043B〔はやぶさ43号〕に併結_,,,,,,,東京－盛岡間は3045B〔はやぶさ45号〕に併結__★_東京－盛岡間は3045B〔はやぶさ45号〕に併結_,,,,,,,,,,,,,,
東京番線_東京番線,,,,,,,,,,,(20),,,,(23),,(21),(21),,,(23),(20),(20),,,(22),(20),,(22),(22),,(22),,(21),(23),(22),,(21),(22),(21),,(23),(22),(22),,(23),(22),,(20),,(21),(21),(23),(20),,(20),,(22),,(20),(20),,(21),,,,(23),(21),,(22),(22),(21),(23),,(23),,(20),(20),,(21),(20),,(21),(20),(21),(21),,,(20),,(21),(21),,(20),(21),,,(23),(23),(23),(21),,(21),,(20),,(20),(23),(23),,(21),(22),(22),(23),,,,(22),(23),(23),,,(22),(23),(23),(22),(22),,(23),(20),(22),,,,,(20),(22),(20),,(21),,(20),(20),,(22),(21),(20),,,,,(21),(20),(21),,(21),(23),,(22),(21),(21),,(20),(23),(21),,,,(23),(21),(21),(23),(23),,(23),(22),,(23),,(21),,(22),(23),,,,,(22),(23),(22),,(22),(20),,(21),(22),,(20),(22),,,,(21),(22),(21),,(21),(20),,(23),(21),(21),,(22),(21),,,,(23),(21),(23),(20),,(22),(23),(21),(20),,(23),,,(22),(21),(23),,(22),(22),,(20),(21),(22),(23),(23),,(21),(21),(20),(22),(21),(20),(20),(21)
東京_東京,発,,,,,,,,,,0600,,,,0604,,0612,0612,,,0620,0632,0632,,,0640,0648,,0656,0656,,0656,,0700,0708,0712,,0716,0728,0732,,0740,0744,0744,,0756,0800,,0808,,0820,0820,0828,0840,,0840,,0848,,0856,0856,,0908,,,,0916,0924,,0936,0936,0940,0948,,1000,,1004,1004,,1012,1020,,1028,1036,1044,1044,,,1052,,1100,1100,,1108,1120,,,1128,1128,1128,1136,,1152,,1156,,1156,1200,1200,,1208,1212,1212,1220,,,,1228,1236,1244,,,1244,1244,1252,1300,1300,,1308,1312,1320,,,,,1328,1336,1344,,1348,,1400,1400,,1408,1412,1420,,,,,1428,1436,1444,,1444,1448,,1456,1500,1500,,1508,1512,1520,,,,1528,1536,1536,1544,1544,,1544,1548,,1600,,1608,,1612,1620,,,,,1628,1636,1644,,1644,1648,,1656,1700,,1716,1720,,,,1728,1736,1744,,1744,1748,,1756,1800,1800,,1808,1820,,,,1828,1836,1844,1848,,1856,1900,1908,1916,,1920,,,1928,1940,1952,,2000,2016,,2020,2028,2032,2044,2044,,2056,2112,2124,2136,2144,2200,2216,2244
上野番線_上野番線,,,,,,,,,,,(20),,,,(20),,(20),(20),,,(20),(20),(20),,,(20),(20),,(20),(20),,(20),,(20),(20),(20),,(20),(20),(20),,(20),(20),(20),(22),(20),(20),,(20),,↓,↓,(20),(20),,(20),,(20),(19),(20),(20),,(20),,,,(20),↓,,↓,↓,(20),(20),,(20),,(20),(20),,(20),(20),,(20),(20),(20),(20),,,(20),,(20),(20),,(20),(20),,,(20),(20),(20),(20),(19),(20),,(20),,(20),(20),(20),,(20),(20),(20),(20),,,,(20),(20),(20),,,(20),(20),(20),(20),(20),,(20),(20),(20),,,,,(20),(20),(20),,(20),,(20),(20),,(20),(20),(20),,,,,(20),(20),(20),,(20),(20),,(20),(20),(20),,(20),(20),(20),,,,(20),(20),(20),(20),(20),,(20),(20),,(20),,(20),,(20),(20),,,,,(20),(20),(20),,(20),(20),,(20),(20),,(20),(20),,,,(20),(20),(20),,(20),(20),,(20),(20),(20),,(20),(20),,,,(20),(20),(20),(20),,(20),(20),(20),(20),,(20),,,(20),(20),(20),,(20),(20),,(20),(20),(20),(20),(20),,(20),(20),(20),↓,(20),(20),(20),(20)
上野_上野,発,,,,,,,,,,0606,,,,0610,,0618,0618,,,0626,0638,0638,,,0646,0654,,0702,0702,,0702,,0706,0714,0718,,0722,0734,0738,,0746,0750,0750,0756,0802,0806,,0814,,レ,レ,0834,0846,,0846,,0854,0856,0902,0902,,0914,,,,0922,レ,,レ,レ,0946,0954,,1006,,1010,1010,,1018,1026,,1034,1042,1050,1050,,,1058,,1106,1106,,1114,1126,,,1134,1134,1134,1142,1148,1158,,1202,,1202,1206,1206,,1214,1218,1218,1226,,,,1234,1242,1250,,,1250,1250,1258,1306,1306,,1314,1318,1326,,,,,1334,1342,1350,,1354,,1406,1406,,1414,1418,1426,,,,,1434,1442,1450,,1450,1454,,1502,1506,1506,,1514,1518,1526,,,,1534,1542,1542,1550,1550,,1550,1554,,1606,,1614,,1618,1626,,,,,1634,1642,1650,,1650,1654,,1702,1706,,1722,1726,,,,1734,1742,1750,,1750,1754,,1802,1806,1806,,1814,1826,,,,1834,1842,1850,1854,,1902,1906,1914,1922,,1926,,,1934,1946,1958,,2006,2022,,2026,2034,2038,2050,2050,,2102,2118,2130,レ,2150,2206,2222,2250
大宮_大宮,発,,,,,,,,,,0625,,,,0629,,0637,0637,,,0645,0657,0657,,,0705,0713,,0721,0721,,0721,,0725,0733,0737,,0741,0753,0757,,0805,0809,0809,0815,0821,0825,,0833,,0843,0843,0853,0905,,0905,,0913,0916,0921,0921,,0932,,,,0941,0947,,0959,0959,1005,1013,,1025,,1029,1029,,1037,1045,,1053,1101,1109,1109,,,1117,,1125,1125,,1133,1145,,,1153,1153,1153,1201,1207,1217,,1221,,1221,1225,1225,,1233,1237,1237,1245,,,,1253,1301,1309,,,1309,1309,1317,1325,1325,,1333,1337,1345,,,,,1353,1401,1409,,1413,,1425,1425,,1433,1437,1445,,,,,1453,1501,1509,,1509,1513,,1521,1525,1525,,1533,1537,1545,,,,1553,1601,1601,1609,1609,,1609,1613,,1625,,1633,,1637,1645,,,,,1653,1701,1709,,1709,1713,,1721,1725,,1741,1745,,,,1753,1801,1809,,1809,1813,,1821,1825,1825,,1833,1845,,,,1853,1901,1909,1913,,1921,1925,1933,1941,,1945,,,1953,2005,2017,,2025,2041,,2045,2053,2057,2109,2109,,2121,2137,2149,2159,2209,2225,2241,2310
小山_小山,発,,,,,,,,,,レ,,,,レ,,レ,レ,,,0702,レ,レ,,,0722,レ,,レ,レ,,レ,,0741,レ,レ,,レ,レ,レ,,レ,0827,12月29～31日はこの時刻に変更__0829_12月29～31日はこの時刻に変更_,レ,レ,レ,,レ,,レ,レ,0909,レ,,レ,,レ,レ,レ,レ,,レ,,,,0957,レ,,レ,レ,レ,レ,,レ,,レ,レ,,1053,レ,,レ,レ,レ,レ,,,レ,,レ,レ,,1153,レ,,,レ,レ,レ,レ,レ,レ,,レ,,レ,レ,レ,,レ,1253,1253,レ,,,,レ,レ,レ,,,レ,レ,レ,レ,レ,,レ,1353,レ,,,,,レ,レ,レ,,レ,,レ,レ,,レ,1453,レ,,,,,レ,レ,レ,,レ,レ,,レ,レ,レ,,レ,1553,レ,,,,レ,レ,レ,レ,レ,,レ,レ,,レ,,レ,,1653,レ,,,,,レ,レ,レ,,レ,レ,,レ,レ,,1759,レ,,,,レ,1818,レ,,レ,レ,,レ,レ,レ,,1850,レ,,,,レ,1917,レ,レ,,レ,1942,レ,レ,,レ,,,2010,レ,レ,,2041,レ,,レ,2112,レ,レ,レ,,2137,2153,2206,レ,レ,2242,2258,2326
宇都宮_宇都宮,発,,,,,,,,,,レ,,,,0653,,0701,0701,,,0718,レ,レ,,,0736,レ,,レ,レ,,レ,,0754,レ,0803,,レ,0819,レ,,0829,0843,0843,レ,レ,レ,,0904,,レ,レ,0921,レ,,レ,,0939,レ,0945,0945,,レ,,,,1011,レ,,レ,レ,1031,1037,,1051,,レ,レ,,1107,レ,,1117,1130,レ,レ,,,レ,,1149,1149,,1207,レ,,,レ,レ,レ,1228,レ,1243,,レ,,レ,1249,1249,,1257,1307,1307,レ,,,,レ,1330,レ,,,レ,レ,1343,1349,1349,,1357,1407,レ,,,,,レ,1429,レ,,1443,,1449,1449,,1457,1507,レ,,,,,レ,1530,レ,,レ,1543,,レ,1549,1549,,1557,1607,レ,,,,レ,1629,1629,レ,レ,,レ,1643,,1649,,1657,,1707,レ,,,,,レ,1730,レ,,レ,1741,,レ,1749,,1811,レ,,,,1817,1832,レ,,レ,1841,,レ,1849,1849,,1905,レ,,,,1917,1931,レ,1945,,レ,1954,1959,2008,,レ,,,2025,レ,レ,,2053,レ,,2110,2123,レ,2133,2133,,2149,2205,2221,レ,2234,2253,2310,2338
那須塩原_那須塩原,発,,,,,,,,,,レ,,0631,0631,レ,,レ,レ,,,0732,レ,レ,,,0753,レ,,レ,レ,,レ,,0808,レ,レ,,レ,レ,レ,,レ,0900,0900,レ,レ,レ,,レ,,レ,レ,0938,レ,,レ,,レ,レ,レ,レ,,レ,,,,1029,レ,,レ,レ,レ,レ,,レ,,レ,レ,,1123,レ,,レ,レ,レ,レ,,,レ,,レ,レ,,1223,レ,,,レ,レ,レ,レ,レ,レ,,レ,,レ,レ,レ,,レ,1325,1325,レ,,,,レ,レ,レ,,,レ,レ,レ,レ,レ,,レ,1423,レ,,,,,レ,レ,レ,,レ,,レ,レ,,レ,1523,レ,,,,,レ,レ,レ,,レ,レ,,レ,レ,レ,,レ,1623,レ,,,,レ,レ,レ,レ,レ,,レ,レ,,レ,,レ,,1723,レ,,,,,レ,レ,レ,,レ,レ,,レ,レ,,1824,レ,,,,レ,1854,レ,,レ,レ,,レ,レ,レ,,1919,レ,,,,レ,1950,レ,レ,,レ,2008,レ,レ,,レ,,,2039,レ,レ,,2106,レ,,レ,2136,レ,レ,レ,,2204,2219,2235,レ,レ,2307,2324,2352
新白河_新白河,発,,,,,,,,,,レ,,0642,0642,レ,,レ,レ,,,0743,レ,レ,,,0808,レ,,レ,レ,,レ,,＝,レ,レ,,レ,レ,レ,,レ,0910,0910,レ,レ,レ,,レ,,レ,レ,0948,レ,,レ,,レ,レ,レ,レ,,レ,,,,1040,レ,,レ,レ,レ,レ,,レ,,レ,レ,,1136,レ,,レ,レ,レ,レ,,,レ,,レ,レ,,1236,レ,,,レ,レ,レ,レ,レ,レ,,レ,,レ,レ,レ,,レ,1336,1336,レ,,,,レ,レ,レ,,,レ,レ,レ,レ,レ,,レ,1436,レ,,,,,レ,レ,レ,,レ,,レ,レ,,レ,1536,レ,,,,,レ,レ,レ,,レ,レ,,レ,レ,レ,,レ,1636,レ,,,,レ,レ,レ,レ,レ,,レ,レ,,レ,,レ,,1736,レ,,,,,レ,レ,レ,,レ,レ,,レ,レ,,＝,レ,,,,1837,1911,レ,,レ,レ,,レ,レ,レ,,＝,レ,,,,レ,2001,レ,レ,,レ,＝,2021,レ,,レ,,,2050,レ,レ,,＝,レ,,レ,＝,レ,レ,レ,,2215,＝,＝,レ,2254,＝,＝,＝
郡山_郡山,発,,,,,,,,,,レ,,0654,0654,0724,,0730,0730,,0741,0756,レ,レ,,,0823,0805,,レ,レ,,レ,,,レ,0831,,レ,0848,レ,,0857,0925,0925,レ,レ,レ,,0932,,レ,レ,0959,レ,,レ,,1007,レ,1016,1016,,レ,,,,1051,レ,,レ,レ,1059,1105,,1119,,レ,レ,,1151,レ,,レ,1158,レ,レ,,,レ,,1218,1218,,1248,レ,,,レ,レ,1245,1256,レ,レ,,レ,,レ,1318,1318,,1327,1351,1351,レ,,,,レ,1358,レ,,,レ,レ,1411,1418,1418,,1427,1447,レ,,,,,レ,1457,レ,,レ,,1518,1518,,1527,1551,レ,,,,,レ,1558,レ,,レ,レ,,レ,1618,1618,,1627,1647,レ,,,,レ,1657,1657,レ,レ,,レ,レ,,1718,,1727,,1750,レ,,,,,レ,1802,レ,,レ,レ,,レ,1818,,,レ,,,,1854,1928,レ,,レ,レ,,レ,1918,1918,,,レ,,,,1945,2013,レ,2019,,レ,,2033,2038,,レ,,,2102,レ,レ,,,レ,,2141,,レ,2202,2202,,2227,,,レ,2307,,,
福島_福島,着,,,,,,,,,,レ,,0707,0707,0737,,0744,0744,┐,0754,0809,レ,レ,,,0836,0819,┐,レ,レ,,レ,,,レ,0844,┐,レ,0901,レ,,0910,0938,0938,レ,レ,0929,┐,0945,┐,レ,レ,＝,レ,,レ,,1020,レ,1030,1030,┐,レ,,,,＝,1045,┐,レ,レ,1112,1119,┐,1132,┐,レ,レ,,1204,レ,,1154,1212,レ,レ,,,1220,┐,1231,1231,┐,＝,レ,,,レ,レ,1258,1309,レ,1320,┐,レ,,レ,1331,1331,┐,1340,1404,1404,レ,,,,レ,1411,レ,,,レ,レ,1424,1431,1431,┐,1440,＝,レ,,,,,レ,1510,レ,,1520,┐,1531,1531,┐,1540,1604,レ,,,,,レ,1611,レ,,レ,1620,┐,レ,1631,1631,┐,1640,＝,レ,,,,レ,1710,1710,レ,レ,,レ,1720,┐,1731,┐,1740,,1803,レ,,,,,レ,1816,レ,,レ,1821,┐,レ,1831,┐,,レ,,,,1908,1941,レ,,レ,1922,┐,レ,1931,1931,┐,,レ,,,,1958,2026,レ,2032,┐,レ,,2045,2053,┐,レ,,,2116,レ,2125,┐,,レ,,2154,,レ,2215,2215,┐,2241,,,レ,2320,,,
福島_福島,発,,,,,,,,,,||,,||,||,||,,||,,0748,||,||,||,||,,,||,,0822,||,||,,||,,,||,||,0848,||,||,||,,||,||,||,||,||,,0933,||,0949,||,||,,||,,||,,||,||,||,,1033,||,,,,,||,1048,||,||,||,||,1122,||,1135,||,||,,||,||,,||,||,||,||,,,,1222,||,,1235,,||,,,||,||,||,||,||,,1323,||,,||,||,,1336,||,||,||,||,,,,||,||,||,,,||,||,||,||,,1435,||,,||,,,,,||,||,||,,,1523,||,,1535,||,||,||,,,,,||,||,||,,||,,1622,||,||,,1635,||,,||,,,,||,||,||,||,||,,||,,1722,||,1735,||,,||,||,,,,,||,||,||,,||,,1824,||,||,1836,,||,,,,||,||,||,,||,,1924,||,||,,1937,,||,,,,||,||,||,||,2036,||,,||,||,2056,||,,,||,||,,2128,,||,,||,,||,||,,2219,||,,,||,||,,,
米沢_米沢,発,,,,,,,,,,||,,||,||,||,,||,,0820,||,||,||,||,,,||,,0856,||,||,,||,,,||,||,0926,||,||,||,,||,||,||,||,||,,1004,||,1025,||,||,,||,,||,,||,||,||,,1105,||,,,,,||,1121,||,||,||,||,1155,||,1210,||,||,,||,||,,||,||,||,||,,,,1254,||,,1307,,||,,,||,||,||,||,||,,1355,||,,||,||,,1409,||,||,||,||,,,,||,||,||,,,||,||,||,||,,1512,||,,||,,,,,||,||,||,,,1554,||,,1612,||,||,||,,,,,||,||,||,,||,,1655,||,||,,1707,||,,||,,,,||,||,||,||,||,,||,,1755,||,1808,||,,||,||,,,,,||,||,||,,||,,1857,||,||,1909,,||,,,,||,||,||,,||,,1956,||,||,,2012,,||,,,,||,||,||,||,2117,||,,||,||,2128,||,,,||,||,,2200,,||,,||,,||,||,,2251,||,,,||,||,,,
高畠_高畠,発,,,,,,,,,,||,,||,||,||,,||,,0830,||,||,||,||,,,||,,0905,||,||,,||,,,||,||,レ,||,||,||,,||,||,||,||,||,,1012,||,1037,||,||,,||,,||,,||,||,||,,レ,||,,,,,||,レ,||,||,||,||,1203,||,レ,||,||,,||,||,,||,||,||,||,,,,1302,||,,1315,,||,,,||,||,||,||,||,,1402,||,,||,||,,レ,||,||,||,||,,,,||,||,||,,,||,||,||,||,,1520,||,,||,,,,,||,||,||,,,1602,||,,レ,||,||,||,,,,,||,||,||,,||,,1706,||,||,,1717,||,,||,,,,||,||,||,||,||,,||,,1802,||,レ,||,,||,||,,,,,||,||,||,,||,,1904,||,||,1917,,||,,,,||,||,||,,||,,2004,||,||,,レ,,||,,,,||,||,||,||,2125,||,,||,||,レ,||,,,||,||,,2208,,||,,||,,||,||,,2259,||,,,||,||,,,
赤湯_赤湯,発,,,,,,,,,,||,,||,||,||,,||,,0835,||,||,||,||,,,||,,0910,||,||,,||,,,||,||,レ,||,||,||,,||,||,||,||,||,,1017,||,1042,||,||,,||,,||,,||,||,||,,1115,||,,,,,||,レ,||,||,||,||,1208,||,1221,||,||,,||,||,,||,||,||,||,,,,1307,||,,1320,,||,,,||,||,||,||,||,,1407,||,,||,||,,1420,||,||,||,||,,,,||,||,||,,,||,||,||,||,,1526,||,,||,,,,,||,||,||,,,1607,||,,1627,||,||,||,,,,,||,||,||,,||,,1711,||,||,,1722,||,,||,,,,||,||,||,||,||,,||,,1807,||,1819,||,,||,||,,,,,||,||,||,,||,,1909,||,||,1922,,||,,,,||,||,||,,||,,2008,||,||,,2023,,||,,,,||,||,||,||,2130,||,,||,||,レ,||,,,||,||,,2213,,||,,||,,||,||,,2304,||,,,||,||,,,
かみのやま温泉_かみのやま温泉,発,,,,,,,,,,||,,||,||,||,,||,,0848,||,||,||,||,,,||,,0929,||,||,,||,,,||,||,レ,||,||,||,,||,||,||,||,||,,1030,||,1055,||,||,,||,,||,,||,||,||,,1128,||,,,,,||,レ,||,||,||,||,1221,||,1235,||,||,,||,||,,||,||,||,||,,,,1320,||,,1334,,||,,,||,||,||,||,||,,1421,||,,||,||,,1433,||,||,||,||,,,,||,||,||,,,||,||,||,||,,1540,||,,||,,,,,||,||,||,,,1620,||,,1640,||,||,||,,,,,||,||,||,,||,,1730,||,||,,1736,||,,||,,,,||,||,||,||,||,,||,,1822,||,1834,||,,||,||,,,,,||,||,||,,||,,1929,||,||,1936,,||,,,,||,||,||,,||,,2022,||,||,,2038,,||,,,,||,||,||,||,2143,||,,||,||,レ,||,,,||,||,,2227,,||,,||,,||,||,,2317,||,,,||,||,,,
山形_山形,着,,,,,,,,,,||,,||,||,||,,||,,0857,||,||,||,||,,,||,,0938,||,||,,||,,,||,||,1006,||,||,||,,||,||,||,||,||,,1039,||,1104,||,||,,||,,||,,||,||,||,,1137,||,,,,,||,1150,||,||,||,||,1230,||,1244,||,||,,||,||,,||,||,||,||,,,,1329,||,,1344,,||,,,||,||,||,||,||,,1431,||,,||,||,,1442,||,||,||,||,,,,||,||,||,,,||,||,||,||,,1550,||,,||,,,,,||,||,||,,,1629,||,,1649,||,||,||,,,,,||,||,||,,||,,1739,||,||,,1746,||,,||,,,,||,||,||,||,||,,||,,1832,||,1843,||,,||,||,,,,,||,||,||,,||,,1938,||,||,1945,,||,,,,||,||,||,,||,,2031,||,||,,2047,,||,,,,||,||,||,||,2152,||,,||,||,2157,||,,,||,||,,2236,,||,,||,,||,||,,2326,||,,,||,||,,,
山形_山形,発,,,,,,,,,,||,,||,||,||,0701,||,,0859,||,||,||,||,,,||,,0940,||,||,,||,,,||,||,1008,||,||,||,,||,||,||,||,||,,,||,,||,||,,||,,||,,||,||,||,,,||,,,,,||,1152,||,||,||,||,1232,||,1246,||,||,,||,||,,||,||,||,||,,,,,||,,,,||,,,||,||,||,||,||,,,||,,||,||,,1444,||,||,||,||,,,,||,||,||,,,||,||,||,||,,,||,,||,,,,,||,||,||,,,,||,,1651,||,||,||,,,,,||,||,||,,||,,,||,||,,,||,,||,,,,||,||,||,||,||,,||,,,||,1845,||,,||,||,,,,,||,||,||,,||,,1940,||,||,,,||,,,,||,||,||,,||,,,||,||,,,,||,,,,||,||,||,||,,||,,||,||,2159,||,,,||,||,,,,||,,||,,||,||,,,||,,,||,||,,,
天童_天童,発,,,,,,,,,,||,,||,||,||,0710,||,,0917,||,||,||,||,,,||,,0950,||,||,,||,,,||,||,1021,||,||,||,,||,||,||,||,||,,,||,,||,||,,||,,||,,||,||,||,,,||,,,,,||,1202,||,||,||,||,1243,||,1258,||,||,,||,||,,||,||,||,||,,,,,||,,,,||,,,||,||,||,||,||,,,||,,||,||,,1455,||,||,||,||,,,,||,||,||,,,||,||,||,||,,,||,,||,,,,,||,||,||,,,,||,,1703,||,||,||,,,,,||,||,||,,||,,,||,||,,,||,,||,,,,||,||,||,||,||,,||,,,||,1855,||,,||,||,,,,,||,||,||,,||,,1950,||,||,,,||,,,,||,||,||,,||,,,||,||,,,,||,,,,||,||,||,||,,||,,||,||,2210,||,,,||,||,,,,||,,||,,||,||,,,||,,,||,||,,,
さくらんぼ東根_さくらんぼ東根,発,,,,,,,,,,||,,||,||,||,0716,||,,0923,||,||,||,||,,,||,,0956,||,||,,||,,,||,||,1026,||,||,||,,||,||,||,||,||,,,||,,||,||,,||,,||,,||,||,||,,,||,,,,,||,1207,||,||,||,||,1248,||,1303,||,||,,||,||,,||,||,||,||,,,,,||,,,,||,,,||,||,||,||,||,,,||,,||,||,,1501,||,||,||,||,,,,||,||,||,,,||,||,||,||,,,||,,||,,,,,||,||,||,,,,||,,1709,||,||,||,,,,,||,||,||,,||,,,||,||,,,||,,||,,,,||,||,||,||,||,,||,,,||,1900,||,,||,||,,,,,||,||,||,,||,,1956,||,||,,,||,,,,||,||,||,,||,,,||,||,,,,||,,,,||,||,||,||,,||,,||,||,2216,||,,,||,||,,,,||,,||,,||,||,,,||,,,||,||,,,
村山_村山,発,,,,,,,,,,||,,||,||,||,0721,||,,0927,||,||,||,||,,,||,,1005,||,||,,||,,,||,||,1031,||,||,||,,||,||,||,||,||,,,||,,||,||,,||,,||,,||,||,||,,,||,,,,,||,1212,||,||,||,||,1253,||,1308,||,||,,||,||,,||,||,||,||,,,,,||,,,,||,,,||,||,||,||,||,,,||,,||,||,,1507,||,||,||,||,,,,||,||,||,,,||,||,||,||,,,||,,||,,,,,||,||,||,,,,||,,1714,||,||,||,,,,,||,||,||,,||,,,||,||,,,||,,||,,,,||,||,||,||,||,,||,,,||,1907,||,,||,||,,,,,||,||,||,,||,,2001,||,||,,,||,,,,||,||,||,,||,,,||,||,,,,||,,,,||,||,||,||,,||,,||,||,2221,||,,,||,||,,,,||,,||,,||,||,,,||,,,||,||,,,
大石田_大石田,発,,,,,,,,,,||,,||,||,||,0731,||,,0941,||,||,||,||,,,||,,1014,||,||,,||,,,||,||,1040,||,||,||,,||,||,||,||,||,,,||,,||,||,,||,,||,,||,||,||,,,||,,,,,||,1221,||,||,||,||,1302,||,1317,||,||,,||,||,,||,||,||,||,,,,,||,,,,||,,,||,||,||,||,||,,,||,,||,||,,1516,||,||,||,||,,,,||,||,||,,,||,||,||,||,,,||,,||,,,,,||,||,||,,,,||,,1727,||,||,||,,,,,||,||,||,,||,,,||,||,,,||,,||,,,,||,||,||,||,||,,||,,,||,1916,||,,||,||,,,,,||,||,||,,||,,2012,||,||,,,||,,,,||,||,||,,||,,,||,||,,,,||,,,,||,||,||,||,,||,,||,||,2230,||,,,||,||,,,,||,,||,,||,||,,,||,,,||,||,,,
新庄_新庄,着,,,,,,,,,,||,,||,||,||,0746,||,,0955,||,||,||,||,,,||,,1028,||,||,,||,,,||,||,1054,||,||,||,,||,||,||,||,||,,,||,,||,||,,||,,||,,||,||,||,,,||,,,,,||,1235,||,||,||,||,1316,||,1331,||,||,,||,||,,||,||,||,||,,,,,||,,,,||,,,||,||,||,||,||,,,||,,||,||,,1530,||,||,||,||,,,,||,||,||,,,||,||,||,||,,,||,,||,,,,,||,||,||,,,,||,,1741,||,||,||,,,,,||,||,||,,||,,,||,||,,,||,,||,,,,||,||,||,||,||,,||,,,||,1930,||,,||,||,,,,,||,||,||,,||,,2026,||,||,,,||,,,,||,||,||,,||,,,||,||,,,,||,,,,||,||,||,||,,||,,||,||,2245,||,,,||,||,,,,||,,||,,||,||,,,||,,,||,||,,,
福島_福島,発,,,,,,,,,,レ,,0708,0708,0738,,0749,,,0755,0814,レ,レ,,,0837,,,レ,レ,,レ,,,レ,0852,,レ,0905,レ,,0915,0939,0939,レ,レ,,,0950,,レ,レ,,レ,,レ,,1023,レ,1035,,,レ,,,,,1050,,レ,レ,1113,1125,,1137,,レ,レ,,1205,レ,,1200,1217,レ,レ,,,,,1236,,,,レ,,,レ,レ,1304,1313,レ,,,レ,,レ,1338,,,1349,1405,1405,レ,,,,レ,1417,レ,,,レ,レ,1425,1437,,,1449,,レ,,,,,レ,1511,レ,,,,1537,,,1548,1605,レ,,,,,レ,1617,レ,,レ,,,レ,1636,,,1649,,レ,,,,レ,1711,12月29・30日はこの時刻に変更__1713_12月29・30日はこの時刻に変更_,レ,レ,,レ,,,1737,,1749,,1804,レ,,,,,レ,1817,レ,,レ,,,レ,1837,,,レ,,,,1917,1942,レ,,レ,,,レ,1938,,,,レ,,,,2003,2027,レ,2038,,レ,,2046,2057,,レ,,,2117,レ,,,,レ,,2155,,レ,2220,,,2242,,,レ,2321,,,
白石蔵王_白石蔵王,発,,,,,,,,,,レ,,0720,12月29～31日・1月2～5・19・26日はこの時刻に変更__0722_12月29～31日・1月2～5・19・26日はこの時刻に変更_,レ,,レ,,,0806,0829,レ,レ,,,レ,,,レ,レ,,レ,,,レ,0904,,レ,レ,レ,,レ,0951,0951,レ,レ,,,レ,,レ,レ,,レ,,レ,,1035,レ,レ,,,レ,,,,,レ,,レ,レ,1129,レ,,レ,,レ,レ,,1217,レ,,レ,レ,レ,レ,,,,,レ,,,,レ,,,レ,レ,レ,1324,レ,,,レ,,レ,レ,,,レ,1416,1416,レ,,,,レ,レ,レ,,,レ,レ,レ,レ,,,レ,,レ,,,,,レ,1524,レ,,,,レ,,,レ,1616,レ,,,,,レ,レ,レ,,レ,,,レ,レ,,,レ,,レ,,,,レ,1724,12月29・30日はこの時刻に変更__1725_12月29・30日はこの時刻に変更_,レ,レ,,レ,,,1751,,レ,,レ,レ,,,,,レ,レ,レ,,レ,,,レ,1849,,,レ,,,,レ,1954,レ,,レ,,,レ,レ,,,,レ,,,,レ,レ,レ,レ,,レ,,レ,2109,,レ,,,レ,レ,,,,レ,,2206,,レ,レ,,,レ,,,レ,2332,,,
仙台_仙台,着,,,,,,,,,,0732,,0734,12月29～31日・1月2～5・19・26日はこの時刻に変更__0735_12月29～31日・1月2～5・19・26日はこの時刻に変更_,0758,,0810,,,0820,0844,0803,0803,,,0858,,,0829,0829,,0829,,,0840,0918,,0849,0926,0904,,0938,1005,1005,0922,0930,,,1011,,0950,0950,,1015,,1015,,1048,1027,1056,,,1039,,,,,1113,,1106,1106,1143,1148,,1157,,1139,1139,,1231,1152,,1220,1238,1215,1215,,,,,1256,,,,1251,,,1300,1300,1324,1338,1318,,,1330,,1330,1402,,,1412,1430,12月29～31日はこの時刻に変更__1429_12月29～31日はこの時刻に変更_,1351,,,,1406,1438,1417,,,1417,1417,1447,1457,,,1512,,1451,,,,,1501,1539,1517,,,,1557,,,1612,1630,1551,,,,,1605,1638,1617,,1617,,,1634,1657,,,1713,,1651,,,,1701,1739,1739,1717,1717,,1717,,,1806,,1812,,1825,1751,,,,,1802,1838,1817,,1817,,,1829,1903,,,1852,,,,1937,2008,1916,,1916,,,1929,1959,,,,1951,,,,2023,2048,2017,2059,,2028,,2106,2123,,2052,,,2138,2113,,,,2147,,2220,,2206,2242,,,2302,,,2306,2346,,,
仙台番線_仙台番線,,,,,,(12),(12),,(11),(11),(11),,(12),12月29～31日・1月2～5・19・26日はこの時刻に変更__(12)_12月29～31日・1月2～5・19・26日はこの時刻に変更_,(11),,(11),,,(12),(11),(12),(12),,,(11),,,(11),(11),,(11),,,(11),(12),,(12),(11),(12),,(11),(11),(11),(11),(11),,,(14),,(12),(12),,(12),,(12),,(12),(12),(12),,,(12),,,,,(13),,(11),(11),(12),(12),,(11),,(11),(12),,(12),(12),,(12),(11),(12),(12),,,,,(14),,,,(12),,,(11),(11),(11),(11),(12),,,(11),,(11),(14),,,(12),(12),12月29～31日はこの時刻に変更__(12)_12月29～31日はこの時刻に変更_,(12),,,,(12),(11),(12),,,(11),(12),(11),(14),,,(12),,(12),,,,,(12),(11),(12),,,,(14),,,(11),(11),(12),,,,,(12),(12),(12),,(11),,,(12),(14),,,(11),,(12),,,,(12),(11),(11),(11),(12),,(11),,,(14),,(12),(12),(12),(12),,,,,(11),(12),(12),,(12),,,(11),(12),,,(11),,,,(12),(11),(11),,(11),,,(11),(14),,,,(11),,,,(12),(11),(12),(12),,(11),,(11),(12),,(12),,,(11),(11),,,,(12),,(12),,(11),(11),,,(11),,,(14),(12),,,
仙台_仙台,発,,,,,0640,0640,,0706,0706,0733,,,,0800,,,,,,,0805,0805,,,,,,0830,0830,,0830,,,0842,,,0850,0928,0905,,,,,0924,0936,,,,,0951,0951,,1016,,1016,,1050,1028,,,,1041,,,,,,,1107,1107,1145,,,,,,1141,,,1154,,1221,1239,1217,1217,,,,,,,,,1253,,,1302,1302,1326,1340,1320,,,1332,,1332,,,,1414,,,1353,,,,1407,1439,1419,,,,1419,,,,,1514,,1453,,,,,1503,1540,1519,,,,,,,1614,,1553,,,,,1607,1639,1619,,1619,,,1635,,,,1714,,1653,,,,1702,1740,1740,,1719,,1719,,,,,1814,1814,1828,1753,,,,,1804,,1818,,1818,,,,,,,1854,,,,,,1918,,1918,,,1930,,,,,1953,,,,2030,,2019,,,,,2107,,,2054,,,,2114,,,,2148,,2221,,,,,,,,,,,,,
古川_古川,発,,,,,0653,0653,,0721,0721,レ,,,,0817,,,,,,,レ,レ,,,,,,レ,レ,,レ,,,レ,,,0903,0941,レ,,,,,レ,0949,,,,,レ,レ,,レ,,レ,,1103,レ,,,,レ,,,,,,,レ,レ,1205,,,,,,レ,,,レ,,1237,1252,レ,レ,,,,,,,,,レ,,,1316,1316,1343,1353,レ,,,レ,,レ,,,,1430,,,レ,,,,1420,1452,レ,,,,レ,,,,,1530,,レ,,,,,1516,1553,レ,,,,,,,1630,,レ,,,,,レ,1652,レ,,レ,,,レ,,,,1730,,レ,,,,レ,1753,1753,,レ,,レ,,,,,1831,1831,1843,レ,,,,,レ,,レ,,レ,,,,,,,レ,,,,,,レ,,レ,,,1944,,,,,レ,,,,2043,,レ,,,,,2121,,,レ,,,,2127,,,,レ,,2235,,,,,,,,,,,,,
くりこま高原_くりこま高原,発,,,,,0703,0703,,0731,0731,レ,,,,0826,,,,,,,レ,レ,,,,,,レ,レ,,レ,,,レ,,,0912,レ,レ,,,,,レ,0958,,,,,レ,レ,,レ,,レ,,1113,レ,,,,レ,,,,,,,レ,レ,1214,,,,,,レ,,,レ,,1247,1302,レ,レ,,,,,,,,,レ,,,レ,レ,1352,1402,レ,,,レ,,レ,,,,1439,,,レ,,,,レ,1502,レ,,,,レ,,,,,1539,,レ,,,,,レ,1603,レ,,,,,,,1639,,レ,,,,,レ,1702,レ,,レ,,,レ,,,,1739,,レ,,,,レ,1803,1803,,レ,,レ,,,,,1840,1840,1853,レ,,,,,レ,,レ,,レ,,,,,,,レ,,,,,,レ,,レ,,,1953,,,,,レ,,,,2052,,レ,,,,,レ,,,レ,,,,2136,,,,レ,,2244,,,,,,,,,,,,,
一ノ関_一ノ関,発,,,,,0712,0712,,0740,0740,レ,,,,0836,,,,,,,レ,レ,,,,,,レ,レ,,レ,,,レ,,,0925,0956,レ,,,,,0948,1011,,,,,レ,レ,,レ,,レ,,1127,レ,,,,レ,,,,,,,レ,レ,1228,,,,,,レ,,,レ,,1258,1314,1238,1238,,,,,,,,,レ,,,1329,1329,1401,1414,レ,,,レ,,レ,,,,1448,,,レ,,,,1440,1514,レ,,,,レ,,,,,1548,,レ,,,,,1529,1614,レ,,,,,,,1648,,レ,,,,,レ,1714,レ,,レ,,,1657,,,,1748,,レ,,,,レ,1814,1814,,レ,,レ,,,,,1849,1849,1902,レ,,,,,レ,,レ,,レ,,,,,,,レ,,,,,,レ,,レ,,,2002,,,,,レ,,,,2101,,レ,,,,,2136,,,レ,,,,2145,,,,レ,,2253,,,,,,,,,,,,,
水沢江刺_水沢江刺,発,,,,,0722,0722,,0751,0751,レ,,,,0846,,,,,,,レ,レ,,,,,,レ,レ,,レ,,,レ,,,0935,レ,レ,,,,,レ,1021,,,,,レ,レ,,レ,,レ,,1138,レ,,,,レ,,,,,,,レ,レ,1238,,,,,,レ,,,レ,,1309,1324,レ,レ,,,,,,,,,レ,,,レ,レ,1411,1424,レ,,,レ,,レ,,,,1458,,,レ,,,,レ,1524,レ,,,,レ,,,,,1558,,レ,,,,,レ,1624,レ,,,,,,,1658,,レ,,,,,レ,1724,レ,,レ,,,レ,,,,1758,,レ,,,,レ,1824,1824,,レ,,レ,,,,,1900,1900,1912,レ,,,,,レ,,レ,,レ,,,,,,,レ,,,,,,レ,,レ,,,2012,,,,,レ,,,,2111,,レ,,,,,レ,,,レ,,,,2155,,,,レ,,2303,,,,,,,,,,,,,
北上_北上,発,,,,,0730,0730,,0800,12月29～31日・1月2～5・19・26日はこの時刻に変更__0801_12月29～31日・1月2～5・19・26日はこの時刻に変更_,レ,,,,0858,,,,,,,レ,レ,,,,,,レ,レ,,レ,,,レ,,,0943,1010,レ,,,,,レ,1029,,,,,レ,レ,,レ,,レ,,1146,レ,,,,レ,,,,,,,レ,レ,1250,,,,,,レ,,,レ,,1322,1333,レ,レ,,,,,,,,,レ,,,1343,1343,1423,1433,レ,,,レ,,レ,,,,1509,,,レ,,,,1453,1533,レ,,,,レ,,,,,1609,,レ,,,,,1548,1635,レ,,,,,,,1709,,レ,,,,,レ,1734,レ,,レ,,,レ,,,,1809,,レ,,,,レ,1835,1835,,レ,,レ,,,,,1908,1908,1924,レ,,,,,レ,,レ,,レ,,,,,,,レ,,,,,,レ,,レ,,,2024,,,,,レ,,,,2123,,レ,,,,,2150,,,レ,,,,2203,,,,レ,,2311,,,,,,,,,,,,,
新花巻_新花巻,発,,,,,0738,0738,,0808,12月29～31日・1月2～5・19・26日はこの時刻に変更__0809_12月29～31日・1月2～5・19・26日はこの時刻に変更_,レ,,,,0906,,,,,,,レ,レ,,,,,,レ,レ,,レ,,,レ,,,0951,レ,レ,,,,,レ,1037,,,,,レ,レ,,レ,,レ,,1154,レ,,,,レ,,,,,,,レ,レ,1259,,,,,,レ,,,レ,,1330,1342,レ,レ,,,,,,,,,レ,,,レ,レ,1430,1442,レ,,,レ,,レ,,,,1517,,,レ,,,,レ,1542,レ,,,,レ,,,,,1617,,レ,,,,,レ,1643,レ,,,,,,,1717,,レ,,,,,レ,1742,レ,,レ,,,レ,,,,1817,,レ,,,,レ,1843,1843,,レ,,レ,,,,,1916,1916,1932,レ,,,,,レ,,レ,,レ,,,,,,,レ,,,,,,レ,,レ,,,2032,,,,,レ,,,,2132,,レ,,,,,レ,,,レ,,,,2211,,,,レ,,2319,,,,,,,,,,,,,
盛岡_盛岡,着,,,,,0749,0749,┐,0820,0820,0813,┐,,,0917,,,,,,,0844,0844,┐,┐,,,,0910,0910,┐,0910,┐,,0924,,,1002,1025,0944,┐,,,,1014,1048,,,,,1030,1030,,1055,┐,1055,┐,1206,1108,,,,1120,┐,┐,┐,,,,1146,1146,1312,,,,,,1220,┐,,1232,┐,1341,1354,1301,1301,┐,┐,,,,,,,1332,┐,┐,1358,12月29～31日・2月10・23日はこの時刻に変更__1359_12月29～31日・2月10・23日はこの時刻に変更_,1442,1454,1403,,,1411,┐,1411,,,,1528,,,1432,┐,┐,┐,1507,1554,1458,┐,┐,,1458,,,,,1628,,1532,┐,┐,┐,┐,1605,1654,1558,┐,,,,,,1728,,1633,┐,┐,┐,┐,1646,1754,1658,┐,1658,,,1720,,,,1828,,1732,┐,┐,┐,1746,1854,1854,,1758,┐,1758,,,,,1928,1928,1944,1833,┐,┐,┐,┐,1846,,1858,┐,1858,,,,,,,1933,┐,┐,┐,,,1957,┐,1957,,,2044,,,,,2033,┐,┐,┐,2144,,2058,,,,,2206,,,2133,┐,┐,,2222,,,,2227,┐,2331,,,,,,,,,,,,,
盛岡番線_盛岡番線,,,,(14),(14),(14),(14),(14),(13),(13),(14),(14),,,(12),,,,,,,(14),(14),(14),(14),,,,(14),(14),(14),(14),(14),,(14),,,(13),(11),(14),(14),,,,(14),(12),,,,,(14),(14),,(14),(14),(14),(14),(13),(14),,,,(14),(14),(14),(14),,,,(14),(14),(12),,,,,,(14),(14),,(14),(14),(14),(13),(14),(14),(14),(14),,,,,,,(14),(14),(14),(14),12月29～31日・2月10・23日はこの時刻に変更__(14)_12月29～31日・2月10・23日はこの時刻に変更_,(14),(12),(14),,,(14),(14),(14),,,,(13),,,(14),(14),(14),(14),(14),(13),(14),(14),(14),,(14),,,,,(12),,(14),(14),(14),(14),(14),(14),(12),(14),(14),,,,,,(13),,(14),(14),(14),(14),(14),(14),(13),(14),(14),(14),,,(14),,,,(12),,(14),(14),(14),(14),(14),(13),(13),,(14),(14),(14),,,,,(12),(12),(13),(14),(14),(14),(14),(14),(14),,(14),(14),(14),,,,,,,(14),(14),(14),(14),,,(14),(14),(14),,,(13),,,,,(14),(14),(14),(14),(13),,(14),,,,,(14),,,(14),(14),(14),,(13),,,,(14),(14),(13),,,,,,,,,,,,,
盛岡_盛岡,発,,,0654,0654,0759,0759,||,,,0817,||,,,,,,,,,,0850,0850,||,||,,,,0914,0914,||,0914,||,,0925,,,,,0948,||,,,,1019,,,,,,1031,1031,,1059,||,1059,||,,1109,,,,1126,||,||,||,,,,1147,1147,,,,,,,1224,||,,1237,||,,,1305,1305,||,||,,,,,,,1337,||,||,1359,12月29～31日・2月10・23日はこの時刻に変更__1400_12月29～31日・2月10・23日はこの時刻に変更_,,,1404,,,1415,||,1415,,,,,,,1437,||,||,||,1509,,1502,||,||,,1502,,,,,,,1537,||,||,||,||,,,1602,||,,,,,,,,1637,||,||,||,||,1653,,1702,||,1702,,,1721,,,,,,1737,||,||,||,1753,,,,1802,||,1802,,,,,,,,1837,||,||,||,||,1850,,1902,||,1902,,,,,,,1937,||,||,||,,,2002,||,2002,,,,,,,,2037,||,||,||,,,,,,,,,,,2138,||,||,,,,,,2231,||,,,,,,,,,,,,,,
いわて沼宮内_いわて沼宮内,発,,,レ,レ,0811,0811,||,,,レ,||,,,,,,,,,,レ,レ,||,||,,,,レ,レ,||,レ,||,,レ,,,,,1000,||,,,,レ,,,,,,レ,レ,,レ,||,レ,||,,レ,,,,1138,||,||,||,,,,レ,レ,,,,,,,レ,||,,レ,||,,,レ,レ,||,||,,,,,,,1349,||,||,レ,12月29～31日・2月10・23日はこの時刻に変更__レ_12月29～31日・2月10・23日はこの時刻に変更_,,,レ,,,レ,||,レ,,,,,,,レ,||,||,||,レ,,レ,||,||,,レ,,,,,,,1549,||,||,||,||,,,レ,||,,,,,,,,レ,||,||,||,||,レ,,レ,||,レ,,,レ,,,,,,1749,||,||,||,レ,,,,レ,||,レ,,,,,,,,レ,||,||,||,||,レ,,レ,||,レ,,,,,,,1949,||,||,||,,,レ,||,レ,,,,,,,,レ,||,||,||,,,,,,,,,,,レ,||,||,,,,,,2244,||,,,,,,,,,,,,,,
二戸_二戸,発,,,0715,0715,0823,0823,||,,,0838,||,,,,,,,,,,0910,0910,||,||,,,,レ,レ,||,レ,||,,レ,,,,,1013,||,,,,1040,,,,,,レ,レ,,レ,||,レ,||,,レ,,,,1150,||,||,||,,,,レ,レ,,,,,,,1245,||,,レ,||,,,レ,レ,||,||,,,,,,,1402,||,||,レ,12月29～31日・2月10・23日はこの時刻に変更__レ_12月29～31日・2月10・23日はこの時刻に変更_,,,レ,,,レ,||,レ,,,,,,,レ,||,||,||,1530,,1524,||,||,,1524,,,,,,,1602,||,||,||,||,,,レ,||,,,,,,,,レ,||,||,||,||,レ,,1722,||,1722,,,1742,,,,,,1801,||,||,||,レ,,,,1822,||,1822,,,,,,,,1858,||,||,||,||,レ,,1923,||,1923,,,,,,,2001,||,||,||,,,2023,||,2023,,,,,,,,2058,||,||,||,,,,,,,,,,,レ,||,||,,,,,,2256,||,,,,,,,,,,,,,,
八戸_八戸,発,,,0726,0726,0835,0835,||,,,0850,||,,,,,,,,,,0922,0922,||,||,,,,0944,0944,||,0944,||,,0954,,,,,1025,||,,,,1051,,,,,,レ,レ,,1127,||,1127,||,,1137,,,,1202,||,||,||,,,,レ,レ,,,,,,,1256,||,,1306,||,,,1334,1334,||,||,,,,,,,1414,||,||,1427,12月29～31日・2月10・23日はこの時刻に変更__1428_12月29～31日・2月10・23日はこの時刻に変更_,,,1433,,,1444,||,1444,,,,,,,1505,||,||,||,1543,,1536,||,||,,1536,,,,,,,1614,||,||,||,||,,,1630,||,,,,,,,,1705,||,||,||,||,レ,,1734,||,1734,,,1753,,,,,,1812,||,||,||,レ,,,,1834,||,1834,,,,,,,,1909,||,||,||,||,レ,,1935,||,1935,,,,,,,2013,||,||,||,,,2034,||,2034,,,,,,,,2109,||,||,||,,,,,,,,,,,2206,||,||,,,,,,2308,||,,,,,,,,,,,,,,
七戸十和田_七戸十和田,発,,,0739,0739,0847,0847,||,,,0902,||,,,,,,,,,,0934,0934,||,||,,,,レ,レ,||,レ,||,,レ,,,,,1037,||,,,,レ,,,,,,レ,レ,,レ,||,レ,||,,レ,,,,1214,||,||,||,,,,レ,レ,,,,,,,1309,||,,レ,||,,,レ,レ,||,||,,,,,,,1427,||,||,レ,レ,,,レ,,,レ,||,レ,,,,,,,レ,||,||,||,1556,,1549,||,||,,1549,,,,,,,1627,||,||,||,||,,,レ,||,,,,,,,,レ,||,||,||,||,レ,,1747,||,1747,,,1806,,,,,,1825,||,||,||,レ,,,,1847,||,1847,,,,,,,,1922,||,||,||,||,レ,,レ,||,レ,,,,,,,2025,||,||,||,,,レ,||,レ,,,,,,,,2122,||,||,||,,,,,,,,,,,レ,||,||,,,,,,2321,||,,,,,,,,,,,,,,
新青森_新青森,発,0632,12月30日～1月4日はこの時刻に変更__0635_12月30日～1月4日はこの時刻に変更_,0756,0756,0904,0904,||,,,0917,||,,,,,,,,,,0951,0951,||,||,,,,1009,1009,||,1007,||,,1017,,,,,1052,||,,,,1115,,,,,,1120,1120,,1151,||,1153,||,,1200,,,,1229,||,||,||,,,,1236,1236,,,,,,,1324,||,,1329,||,,,1359,1359,||,||,,,,,,,1443,||,||,1451,1451,,,1457,,,1507,||,1507,,,,,,,1531,||,||,||,1611,,1605,||,||,,1605,,,,,,,1645,||,||,||,||,,,1654,||,,,,,,,,1732,||,||,||,||,1741,,1802,||,1802,,,1821,,,,,,1841,||,||,||,1846,,,,1902,||,1902,,,,,,,,1937,||,||,||,||,1940,,1958,||,1958,,,,,,,2042,||,||,||,,,2058,||,2058,,,,,,,,2137,||,||,||,,,,,,,,,,,2232,||,||,,,,,,2336,||,,,,,,,,,,,,,,
奥津軽いまべつ_奥津軽いまべつ,発,0648,12月30日～1月4日はこの時刻に変更__0651_12月30日～1月4日はこの時刻に変更_,0812,0812,レ,レ,||,,,＝,||,,,,,,,,,,1007,1007,||,||,,,,レ,レ,||,＝,||,,＝,,,,,＝,||,,,,＝,,,,,,レ,レ,,＝,||,レ,||,,＝,,,,＝,||,||,||,,,,レ,レ,,,,,,,＝,||,,＝,||,,,1415,1415,||,||,,,,,,,＝,||,||,＝,＝,,,＝,,,＝,||,＝,,,,,,,レ,||,||,||,＝,,＝,||,||,,＝,,,,,,,1701,||,||,||,||,,,＝,||,,,,,,,,レ,||,||,||,||,＝,,＝,||,＝,,,＝,,,,,,1858,||,||,||,＝,,,,＝,||,＝,,,,,,,,＝,||,||,||,||,＝,,＝,||,＝,,,,,,,2058,||,||,||,,,＝,||,＝,,,,,,,,＝,||,||,||,,,,,,,,,,,レ,||,||,,,,,,＝,||,,,,,,,,,,,,,,
木古内_木古内,発,0722,0722,0846,12月30日～1月4日はこの時刻に変更__0843_12月30日～1月4日はこの時刻に変更_,レ,レ,||,,,,||,,,,,,,,,,1041,12月30日～1月4日はこの時刻に変更__1038_12月30日～1月4日はこの時刻に変更_,||,||,,,,1054,12月29日・2月10日はこの時刻に変更__1057_12月29日・2月10日はこの時刻に変更_,||,,||,,,,,,,,||,,,,,,,,,,レ,レ,,,||,1240,||,,,,,,,||,||,||,,,,レ,レ,,,,,,,,||,,,||,,,1449,12月31日～1月4日はこの時刻に変更__1446_12月31日～1月4日はこの時刻に変更_,||,||,,,,,,,,||,||,,,,,,,,,||,,,,,,,,1618,||,||,||,,,,||,||,,,,,,,,,1735,||,||,||,||,,,,||,,,,,,,,レ,||,||,||,||,,,,||,,,,,,,,,,1931,||,||,||,,,,,,||,,,,,,,,,,||,||,||,||,,,,||,,,,,,,,2132,||,||,||,,,,||,,,,,,,,,,||,||,||,,,,,,,,,,,レ,||,||,,,,,,,||,,,,,,,,,,,,,,
新函館北斗_新函館北斗,着,0734,0734,0858,12月30日～1月4日はこの時刻に変更__0855_12月30日～1月4日はこの時刻に変更_,1001,12月30日～1月4日はこの時刻に変更__0958_12月30日～1月4日はこの時刻に変更_,||,,,,||,,,,,,,,,,1053,12月30日～1月4日はこの時刻に変更__1050_12月30日～1月4日はこの時刻に変更_,||,||,,,,1106,12月29日・2月10日はこの時刻に変更__1109_12月29日・2月10日はこの時刻に変更_,||,,||,,,,,,,,||,,,,,,,,,,1217,12月30日～1月4日はこの時刻に変更__1214_12月30日～1月4日はこの時刻に変更_,,,||,1252,||,,,,,,,||,||,||,,,,1333,12月31日～1月4日はこの時刻に変更__1330_12月31日～1月4日はこの時刻に変更_,,,,,,,,||,,,||,,,1501,12月31日～1月4日はこの時刻に変更__1458_12月31日～1月4日はこの時刻に変更_,||,||,,,,,,,,||,||,,,,,,,,,||,,,,,,,,1630,||,||,||,,,,||,||,,,,,,,,,1747,||,||,||,||,,,,||,,,,,,,,1829,||,||,||,||,,,,||,,,,,,,,,,1944,||,||,||,,,,,,||,,,,,,,,,,||,||,||,||,,,,||,,,,,,,,2144,||,||,||,,,,||,,,,,,,,,,||,||,||,,,,,,,,,,,2329,||,||,,,,,,,||,,,,,,,,,,,,,,
新函館北斗番線_新函館北斗番線,,(12),(12),(12),12月30日～1月4日はこの時刻に変更__(12)_12月30日～1月4日はこの時刻に変更_,(12),12月30日～1月4日はこの時刻に変更__(12)_12月30日～1月4日はこの時刻に変更_,↓,,,,↓,,,,,,,,,,(12),12月30日～1月4日はこの時刻に変更__(12)_12月30日～1月4日はこの時刻に変更_,↓,↓,,,,(12),12月29日・2月10日はこの時刻に変更__(12)_12月29日・2月10日はこの時刻に変更_,↓,,↓,,,,,,,,↓,,,,,,,,,,(12),12月30日～1月4日はこの時刻に変更__(12)_12月30日～1月4日はこの時刻に変更_,,,↓,(12),↓,,,,,,,↓,↓,↓,,,,(12),12月31日～1月4日はこの時刻に変更__(12)_12月31日～1月4日はこの時刻に変更_,,,,,,,,↓,,,↓,,,(12),12月31日～1月4日はこの時刻に変更__(12)_12月31日～1月4日はこの時刻に変更_,↓,↓,,,,,,,,↓,↓,,,,,,,,,↓,,,,,,,,(12),↓,↓,↓,,,,↓,↓,,,,,,,,,(12),↓,↓,↓,↓,,,,↓,,,,,,,,(12),↓,↓,↓,↓,,,,↓,,,,,,,,,,(12),↓,↓,↓,,,,,,↓,,,,,,,,,,↓,↓,↓,↓,,,,↓,,,,,,,,(12),↓,↓,↓,,,,↓,,,,,,,,,,↓,↓,↓,,,,,,,,,,,(12),↓,↓,,,,,,,↓,,,,,,,,,,,,,,
盛岡_盛岡,発,,,,,,,0758,,,,0815,,,,,,,,,,,,0848,0848,,,,,,0912,,0912,,,,,,,,0946,,,,,,,,,,,,,,1057,,1057,,,,,,,1123,1123,1123,,,,,,,,,,,,,1222,,,1235,,,,,1303,1303,,,,,,,,1335,1335,,,,,,,,,1414,,,,,,,,,1435,1435,1435,,,,1501,1501,,,,,,,,,,1535,1535,1535,1535,,,,1600,,,,,,,,,1635,1635,1635,1635,,,,1700,,,,,,,,,,,1735,1735,1735,,,,,,1800,,,,,,,,,,1835,1835,1835,1835,,,,1901,,,,,,,,,1935,1935,1935,,,,2000,,,,,,,,,,2035,2035,2035,,,,,,,,,,,,2136,2136,,,,,,,2230,,,,,,,,,,,,,,
雫石_雫石,発,,,,,,,レ,,,,レ,,,,,,,,,,,,レ,レ,,,,,,レ,,レ,,,,,,,,レ,,,,,,,,,,,,,,レ,,レ,,,,,,,1138,1月5日はこの時刻に変更__1139_1月5日はこの時刻に変更_,1月2～4日はこの時刻に変更__1139_1月2～4日はこの時刻に変更_,,,,,,,,,,,,,レ,,,1249,,,,,レ,レ,,,,,,,,レ,レ,,,,,,,,,レ,,,,,,,,,レ,レ,レ,,,,レ,レ,,,,,,,,,,レ,レ,レ,レ,,,,1612,,,,,,,,,レ,レ,レ,レ,,,,レ,,,,,,,,,,,1748,12月28～31日・1月6日・2月10・23日はこの時刻に変更__1753_12月28～31日・1月6日・2月10・23日はこの時刻に変更_,1月2～4日はこの時刻に変更__1752_1月2～4日はこの時刻に変更_,,,,,,レ,,,,,,,,,,レ,レ,レ,レ,,,,レ,,,,,,,,,レ,レ,レ,,,,レ,,,,,,,,,,2048,11月26日・12月28～30日・2月12・25日はこの時刻に変更__2049_11月26日・12月28～30日・2月12・25日はこの時刻に変更_,2048,,,,,,,,,,,,レ,レ,,,,,,,レ,,,,,,,,,,,,,,
田沢湖_田沢湖,発,,,,,,,0832,,,,0858,,,,,,,,,,,,0922,0922,,,,,,0944,,0944,,,,,,,,1026,,,,,,,,,,,,,,1128,,1129,,,,,,,1202,1月5日はこの時刻に変更__1202_1月5日はこの時刻に変更_,1月2～4日はこの時刻に変更__1203_1月2～4日はこの時刻に変更_,,,,,,,,,,,,,1254,,,1311,,,,,1335,12月26～31日はこの時刻に変更__1336_12月26～31日はこの時刻に変更_,,,,,,,,1407,11月26日・1月2～5・8日・2月12・25日はこの時刻に変更__1413_11月26日・1月2～5・8日・2月12・25日はこの時刻に変更_,,,,,,,,,1443,,,,,,,,,1511,12月25～31日・1月6日・2月10・23日はこの時刻に変更__1512_12月25～31日・1月6日・2月10・23日はこの時刻に変更_,11月26日・1月2～5・8日・2月12・25日はこの時刻に変更__1515_11月26日・1月2～5・8日・2月12・25日はこの時刻に変更_,,,,1535,1535,,,,,,,,,,1607,12月25～31日・2月10・23日はこの時刻に変更__1608_12月25～31日・2月10・23日はこの時刻に変更_,1月2～4・8日・2月12・25日はこの時刻に変更__1611_1月2～4・8日・2月12・25日はこの時刻に変更_,11月26日・1月5日はこの時刻に変更__1611_11月26日・1月5日はこの時刻に変更_,,,,1640,,,,,,,,,1712,12月25～27日・2月10・23日はこの時刻に変更__1713_12月25～27日・2月10・23日はこの時刻に変更_,12月24・28～31日はこの時刻に変更__1713_12月24・28～31日はこの時刻に変更_,1月2～4・8日・2月12・25日はこの時刻に変更__1716_1月2～4・8日・2月12・25日はこの時刻に変更_,,,,1738,,,,,,,,,,,1809,12月28～31日・1月6日・2月10・23日はこの時刻に変更__1813_12月28～31日・1月6日・2月10・23日はこの時刻に変更_,1月2～4日はこの時刻に変更__1812_1月2～4日はこの時刻に変更_,,,,,,1846,,,,,,,,,,1912,12月28日はこの時刻に変更__1916_12月28日はこの時刻に変更_,12月29・30日はこの時刻に変更__1916_12月29・30日はこの時刻に変更_,1月2～4日はこの時刻に変更__1914_1月2～4日はこの時刻に変更_,,,,1935,,,,,,,,,2007,11月26日・12月28～31日・2月12・25日はこの時刻に変更__2013_11月26日・12月28～31日・2月12・25日はこの時刻に変更_,1月2～4日はこの時刻に変更__2012_1月2～4日はこの時刻に変更_,,,,2032,,,,,,,,,,2111,11月26日・12月28～30日・2月12・25日はこの時刻に変更__2118_11月26日・12月28～30日・2月12・25日はこの時刻に変更_,1月2～4日はこの時刻に変更__2115_1月2～4日はこの時刻に変更_,,,,,,,,,,,,2206,11月26日・12月28～30日・1月8日・2月12・25日はこの時刻に変更__2211_11月26日・12月28～30日・1月8日・2月12・25日はこの時刻に変更_,,,,,,,レ,,,,,,,,,,,,,,
角館_角館,発,,,,,,,0846,,,,0919,,,,,,,,,,,,0935,0935,,,,,,1000,,1000,,,,,,,,1040,,,,,,,,,,,,,,1142,,1142,,,,,,,1218,1月5日はこの時刻に変更__1220_1月5日はこの時刻に変更_,1月2～4日はこの時刻に変更__1221_1月2～4日はこの時刻に変更_,,,,,,,,,,,,,1308,,,1325,,,,,1353,1353,,,,,,,,1421,11月26日・1月2～5・8日・2月12・25日はこの時刻に変更__1426_11月26日・1月2～5・8日・2月12・25日はこの時刻に変更_,,,,,,,,,1458,,,,,,,,,1525,12月25～31日・1月6日・2月10・23日はこの時刻に変更__1525_12月25～31日・1月6日・2月10・23日はこの時刻に変更_,11月26日・1月2～5・8日・2月12・25日はこの時刻に変更__1533_11月26日・1月2～5・8日・2月12・25日はこの時刻に変更_,,,,1554,1554,,,,,,,,,,1621,12月25～31日・2月10・23日はこの時刻に変更__1622_12月25～31日・2月10・23日はこの時刻に変更_,1月2～4・8日・2月12・25日はこの時刻に変更__1627_1月2～4・8日・2月12・25日はこの時刻に変更_,11月26日・1月5日はこの時刻に変更__1624_11月26日・1月5日はこの時刻に変更_,,,,1701,,,,,,,,,1728,12月25～27日・2月10・23日はこの時刻に変更__1729_12月25～27日・2月10・23日はこの時刻に変更_,12月24・28～31日はこの時刻に変更__1731_12月24・28～31日はこの時刻に変更_,1月2～4・8日・2月12・25日はこの時刻に変更__1733_1月2～4・8日・2月12・25日はこの時刻に変更_,,,,1800,,,,,,,,,,,1822,12月28～31日・1月6日・2月10・23日はこの時刻に変更__1826_12月28～31日・1月6日・2月10・23日はこの時刻に変更_,1月2～4日はこの時刻に変更__1826_1月2～4日はこの時刻に変更_,,,,,,1902,,,,,,,,,,1927,12月28日はこの時刻に変更__1929_12月28日はこの時刻に変更_,12月29・30日はこの時刻に変更__1930_12月29・30日はこの時刻に変更_,1月2～4日はこの時刻に変更__1932_1月2～4日はこの時刻に変更_,,,,1949,,,,,,,,,2021,11月26日・12月28～31日・2月12・25日はこの時刻に変更__2026_11月26日・12月28～31日・2月12・25日はこの時刻に変更_,1月2～4日はこの時刻に変更__2026_1月2～4日はこの時刻に変更_,,,,2046,,,,,,,,,,2124,11月26日・12月28～30日・2月12・25日はこの時刻に変更__2131_11月26日・12月28～30日・2月12・25日はこの時刻に変更_,1月2～4日はこの時刻に変更__2128_1月2～4日はこの時刻に変更_,,,,,,,,,,,,2219,11月26日・12月28～30日・1月8日・2月12・25日はこの時刻に変更__2224_11月26日・12月28～30日・1月8日・2月12・25日はこの時刻に変更_,,,,,,,レ,,,,,,,,,,,,,,
大曲_大曲,発,,,,,,,0901,,,,0931,,,,,,,,,,,,0948,0948,,,,,,1012,,1012,,,,,,,,1052,,,,,,,,,,,,,,1154,,1156,,,,,,,1231,1月5日はこの時刻に変更__1232_1月5日はこの時刻に変更_,1月2～4日はこの時刻に変更__1233_1月2～4日はこの時刻に変更_,,,,,,,,,,,,,1320,,,1337,,,,,1412,1412,,,,,,,,1433,11月26日・1月2～5・8日・2月12・25日はこの時刻に変更__1438_11月26日・1月2～5・8日・2月12・25日はこの時刻に変更_,,,,,,,,,1510,,,,,,,,,1537,12月25～31日・1月6日・2月10・23日はこの時刻に変更__1542_12月25～31日・1月6日・2月10・23日はこの時刻に変更_,11月26日・1月2～5・8日・2月12・25日はこの時刻に変更__1545_11月26日・1月2～5・8日・2月12・25日はこの時刻に変更_,,,,1614,12月24～31日・2月10・23日はこの時刻に変更__1615_12月24～31日・2月10・23日はこの時刻に変更_,,,,,,,,,,1633,12月25～31日・2月10・23日はこの時刻に変更__1634_12月25～31日・2月10・23日はこの時刻に変更_,1月2～4・8日・2月12・25日はこの時刻に変更__1639_1月2～4・8日・2月12・25日はこの時刻に変更_,11月26日・1月5日はこの時刻に変更__1636_11月26日・1月5日はこの時刻に変更_,,,,1714,,,,,,,,,1741,12月25～27日・2月10・23日はこの時刻に変更__1747_12月25～27日・2月10・23日はこの時刻に変更_,12月24・28～31日はこの時刻に変更__1747_12月24・28～31日はこの時刻に変更_,1月2～4・8日・2月12・25日はこの時刻に変更__1746_1月2～4・8日・2月12・25日はこの時刻に変更_,,,,1818,,,,,,,,,,,1834,12月28～31日・1月6日・2月10・23日はこの時刻に変更__1839_12月28～31日・1月6日・2月10・23日はこの時刻に変更_,1月2～4日はこの時刻に変更__1838_1月2～4日はこの時刻に変更_,,,,,,1915,,,,,,,,,,1941,12月28日はこの時刻に変更__1947_12月28日はこの時刻に変更_,12月29・30日はこの時刻に変更__1947_12月29・30日はこの時刻に変更_,1月2～4日はこの時刻に変更__1947_1月2～4日はこの時刻に変更_,,,,2005,,,,,,,,,2033,11月26日・12月28～31日・2月12・25日はこの時刻に変更__2038_11月26日・12月28～31日・2月12・25日はこの時刻に変更_,1月2～4日はこの時刻に変更__2038_1月2～4日はこの時刻に変更_,,,,2103,,,,,,,,,,2136,11月26日・12月28～30日・2月12・25日はこの時刻に変更__2143_11月26日・12月28～30日・2月12・25日はこの時刻に変更_,1月2～4日はこの時刻に変更__2141_1月2～4日はこの時刻に変更_,,,,,,,,,,,,2232,11月26日・12月28～30日・1月8日・2月12・25日はこの時刻に変更__2236_11月26日・12月28～30日・1月8日・2月12・25日はこの時刻に変更_,,,,,,,2323,,,,,,,,,,,,,,
秋田_秋田,着,,,,,,,0932,,,,1003,,,,,,,,,,,,1024,1月2～5日はこの時刻に変更__1033_1月2～5日はこの時刻に変更_,,,,,,1055,,1055,,,,,,,,1125,,,,,,,,,,,,,,1230,,1231,,,,,,,1302,1月5日はこの時刻に変更__1309_1月5日はこの時刻に変更_,1月2～4日はこの時刻に変更__1309_1月2～4日はこの時刻に変更_,,,,,,,,,,,,,1352,,,1408,,,,,1448,1448,,,,,,,,1504,11月26日・1月2～5・8日・2月12・25日はこの時刻に変更__1511_11月26日・1月2～5・8日・2月12・25日はこの時刻に変更_,,,,,,,,,1550,,,,,,,,,1608,12月25～31日・1月6日・2月10・23日はこの時刻に変更__1613_12月25～31日・1月6日・2月10・23日はこの時刻に変更_,11月26日・1月2～5・8日・2月12・25日はこの時刻に変更__1616_11月26日・1月2～5・8日・2月12・25日はこの時刻に変更_,,,,1654,1654,,,,,,,,,,1708,12月25～31日・2月10・23日はこの時刻に変更__1714_12月25～31日・2月10・23日はこの時刻に変更_,1月2～4・8日・2月12・25日はこの時刻に変更__1713_1月2～4・8日・2月12・25日はこの時刻に変更_,11月26日・1月5日はこの時刻に変更__1713_11月26日・1月5日はこの時刻に変更_,,,,1751,,,,,,,,,1812,12月25～27日・2月10・23日はこの時刻に変更__1818_12月25～27日・2月10・23日はこの時刻に変更_,12月24・28～31日はこの時刻に変更__1818_12月24・28～31日はこの時刻に変更_,1月2～4・8日・2月12・25日はこの時刻に変更__1817_1月2～4・8日・2月12・25日はこの時刻に変更_,,,,1853,,,,,,,,,,,1906,12月28～31日・1月6日・2月10・23日はこの時刻に変更__1913_12月28～31日・1月6日・2月10・23日はこの時刻に変更_,1月2～4日はこの時刻に変更__1914_1月2～4日はこの時刻に変更_,,,,,,1949,,,,,,,,,,2012,12月28日はこの時刻に変更__2018_12月28日はこの時刻に変更_,12月29・30日はこの時刻に変更__2018_12月29・30日はこの時刻に変更_,1月2～4日はこの時刻に変更__2018_1月2～4日はこの時刻に変更_,,,,2038,,,,,,,,,2104,11月26日・12月28～31日・2月12・25日はこの時刻に変更__2110_11月26日・12月28～31日・2月12・25日はこの時刻に変更_,1月2～4日はこの時刻に変更__2110_1月2～4日はこの時刻に変更_,,,,2134,,,,,,,,,,2207,11月26日・12月28～30日・2月12・25日はこの時刻に変更__2214_11月26日・12月28～30日・2月12・25日はこの時刻に変更_,1月2～4日はこの時刻に変更__2211_1月2～4日はこの時刻に変更_,,,,,,,,,,,,2302,11月26日・12月28～30日・1月8日・2月12・25日はこの時刻に変更__2307_11月26日・12月28～30日・1月8日・2月12・25日はこの時刻に変更_,,,,,,,2353,,,,,,,,,,,,,,
車内販売,,,,,,,,,,,,,,,,,,○,○,,,○,○,○,○,,,,,,,,,,,,○,○,,○,○,,,,,○,,,,○,○,○,,○,○,,,,,,○,○,○,○,○,○,,,○,○,○,,,,,○,,,,,○,○,,,○,○,,,,,,○,○,,○,○,○,,,,,,,,,,,,○,○,,,,○,○,○,○,,,,,,,,,,○,○,,,○,○,○,○,○,,,,,,,,○,○,,,○,○,○,○,○,,,,,,,,,,○,○,,,○,○,○,○,,,,○,,,,,,,○,,,,○,○,○,○,○,,,,,,,,,,○,,○,○,○,○,,,,,,,,○,,○,○,,○,○,○,○,,,,,,,,,,○,○,○,○,,○,,,,○,○,,,,,,,,,,,,,,
